<?xml version="1.0" encoding="utf-8"?>
<COLLADA xmlns="http://www.collada.org/2005/11/COLLADASchema" version="1.4.1" xmlns:xsi="http://www.w3.org/2001/XMLSchema-instance">
  <asset>
    <contributor>
      <author>Blender User</author>
      <authoring_tool>Blender 3.3.21 commit date:2024-07-15, commit time:08:57, hash:e016c21db151</authoring_tool>
    </contributor>
    <created>2025-01-13T13:35:38</created>
    <modified>2025-01-13T13:35:38</modified>
    <unit name="meter" meter="1"/>
    <up_axis>Z_UP</up_axis>
  </asset>
  <library_effects>
    <effect id="mat_0-effect">
      <profile_COMMON>
        <technique sid="common">
          <lambert>
            <emission>
              <color sid="emission">0 0 0 1</color>
            </emission>
            <diffuse>
              <color sid="diffuse">0.05126946 0.05126946 0.05126946 1</color>
            </diffuse>
            <reflectivity>
              <float sid="specular">1</float>
            </reflectivity>
            <index_of_refraction>
              <float sid="ior">1.5</float>
            </index_of_refraction>
          </lambert>
        </technique>
      </profile_COMMON>
    </effect>
    <effect id="mat_7-effect">
      <profile_COMMON>
        <technique sid="common">
          <lambert>
            <emission>
              <color sid="emission">0 0 0 1</color>
            </emission>
            <diffuse>
              <color sid="diffuse">0.9046612 0.9046612 0.9046612 1</color>
            </diffuse>
            <reflectivity>
              <float sid="specular">1</float>
            </reflectivity>
            <index_of_refraction>
              <float sid="ior">1.5</float>
            </index_of_refraction>
          </lambert>
        </technique>
      </profile_COMMON>
    </effect>
  </library_effects>
  <library_images/>
  <library_materials>
    <material id="mat_0-material" name="mat_0">
      <instance_effect url="#mat_0-effect"/>
    </material>
    <material id="mat_7-material" name="mat_7">
      <instance_effect url="#mat_7-effect"/>
    </material>
  </library_materials>
  <library_geometries>
    <geometry id="fifth_wheel-mesh" name="fifth_wheel">
      <mesh>
        <source id="fifth_wheel-mesh-positions">
          <float_array id="fifth_wheel-mesh-positions-array" count="3705">-20.07877 11.16517 4.266006 15.37077 -2.680703 7.367432 16.4196 0.2118396 7.459206 14.17815 4.108951 7.263092 -20.07877 -10.74149 4.266006 -7.550171 -41.02919 5.362076 38.72188 -34.03817 9.410355 25.27193 -43.49192 8.233628 28.54266 43.03586 8.519822 41.02931 28.09799 9.612259 -7.550186 41.45288 5.362106 -17.51192 21.88257 4.49057 5.019836 -31.32653 6.461853 15.53459 -32.21751 7.381729 27.59773 -25.19511 8.437157 32.35869 12.46184 8.853684 27.59773 25.6188 8.437157 11.99577 32.96176 7.072159 -1.124832 28.22068 5.924255 -7.589951 19.04412 5.358627 -8.391892 18.75581 5.288467 -9.343522 19.20725 5.205223 -9.6129 19.79508 5.181656 -7.850647 24.05775 5.335831 12.00301 35.46175 7.0728 26.69278 30.05708 8.357987 34.50235 16.44848 9.04123 34.50235 -16.02478 9.04123 26.69278 -29.63341 8.357987 12.00299 -35.03806 7.072739 -2.717712 -29.7188 5.784897 -9.610672 -19.8055 5.181839 -9.467087 -18.96269 5.194412 -8.817444 -18.40972 5.251236 -8.175553 -18.35 5.307404 16.12821 27.21186 -8.105278 14.13492 27.21186 -9.237305 10.44345 27.21186 -8.602631 11.26183 27.21186 -7.344826 13.24403 27.21186 -7.875931 15.10385 27.21186 -7.008682 16.12821 -26.78816 -8.105294 12.6031 -26.78816 -9.371338 10.44347 -26.78816 -8.602646 15.10388 -26.78816 -7.008697 13.75903 -26.78816 -7.785164 11.26183 -26.78816 -7.344841 10.44347 -40.28816 -8.602646 14.13493 -40.28816 -9.237366 16.12821 -40.28816 -8.105294 11.26183 -40.28816 -7.344856 12.72111 -40.28816 -7.875961 15.10385 -40.28816 -7.00872 10.44345 40.71185 -8.602631 14.13492 40.71185 -9.237305 16.12821 40.71185 -8.105278 15.10385 40.71185 -7.008682 13.24403 40.71185 -7.875931 11.26183 40.71185 -7.344826 20.70503 23.21185 1.502792 20.46202 23.21185 0.1898803 20.46202 27.21186 0.1898803 20.70503 27.21185 1.502792 20.70503 27.21185 1.502792 20.70503 23.21185 1.502792 20.32964 27.21186 5.793632 20.32964 23.21185 5.793632 20.32964 27.21186 5.793632 3.89238 27.21185 4.355576 4.55571 27.21185 -0.9000473 16.12821 27.21186 -8.105278 10.44345 27.21186 -8.602631 20.58904 27.21185 0.5026779 11.26183 27.21186 -2.429901 10.5251 27.21186 -3.166634 10.08478 27.21185 -5.663803 11.26183 27.21186 -7.344826 15.10385 27.21186 -7.008682 15.97111 27.21184 -4.625877 15.10391 27.21185 -2.766022 13.24403 27.21185 -1.898788 4.735153 40.71185 -1.186035 4.267776 40.71185 0.06472778 4.267776 42.71078 0.06472778 4.735153 42.71185 -1.186035 4.735153 42.71185 -1.186035 4.735153 40.71185 -1.186035 6.187241 42.71185 -3.186432 6.187241 44.71185 -3.186432 9.340897 44.71185 -7.530838 9.340897 40.71185 -7.530838 4.735153 23.21185 -1.18605 4.267776 23.21185 0.06472778 4.267776 27.21185 0.06472778 4.735153 27.21185 -1.186035 4.267761 -22.78816 0.06465148 4.31987 -22.78816 -0.2689133 4.55571 -22.78816 -0.9000473 4.735153 -22.78816 -1.186081 4.735153 -26.78817 -1.186081 4.55571 -26.78817 -0.9000473 4.31987 -26.78817 -0.2689133 4.267761 -26.78817 0.06465148 3.89238 -22.78816 4.355515 4.267761 -22.78816 0.06465148 3.89238 -26.78817 4.355515 4.267761 -26.78817 0.06465148 4.55571 -26.78817 -0.9000473 16.12821 -26.78816 -8.105294 10.44347 -26.78816 -8.602646 20.58904 -26.78815 0.5026779 20.32964 -26.78817 5.793587 3.89238 -26.78817 4.355515 13.75905 -26.78817 -1.989609 15.10391 -26.78816 -2.766022 15.97115 -26.78816 -5.148819 15.10388 -26.78816 -7.008697 11.26183 -26.78816 -7.344841 10.08478 -26.78816 -5.663803 10.5251 -26.78816 -3.166649 11.71474 -26.78817 -2.168457 4.267761 -40.28816 0.06465148 4.735153 -40.28816 -1.186081 4.735153 -42.28816 -1.186081 4.267761 -42.28707 0.06465148 10.44347 -40.28816 -8.602646 16.12821 -40.28816 -8.105294 20.58904 -40.28816 0.5026779 20.32964 -40.28816 5.793587 3.89238 -40.28816 4.355515 4.55571 -40.28816 -0.9000473 11.71474 -40.28816 -2.168457 10.5251 -40.28816 -3.166649 10.08476 -40.28816 -5.663864 11.26183 -40.28816 -7.344856 15.10385 -40.28816 -7.00872 15.97111 -40.28816 -4.625916 15.10391 -40.28816 -2.766052 13.75905 -40.28816 -1.989609 3.89238 -40.28816 4.355515 4.267761 -40.28816 0.06465148 3.89238 -42.28707 4.355515 4.267761 -42.28707 0.06465148 20.46202 -22.78815 0.1898345 20.58904 -22.78815 0.5026779 20.67281 -22.78815 0.829773 20.70503 -22.78815 1.502716 20.70503 -26.78815 1.502716 20.67281 -26.78815 0.829773 20.58904 -26.78815 0.5026779 20.46202 -26.78815 0.1898345 20.46202 -40.28816 0.1898345 20.70503 -40.28816 1.502716 20.70503 -42.28815 1.502716 20.46202 -42.28815 0.1898345 3.946213 44.70097 -2.164566 3.946213 42.70003 -2.164566 6.187241 42.71185 -3.186432 6.187241 44.71185 -3.186432 3.946213 44.70097 -2.164566 -36.58891 29.27421 -5.710922 -37.1102 22.0617 -5.756531 -33.36943 15.72526 -5.42926 -15.30486 9.201094 -3.848846 -15.30486 11.3228 -3.848846 -32.30189 17.43585 -5.335869 -35.13542 22.32708 -5.583771 -34.90672 28.13886 -5.563751 -35.11189 27.88064 -5.581718 3.946213 42.70003 -2.164566 20.70503 -42.28815 1.502716 20.32964 -42.28816 5.793587 20.32964 -40.28816 5.793587 20.70503 -40.28816 1.502716 20.32964 -26.78817 5.793587 20.70503 -26.78815 1.502716 20.32964 -22.78816 5.793587 20.70503 -22.78815 1.502716 10.44347 -22.78816 -8.602646 16.12821 -22.78816 -8.105294 20.58904 -22.78815 0.5026779 20.32964 -22.78816 5.793587 3.89238 -22.78816 4.355515 4.55571 -22.78816 -0.9000473 11.71474 -22.78816 -2.168457 10.5251 -22.78816 -3.166634 10.08478 -22.78816 -5.663803 11.26183 -22.78816 -7.344841 15.10388 -22.78816 -7.008697 15.97115 -22.78816 -5.148819 15.10391 -22.78816 -2.766022 13.75905 -22.78816 -1.989609 3.89238 -42.28707 4.355515 -4.653854 -40.53738 3.607819 -4.087326 -40.53738 -2.867432 4.690598 -42.28816 -2.211136 4.579697 -42.28816 -0.9436951 4.690598 -42.28816 -2.211136 6.187241 -42.28815 -3.186462 3.946213 -42.27633 -2.164597 -35.11189 -27.45695 -5.581734 -34.90672 -27.71517 -5.563789 -35.13542 -21.9034 -5.583786 -32.21242 -16.92982 -5.328064 -15.30486 -10.89911 -3.848846 -15.30486 -8.77742 -3.848846 -33.36943 -15.30159 -5.429291 -37.1102 -21.63802 -5.756561 -36.82149 -28.50111 -5.731293 3.946213 -44.27727 -2.164597 20.32964 42.71185 5.793632 20.7654 42.71185 0.8126831 20.32964 40.71184 5.793632 20.7654 40.71185 0.8126831 4.267776 40.71185 0.06472778 4.267776 42.71078 0.06472778 3.89238 40.71184 4.355576 3.892349 42.71076 4.35556 4.55571 40.71185 -0.9000168 10.44345 40.71185 -8.602631 16.12821 40.71185 -8.105278 20.7654 40.71185 0.8126831 20.32964 40.71184 5.793632 3.89238 40.71184 4.355576 12.72111 40.71185 -1.898758 15.10391 40.71185 -2.766022 15.97111 40.71185 -4.625877 15.10385 40.71185 -7.008682 11.26183 40.71185 -7.344826 10.08478 40.71185 -5.663803 10.5251 40.71185 -3.166634 6.187241 42.71185 -3.186432 4.690598 42.71185 -2.211105 4.579697 42.71185 -0.9436646 4.690598 42.71185 -2.211105 -4.087326 40.96107 -2.867416 -4.653854 40.96107 3.607864 3.892349 42.71076 4.35556 -20.14912 10.67525 3.757935 -2.369827 4.355237 5.313416 -2.358978 4.4655 5.636993 -2.247147 4.826555 5.826065 -20.07877 11.16517 4.266006 -20.1709 10.79549 4.076538 -7.600327 -41.53139 4.855759 -5.547073 -42.38516 5.0354 -5.543335 -42.32326 5.286697 -5.400009 -41.92322 5.550186 -7.550171 -41.02919 5.362076 -7.509964 -41.12358 5.360367 -7.6091 -41.45911 5.1147 3.983658 -44.28817 5.869232 3.950272 -44.10956 6.250809 3.940079 -43.78817 6.367325 -5.400009 -41.92322 5.550186 -5.547073 -42.38516 5.0354 -5.512344 -42.22014 5.422928 21.94222 -44.28817 7.440392 21.91419 -44.17119 7.760605 21.89864 -43.78817 7.938507 3.940079 -43.78817 6.367325 3.983658 -44.28817 5.869232 3.955643 -44.17119 6.189453 41.86608 -24.28816 9.183518 41.65482 -24.28816 9.549515 41.32447 -24.28816 9.638047 34.3853 -39.22603 9.030945 21.89864 -43.78817 7.938507 21.94222 -44.28817 7.440392 21.92043 -44.22118 7.689445 21.90129 -43.95917 7.908485 31.90416 -41.60867 8.311966 34.74904 -39.60905 8.560853 31.84902 -41.55066 8.558091 34.68436 -39.55774 8.806145 41.86608 24.71185 9.183564 41.72155 24.71185 9.493546 41.32448 24.71185 9.6381 41.32447 -24.28816 9.638047 41.86608 -24.28816 9.183518 41.72155 -24.28816 9.493531 21.94222 44.71185 7.440437 21.92732 44.68169 7.610809 21.90126 44.38286 7.908524 21.89864 44.21184 7.938553 28.54266 43.03586 8.519822 38.72186 34.46184 9.410393 41.32448 24.71185 9.6381 41.86608 24.71185 9.183564 41.82117 24.71185 9.351273 41.72155 24.71185 9.493546 41.57931 24.71185 9.593125 37.20477 37.5676 8.775742 38.94341 34.58684 9.362534 37.16688 37.54822 8.944092 37.08748 37.49241 9.08812 36.97627 37.40689 9.190438 31.84902 41.97433 8.558152 31.81787 41.93104 8.627091 31.74191 41.81585 8.732499 31.69932 41.74743 8.765755 28.71197 43.44276 8.283699 28.60352 43.19655 8.494904 3.983658 44.71185 5.869278 3.955643 44.59487 6.189468 3.940079 44.21184 6.367386 21.89864 44.21184 7.938553 21.94222 44.71185 7.440437 21.9142 44.59487 7.76062 -5.547073 42.80883 5.035446 -5.550491 42.78097 5.206802 -5.489456 42.57786 5.475174 -5.400009 42.34689 5.550217 3.940079 44.21184 6.367386 3.983658 44.71185 5.869278 3.968735 44.68169 6.039627 3.945908 44.46185 6.300659 -7.550186 41.45288 5.362106 -5.400009 42.34689 5.550217 -5.547073 42.80883 5.035446 -5.54332 42.74695 5.286758 -5.462616 42.50487 5.514496 -7.600327 41.95509 4.85582 -7.610428 41.8921 5.097794 -7.547272 41.65977 5.323807 -7.510834 41.53512 5.361832 -7.513763 -41.14409 5.356628 -7.565323 -41.29019 5.29335 -7.612656 -41.49507 5.038811 -7.600327 -41.53139 4.855759 -35.90117 -29.60151 -2.12236 -35.85503 -29.1748 -1.628311 -35.93422 -29.49312 -1.831894 -23.80672 -34.46953 1.471085 -35.85503 -29.1748 -1.628311 -36.92702 -28.07481 -1.874016 -37.07432 -27.32461 -1.866631 -35.91759 -29.38228 -1.720688 -35.90117 -29.60151 -2.12236 -37.42711 -27.29181 -2.387489 -36.70383 -29.05509 -2.298599 -37.38475 -27.30821 -2.138779 -37.07432 -27.32461 -1.866631 -37.10437 -21.99663 -1.542435 -37.38475 -27.30821 -2.138779 -37.42711 -27.29181 -2.387489 -37.45549 -21.96974 -2.063171 -37.41342 -21.98316 -1.814896 -37.10437 -21.99663 -1.542435 -36.83894 -20.98046 -1.404465 -37.31895 -21.99038 -1.674782 -37.45549 -21.96974 -2.063171 -37.12086 -20.70089 -1.919144 -37.00976 -20.85907 -1.507889 -36.83894 -20.98046 -1.404465 -34.19227 -16.34282 -0.3567352 -37.11116 -20.75856 -1.692932 -37.12086 -20.70089 -1.919144 -34.47319 -16.06803 -0.8712921 -34.46289 -16.12393 -0.645752 -34.19227 -16.34282 -0.3567352 -33.16405 -15.4718 7.40051e-4 -34.43867 -16.15298 -0.5773926 -34.47319 -16.06803 -0.8712921 -33.18185 -14.98028 -0.4907837 -33.23265 -15.16903 -0.1255187 -20.14912 -10.25158 3.757935 -20.15157 -10.48495 4.180954 -20.08351 -10.72226 4.265213 -33.16405 -15.4718 7.40051e-4 -33.23068 -15.05838 -0.2546082 -33.18185 -14.98028 -0.4907837 -26.71886 -12.74413 1.939926 -26.71748 -12.71778 1.906486 -26.70551 -12.83342 2.028275 -20.08351 11.14593 4.265213 -20.14937 10.91857 4.187553 -20.14912 10.67525 3.757935 -33.18185 15.40395 -0.4907837 -33.16405 15.89547 7.5531e-4 -33.20958 15.73604 -0.03695678 -33.23485 15.53239 -0.1858215 -20.15442 10.92072 4.18605 -20.16307 10.88754 4.161835 -26.71886 13.16781 1.939926 -26.71861 13.19673 1.971207 -26.71541 13.21318 1.988556 -26.71748 13.14145 1.906486 -26.70432 13.26179 2.032043 -29.95248 14.54472 1.023117 -31.60582 14.96287 0.3695679 -33.16405 15.89547 7.5531e-4 -34.19227 16.7665 -0.3566895 -33.20958 15.73604 -0.03695678 -33.23485 15.53239 -0.1858215 -33.18185 15.40395 -0.4907837 -34.47319 16.49172 -0.8712921 -34.36195 16.64633 -0.4608841 -34.19227 16.7665 -0.3566895 -36.83894 21.40414 -1.404449 -34.4629 16.54761 -0.6457214 -34.47319 16.49172 -0.8712921 -37.12086 21.12457 -1.919144 -37.11116 21.18224 -1.692886 -36.83894 21.40414 -1.404449 -37.10437 22.4203 -1.542435 -37.05278 21.2457 -1.562172 -37.12086 21.12457 -1.919144 -37.45549 22.39342 -2.063171 -37.37216 22.41071 -1.740799 -37.10437 22.4203 -1.542435 -37.07432 27.74829 -1.866608 -37.37216 22.41071 -1.740799 -37.45549 22.39342 -2.063171 -37.42711 27.7155 -2.387474 -37.34326 27.73661 -2.064636 -37.07432 27.74829 -1.866608 -36.84849 28.67063 -1.862305 -35.85503 29.59848 -1.628273 -37.28978 27.74071 -1.998627 -37.42711 27.7155 -2.387474 -35.90117 30.02518 -2.12236 -36.94812 29.18928 -2.34536 -35.93422 29.9168 -1.831848 -36.75986 29.35548 -2.075226 -7.600327 41.95509 4.85582 -7.612747 41.9254 5.020599 -7.570236 41.72945 5.282829 -7.513763 41.56776 5.356628 -35.85503 29.59848 -1.628273 -35.93422 29.9168 -1.831848 -35.90117 30.02518 -2.12236 -23.80673 34.89322 1.471115 -1.538498 4.211841 5.386154 -1.560287 4.278824 5.635208 -1.576248 4.46184 5.817535 -1.582077 4.71184 5.88427 -2.247147 4.826555 5.826065 -2.369827 4.355237 5.313416 -2.369369 4.418383 5.564438 -2.324448 4.590896 5.752075 11.98027 4.211841 6.568893 11.95226 4.328815 6.889069 11.93669 4.71184 7.067001 -1.582077 4.71184 5.88427 -1.538498 4.211841 5.386154 -1.566513 4.328815 5.706329 11.98027 -3.788164 6.568893 11.95847 -3.855149 6.817894 11.93935 -4.11715 7.036926 11.93669 -4.288163 7.067001 14.17815 -3.685272 7.263092 15.37077 -2.680703 7.367432 16.14923 -1.327253 7.435532 16.14923 1.750933 7.435532 15.37077 3.104381 7.367432 14.17815 4.108951 7.263092 11.93669 4.71184 7.067001 11.98027 4.211841 6.568893 11.95847 4.278824 6.817894 11.93935 4.540828 7.036926 14.54167 3.276019 6.792984 15.96503 0.2118396 6.917511 14.54167 -2.852341 6.792984 13.98424 3.733955 6.995132 14.00294 3.777246 7.068481 14.56276 3.327332 7.045731 14.71136 3.528039 7.279449 15.50409 2.270328 7.199814 15.55188 2.301143 7.265823 15.92105 1.665424 7.348343 15.99178 1.692443 7.391464 15.94843 0.9180652 7.166977 16.04639 0.9374479 7.309097 16.11203 0.9498466 7.365036 16.01004 0.2118396 7.172356 16.04639 -0.5137695 7.309097 16.11203 -0.5261673 7.365036 15.92105 -1.241744 7.348343 15.99178 -1.268764 7.391464 15.50409 -1.846649 7.199814 15.55188 -1.877465 7.265823 14.56276 -2.903654 7.045731 14.71136 -3.104362 7.279449 13.98424 -3.310276 6.995132 14.00294 -3.353569 7.068481 -1.538498 -3.788164 5.386154 -1.566513 -3.905138 5.706329 -1.582077 -4.288163 5.88427 11.93669 -4.288163 7.067001 11.98027 -3.788164 6.568893 11.95226 -3.905138 6.889069 -2.369827 -3.931561 5.313416 -2.358978 -4.041823 5.636993 -2.324448 -4.16722 5.752045 -2.247147 -4.402877 5.826065 -1.582077 -4.288163 5.88427 -1.538498 -3.788164 5.386154 -1.566513 -3.905138 5.706329 -1.576248 -4.038163 5.817505 -20.07877 -10.74149 4.266006 -2.247147 -4.402877 5.826065 -2.369827 -3.931561 5.313416 -2.358978 -4.041823 5.636993 -20.14912 -10.25158 3.757935 -20.17165 -10.36429 4.067001 -20.08351 -10.72226 4.265213 -33.72133 -15.78754 -0.1861267 -37.08072 -21.67725 -1.517227 -36.60228 -28.61906 -1.814224 -7.513763 -41.14409 5.356628 -7.509964 -41.12358 5.360367 -34.47319 16.49172 -0.8712921 -33.18185 15.40395 -0.4907837 -34.06904 16.49172 -5.490463 -32.75453 15.40395 -5.375458 -37.12086 21.12457 -1.919144 -34.47319 16.49172 -0.8712921 -36.78761 21.12457 -5.728325 -34.06904 16.49172 -5.490463 -37.45549 22.39342 -2.063171 -37.12086 21.12457 -1.919144 -37.13219 22.39342 -5.758453 -36.78761 21.12457 -5.728325 -37.42711 27.7155 -2.387474 -37.45549 22.39342 -2.063171 -37.13219 27.7155 -5.758453 -37.13219 22.39342 -5.758453 -35.90117 30.02518 -2.12236 -37.10779 28.93796 -2.372498 -37.42711 27.7155 -2.387474 -35.59483 30.02519 -5.62397 -36.82149 28.92479 -5.731277 -37.13219 27.7155 -5.758453 -35.90117 30.02518 -2.12236 -5.547073 42.80883 5.035446 -4.849838 42.80883 -2.934128 -35.59483 30.02519 -5.62397 3.983658 44.71185 5.869278 -5.547073 42.80883 5.035446 4.690598 44.71185 -2.211105 -4.849838 42.80883 -2.934128 21.94222 44.71185 7.440437 3.983658 44.71185 5.869278 22.63948 44.71185 -0.5291138 19.59941 44.71185 -1.664383 20.58305 44.71185 -0.8555451 17.02794 44.71185 -6.858322 14.13492 44.71185 -9.237305 10.44345 44.71185 -8.602631 4.690598 44.71185 -2.211105 12.72111 44.71185 -1.898758 10.26363 44.71185 -3.619492 10.08478 44.71185 -5.663803 11.26183 44.71185 -7.344826 13.24403 44.71185 -7.875931 15.10385 44.71185 -7.008682 15.97111 44.71185 -4.625877 15.70148 44.71185 -3.619507 14.70329 44.71185 -2.429886 41.86608 24.71185 9.183564 34.74905 40.03273 8.560898 21.94222 44.71185 7.440437 42.56334 24.71185 1.213974 22.63948 44.71185 -0.5291138 35.44629 40.03273 0.5913315 41.86608 -24.28816 9.183518 41.86608 24.71185 9.183564 42.56334 -24.28814 1.213974 42.56334 24.71185 1.213974 21.94222 -44.28817 7.440392 34.74904 -39.60905 8.560853 41.86608 -24.28816 9.183518 22.63948 -44.28817 -0.5291443 42.56334 -24.28814 1.213974 35.4463 -39.60905 0.591301 3.983658 -44.28817 5.869232 21.94222 -44.28817 7.440392 4.690598 -44.28817 -2.211136 17.02795 -44.28816 -6.858353 16.12821 -44.28816 -8.105294 14.13493 -44.28816 -9.237366 10.44347 -44.28816 -8.602646 19.87917 -44.28817 -1.339554 22.63948 -44.28817 -0.5291443 13.75905 -44.28817 -1.989609 15.10391 -44.28816 -2.766052 15.97111 -44.28816 -4.625916 15.70146 -44.28816 -6.155243 15.10385 -44.28816 -7.00872 12.72111 -44.28816 -7.875961 11.26183 -44.28816 -7.344856 10.08476 -44.28816 -5.663864 10.5251 -44.28816 -3.166649 11.71474 -44.28817 -2.168457 -5.547073 -42.38516 5.0354 3.983658 -44.28817 5.869232 -4.849838 -42.38515 -2.934143 4.690598 -44.28817 -2.211136 -15.30486 -10.89911 -3.848846 -15.30486 -8.77742 -3.848846 -12.5965 -10.01382 -6.121429 -13.74367 -10.36018 -4.23082 -12.5965 -7.892121 -6.121429 -13.67574 -8.215899 -4.275665 -12.5965 -7.892121 -6.121429 -12.5965 -10.01382 -6.121429 -12.38428 -7.623088 -8.547242 -12.40579 -7.853168 -8.301156 -12.39564 8.206193 -8.417031 -12.38193 7.988367 -8.57396 -12.5965 8.315807 -6.121429 -12.5965 10.4375 -6.121429 -12.27985 9.793251 -9.740899 -12.33881 -9.811937 -9.066864 -12.22087 -8.376616 -10.41472 -15.30486 9.201094 -3.848846 -15.30486 11.3228 -3.848846 -12.5965 8.315807 -6.121429 -13.74368 8.662167 -4.230789 -12.5965 10.4375 -6.121429 -13.67574 10.76128 -4.275665 -1.407761 6.211838 3.891861 -0.4490509 6.211846 -7.066254 -1.574051 6.24052 3.877319 -0.6153412 6.240528 -7.080803 -0.6153412 6.240528 -7.080803 -1.574051 6.24052 3.877319 -32.38699 17.28924 -1.915771 -32.08943 17.28925 -5.317276 -14.04921 10.88653 -4.064842 -12.86128 10.50251 -5.200706 -12.42216 10.4375 -8.11377 20.32964 -40.28816 5.793587 3.89238 -40.28816 4.355515 20.32964 -42.28816 5.793587 28.20588 -41.20264 6.482681 38.92305 -30.44453 7.420303 39.73206 27.83752 7.491135 33.59912 38.50065 6.954575 20.32964 42.71185 5.793632 20.32964 40.71184 5.793632 3.89238 40.71184 4.355576 3.892349 42.71076 4.35556 -8.602585 39.31921 3.262398 -13.44044 30.94421 2.839142 -19.44235 12.5922 2.314033 15.95306 4.808108 5.410736 18.08814 0.2118396 5.597527 15.95306 -4.384429 5.410736 -19.44235 -12.16852 2.314033 -8.602585 -38.89553 3.262352 3.89238 -42.28707 4.355515 3.89238 -22.78816 4.355515 3.89238 -26.78817 4.355515 20.32964 -22.78816 5.793587 20.32964 -26.78817 5.793587 20.32964 23.21185 5.793632 20.32964 27.21186 5.793632 3.89238 23.21185 4.355576 3.89238 27.21185 4.355576 -1.574051 -5.816843 3.877319 -0.6153412 -5.816841 -7.080849 -1.407761 -5.78816 3.891861 -0.4490509 -5.788159 -7.066307 -0.4490509 -5.788159 -7.066307 -1.407761 -5.78816 3.891861 12.11101 -5.78816 5.0746 12.67754 -5.78816 -1.400696 2.406815 -5.78816 -2.635468 1.425934 -5.788159 -4.03627 1.524582 -5.788159 -6.893585 1.524582 4.211848 -6.893585 -0.4490509 4.211848 -7.066307 1.568161 3.711849 -7.391724 1.562317 3.961849 -7.324997 1.539505 4.181694 -7.064011 -0.4054718 3.711849 -7.564392 -0.4341583 4.181694 -7.236679 -0.4113464 3.961849 -7.497665 -0.4490509 4.211848 -7.066307 -1.28038 4.355245 -7.138992 -0.4341583 4.181694 -7.236679 -0.4113464 3.961849 -7.497665 -0.4054718 3.711849 -7.564392 -1.403061 3.883922 -7.651672 -1.275497 4.32682 -7.310287 -1.325836 4.11958 -7.577667 -1.28038 4.355245 -7.138992 -12.42216 8.315807 -8.11377 -1.306412 4.18688 -7.525803 -1.403061 3.883922 -7.651672 -12.37859 7.785378 -8.611878 -12.38759 8.108283 -8.509003 -33.18185 15.40395 -0.4907837 -32.75453 15.40395 -5.375458 -12.86943 8.383194 -5.184937 -14.33516 8.862307 -3.955002 -12.42216 8.315807 -8.11377 -1.28038 4.355245 -7.138992 -2.369827 4.355237 5.313416 -2.369827 4.355237 5.313416 -1.538498 4.211841 5.386154 -1.28038 4.355245 -7.138992 -0.4490509 4.211848 -7.066307 -1.538498 4.211841 5.386154 11.98027 4.211841 6.568893 -0.4490509 4.211848 -7.066307 1.524582 4.211848 -6.893585 2.406815 4.211842 -2.635468 1.425934 4.211848 -4.03627 12.67754 4.211848 -1.400696 -12.42218 -7.892121 -8.113831 -1.280395 -3.93156 -7.139053 -12.3786 -7.361692 -8.611908 -12.38428 -7.623088 -8.547242 -12.40579 -7.853168 -8.301156 -1.403061 -3.460236 -7.651672 -1.275497 -3.903132 -7.310287 -1.325836 -3.695894 -7.577667 -1.280395 -3.93156 -7.139053 -0.4490509 -3.788162 -7.066307 -1.275497 -3.903132 -7.310287 -1.325836 -3.695894 -7.577667 -1.403061 -3.460236 -7.651672 -0.4054718 -3.288162 -7.564392 -0.4341583 -3.758009 -7.236679 -0.4113464 -3.538162 -7.497665 -0.4490509 -3.788162 -7.066307 1.524582 -3.788155 -6.893585 -0.4341583 -3.758009 -7.236679 -0.4113464 -3.538162 -7.497665 -0.4054718 -3.288162 -7.564392 1.568161 -3.288156 -7.391724 1.539505 -3.758009 -7.064011 1.562317 -3.538162 -7.324997 11.98027 -3.788164 6.568893 -1.538498 -3.788164 5.386154 12.67754 -3.788163 -1.400696 1.425934 -3.788162 -4.03627 2.406815 -3.788163 -2.635468 1.524582 -3.788155 -6.893585 -0.4490509 -3.788162 -7.066307 -1.538498 -3.788164 5.386154 -2.369827 -3.931561 5.313416 -0.4490509 -3.788162 -7.066307 -1.280395 -3.93156 -7.139053 -2.369827 -3.931561 5.313416 -1.280395 -3.93156 -7.139053 -12.42218 -7.892121 -8.113831 -14.04921 -8.341145 -4.064842 -12.86128 -7.957124 -5.200706 -32.75453 -14.98028 -5.375488 -33.18185 -14.98028 -0.4907837 -12.37859 7.785378 -8.611878 -12.3786 -7.361692 -8.611908 1.568161 -3.288156 -7.391724 1.568161 3.711849 -7.391724 4.267776 23.21185 0.06472778 4.267776 27.21185 0.06472778 3.89238 23.21185 4.355576 3.89238 27.21185 4.355576 20.58904 23.21185 0.5026779 20.32964 23.21185 5.793632 3.89238 23.21185 4.355576 4.55571 23.21185 -0.9000473 10.44345 23.21185 -8.602631 16.12821 23.21185 -8.105278 13.24403 23.21185 -1.898788 15.10391 23.21185 -2.766022 15.97111 23.21185 -4.625877 15.10385 23.21185 -7.008682 11.26183 23.21185 -7.344826 10.08478 23.21185 -5.663803 10.5251 23.21185 -3.166634 11.26183 23.21185 -2.429901 -7.217545 -19.14855 5.39122 -3.648254 -25.28585 5.703491 11.99577 -32.53808 7.072113 22.18181 -29.77187 7.963318 32.35869 -12.03816 8.853684 -7.200119 -19.14855 5.191971 -3.630829 -25.28585 5.50425 12.01318 -32.53808 6.872917 22.19923 -29.77187 7.764084 32.37611 -12.03816 8.654442 -7.217545 -19.14855 5.39122 -7.200119 -19.14855 5.191971 -9.535965 -20.01567 4.987617 -9.449677 -18.96269 4.995163 -8.800019 -18.40972 5.052002 -8.158127 -18.35 5.108162 -7.57254 -18.62045 5.159386 -9.553391 -20.01567 5.186844 -9.467087 -18.96269 5.194412 -8.817444 -18.40972 5.251236 -8.175553 -18.35 5.307404 -7.589951 -18.62045 5.358627 -9.553391 -20.01567 5.186844 -9.535965 -20.01567 4.987617 34.8666 -12.03816 8.872323 31.80795 -23.51895 8.604737 19.8391 -33.63333 7.557594 0.5745087 -32.00095 5.872169 34.84917 -12.03816 9.071579 31.79051 -23.51895 8.80394 19.82167 -33.63333 7.75679 0.5570831 -32.00095 6.071365 34.84917 -12.03816 9.071579 34.8666 -12.03816 8.872323 34.8666 12.46184 8.872323 34.84917 12.46184 9.071579 34.84917 12.46184 9.071579 34.8666 12.46184 8.872323 -9.535965 20.43936 4.987617 0.5745087 32.42464 5.872169 19.8391 34.05702 7.557594 31.80795 23.94263 8.604737 -9.553391 20.43936 5.186844 0.5570831 32.42464 6.071396 19.82167 34.05702 7.756836 31.79051 23.94263 8.803971 -9.553391 20.43936 5.186844 -9.535965 20.43936 4.987617 -7.200119 19.57224 5.191971 -7.57254 19.04412 5.159386 -8.374466 18.75581 5.089226 -9.326111 19.20725 5.005981 -9.595475 19.79508 4.982407 -7.217545 19.57224 5.39122 -7.589951 19.04412 5.358627 -8.391892 18.75581 5.288467 -9.343522 19.20725 5.205223 32.35869 12.46184 8.853684 27.59773 25.6188 8.437157 11.99577 32.96176 7.072159 -1.124832 28.22068 5.924255 -7.217545 19.57224 5.39122 32.37611 12.46184 8.654442 27.61516 25.6188 8.237915 12.01318 32.96176 6.872917 -1.107407 28.22068 5.725014 -7.200119 19.57224 5.191971 32.35869 12.46184 8.853684 32.37611 12.46184 8.654442 32.37611 -12.03816 8.654442 32.35869 -12.03816 8.853684 5.037262 -31.32653 6.262619 15.55203 -32.21751 7.182533 27.61516 -25.19511 8.237915 -9.613282 -19.58854 4.980843 -9.449677 -18.96269 4.995163 -8.800019 -18.40972 5.052002 -8.158127 -18.35 5.108162 29.52504 -26.79961 8.405014 15.99088 -34.67839 7.220894 4.193771 -33.67877 6.188805 0.5745087 32.42464 5.872169 19.8391 34.05702 7.557594 31.80795 23.94263 8.604737 -7.57254 19.04412 5.159386 -8.374466 18.75581 5.089226 -9.326111 19.20725 5.005981 -9.593262 20.22919 4.982597 31.14903 19.46088 8.547089 27.61516 25.6188 8.237915 12.01318 32.96176 6.872917 -1.107407 28.22068 5.725014 -35.32847 -27.29181 -3.428299 -35.13988 -27.29181 -5.584183 -34.97365 -27.66464 -5.569641 -34.83235 -27.75374 -5.557266 -35.02385 -27.75374 -3.368309 -35.16734 -27.66059 -3.405281 -35.35731 -21.96974 -3.098671 -35.32847 -27.29181 -3.428299 -35.13988 -21.96973 -5.584183 -35.13988 -27.29181 -5.584183 -35.29088 -21.71598 -3.063782 -35.07091 -21.71598 -5.578148 -35.13988 -21.96973 -5.584183 -35.35731 -21.96974 -3.098671 -32.38699 -16.86555 -1.915771 -32.08943 -16.86555 -5.317306 -32.35235 -17.08311 -5.340301 -32.6441 -17.08311 -2.005661 -12.42218 -10.01382 -8.113831 -12.86943 -10.08121 -5.184937 -14.33516 -10.56032 -3.955002 -32.08943 -16.86555 -5.317306 -32.38699 -16.86555 -1.915771 -1.574051 -5.816843 3.877319 -0.6153412 -5.816841 -7.080849 -8.602585 -38.89553 3.262352 -19.44235 -12.16852 2.314033 -32.59762 -17.01558 -1.988083 -35.35127 -21.889 -3.092239 -35.09828 -27.71433 -3.388092 -35.30595 -27.43889 -3.431763 -32.64409 17.5068 -2.005615 -32.35235 17.5068 -5.340286 -32.08943 17.28925 -5.317276 -32.38699 17.28924 -1.915771 -35.35731 22.39342 -3.098671 -35.13988 22.39342 -5.584152 -35.07091 22.13965 -5.578133 -35.29088 22.13965 -3.063782 -35.32847 27.7155 -3.428284 -35.35731 22.39342 -3.098671 -35.13988 27.7155 -5.584152 -35.13988 22.39342 -5.584152 -19.44235 12.5922 2.314033 -8.602585 39.31921 3.262398 -35.32155 27.79583 -3.431808 -35.14476 28.10399 -3.399796 -35.32683 22.21774 -3.079269 -32.46248 17.32429 -1.940804 -35.02385 28.17743 -3.368278 -34.83235 28.17743 -5.557251 -35.11189 27.88064 -5.581718 -35.13988 27.7155 -5.584152 -35.32847 27.7155 -3.428284 -35.29469 27.8952 -3.430603 -35.02385 28.17743 -3.368278 -4.653854 40.96107 3.607864 -4.087326 40.96107 -2.867416 -34.83235 28.17743 -5.557251 -34.83235 -27.75374 -5.557266 -4.087326 -40.53738 -2.867432 -4.653854 -40.53738 3.607819 -35.02385 -27.75374 -3.368309 -35.29088 -21.71598 -3.063782 -32.6441 -17.08311 -2.005661 -32.35235 -17.08311 -5.340301 -35.07091 -21.71598 -5.578148 22.63948 42.71185 -0.5291138 22.07295 42.71185 5.946144 40.00443 24.71185 7.514961 31.03871 40.3003 6.73056 40.57095 24.71185 1.03965 31.60523 40.3003 0.2552796 40.57095 24.71185 1.03965 40.00443 24.71185 7.514961 40.00443 -24.28816 7.5149 40.57095 -24.28814 1.03965 40.57095 -24.28814 1.03965 40.00443 -24.28816 7.5149 22.07295 -42.28817 5.946114 35.8093 -35.85834 7.147881 22.63948 -42.28816 -0.5291443 36.37582 -35.85834 0.6726303 19.37932 -42.28815 -2.032303 20.58305 -42.28815 -0.8555451 22.63948 -42.28816 -0.5291443 22.07295 -42.28817 5.946114 20.32964 -42.28816 5.793587 12.67754 6.211845 -1.400696 14.72186 5.850004 -1.221848 17.85393 3.211843 -0.947815 17.85393 -2.788157 -0.947815 14.72186 -5.426319 -1.221848 12.67754 -5.78816 -1.400696 12.11101 6.211838 5.0746 14.15535 5.849996 5.253464 17.28742 3.211836 5.527473 17.28742 -2.788157 5.527473 14.15535 -5.426319 5.253464 12.11101 -5.78816 5.0746 1.524582 6.211846 -6.893585 1.425934 6.211845 -4.03627 2.406815 6.211845 -2.635468 12.67754 6.211845 -1.400696 12.11101 6.211838 5.0746 -1.407761 6.211838 3.891861 -0.4490509 6.211846 -7.066254 -32.64409 17.5068 -2.005615 -35.29088 22.13965 -3.063782 -35.07091 22.13965 -5.578133 -32.35235 17.5068 -5.340286 20.32964 42.71185 5.793632 20.7654 42.71185 0.8126831 22.07295 42.71185 5.946144 22.63948 42.71185 -0.5291138 20.58305 42.71185 -0.8555451 19.3793 42.71185 -2.032272 -37.42711 -27.29181 -2.387489 -36.88783 -28.84586 -2.334335 -35.90117 -29.60151 -2.12236 -37.13219 -27.29181 -5.758484 -36.58891 -28.85053 -5.710953 -35.59483 -29.60151 -5.623985 -37.45549 -21.96974 -2.063171 -37.42711 -27.29181 -2.387489 -37.13219 -21.96973 -5.758484 -37.13219 -27.29181 -5.758484 -37.12086 -20.70089 -1.919144 -37.45549 -21.96974 -2.063171 -36.78761 -20.70089 -5.72834 -37.13219 -21.96973 -5.758484 -33.18185 -14.98028 -0.4907837 -34.47319 -16.06803 -0.8712921 -32.75453 -14.98028 -5.375488 -34.06904 -16.06803 -5.490494 -20.08351 11.14593 4.265213 -7.513763 41.56776 5.356628 -36.84849 28.67063 -1.862305 -36.97316 21.69039 -1.461441 -33.46385 16.03472 -0.09843444 -35.90117 -29.60151 -2.12236 -35.59483 -29.60151 -5.623985 -4.849838 -42.38515 -2.934143 -5.547073 -42.38516 5.0354 -34.47319 -16.06803 -0.8712921 -37.12086 -20.70089 -1.919144 -34.06904 -16.06803 -5.490494 -36.78761 -20.70089 -5.72834 12.67754 -3.788163 -1.400696 11.98027 -3.788164 6.568893 15.23892 -2.852338 -1.176605 16.60179 0.9064375 -1.057373 15.23892 3.276025 -1.176605 12.67754 4.211848 -1.400696 11.98027 4.211841 6.568893 14.54167 3.276019 6.792984 15.9045 0.9064304 6.912216 15.43121 -1.788159 6.870804 14.54167 -2.852341 6.792984 4.735153 27.21185 -1.186035 4.735153 23.21185 -1.18605 9.340897 27.21186 -7.530838 9.340897 23.21185 -7.530838 17.02795 -22.78816 -6.858353 20.46202 -22.78815 0.1898345 17.02795 -26.78816 -6.858353 20.46202 -26.78815 0.1898345 17.02795 -40.28816 -6.858353 20.46202 -40.28816 0.1898345 17.02795 -44.28816 -6.858353 19.37932 -44.28816 -2.032303 19.37932 -42.28815 -2.032303 20.46202 -42.28815 0.1898345 19.37932 -44.28816 -2.032303 19.37932 -42.28815 -2.032303 21.40884 -44.28817 -0.6368103 21.40884 -42.28816 -0.6368103 21.40884 -44.28817 -0.6368103 42.26067 -27.76111 1.187485 32.60141 -41.60867 0.3424149 32.6014 42.03236 0.3424301 42.26067 28.18482 1.187485 21.40886 44.71185 -0.6367798 21.40886 42.71185 -0.6367798 40.29859 27.83752 1.015816 31.60523 40.3003 0.2552796 31.60523 -39.87662 0.2552643 40.29859 -27.41382 1.015816 21.40884 -42.28816 -0.6368103 6.187241 -44.28816 -3.186462 6.187241 -42.28815 -3.186462 3.946213 -42.27633 -2.164597 3.946213 -44.27727 -2.164597 6.187241 -42.28815 -3.186462 4.735153 -42.28816 -1.186081 6.187241 -44.28816 -3.186462 9.340897 -44.28816 -7.530884 9.340897 -40.28816 -7.530884 4.735153 -40.28816 -1.186081 21.40886 44.71185 -0.6367798 21.40886 42.71185 -0.6367798 19.3793 44.71185 -2.032272 19.87917 44.71185 -1.339508 20.58305 44.71185 -0.8555451 19.3793 42.71185 -2.032272 20.58305 42.71185 -0.8555451 19.87917 42.71185 -1.339508 19.3793 42.71185 -2.032272 19.3793 44.71185 -2.032272 20.7654 42.71185 0.8126831 20.7654 40.71185 0.8126831 17.02794 40.71185 -6.858322 17.02794 44.71185 -6.858322 17.02795 -44.28816 -6.858353 16.63171 -44.28816 -7.520554 16.12821 -44.28816 -8.105294 14.86114 -44.28816 -8.976517 14.13493 -44.28816 -9.237366 10.44347 -44.28816 -8.602646 9.340897 -44.28816 -7.530884 9.340897 -40.28816 -7.530884 10.44347 -40.28816 -8.602646 14.13493 -40.28816 -9.237366 14.86114 -40.28816 -8.976517 16.12821 -40.28816 -8.105294 16.63171 -40.28816 -7.520554 17.02795 -40.28816 -6.858353 17.02795 -22.78816 -6.858353 17.02795 -26.78816 -6.858353 14.86114 -26.78816 -8.976517 14.13493 -26.78816 -9.23732 13.37477 -26.78816 -9.370224 12.6031 -26.78816 -9.371338 9.340897 -26.78816 -7.530884 9.340897 -22.78816 -7.530884 12.6031 -22.78816 -9.371338 13.37477 -22.78816 -9.370224 14.13493 -22.78816 -9.23732 14.86114 -22.78816 -8.976517 9.340897 -26.78816 -7.530884 4.735153 -26.78817 -1.186081 9.340897 -22.78816 -7.530884 4.735153 -22.78816 -1.186081 10.44347 -22.78816 -8.602646 12.6031 -22.78816 -9.371338 16.12821 -22.78816 -8.105294 11.26183 -22.78816 -7.344841 13.75903 -22.78816 -7.785164 15.10388 -22.78816 -7.008697 17.02794 44.71185 -6.858322 14.13492 44.71185 -9.237305 10.44345 44.71185 -8.602631 9.340897 44.71185 -7.530838 17.02794 40.71185 -6.858322 9.340897 40.71185 -7.530838 10.44345 40.71185 -8.602631 14.13492 40.71185 -9.237305 1.35025 -5.788159 -4.901245 1.35025 -3.788162 -4.901245 3.62294 -5.78816 -2.192871 2.406815 -5.78816 -2.635468 3.62294 -3.788163 -2.192871 2.406815 -3.788163 -2.635468 3.62294 -5.78816 -2.192871 14.72186 5.850004 -1.221848 18.29424 2.263968 -0.9093094 18.29424 -1.840282 -0.9093094 14.72186 -5.426319 -1.221848 3.62294 6.211845 -2.192871 3.62294 4.211842 -2.192871 14.04042 -3.54693 -1.281471 16.42203 -1.156242 -1.073105 16.60179 0.9064375 -1.057373 15.23892 3.276025 -1.176605 3.62294 -3.788163 -2.192871 3.62294 6.211845 -2.192871 3.62294 4.211842 -2.192871 1.35025 6.211845 -4.901245 2.406815 6.211845 -2.635468 1.35025 4.211848 -4.901245 2.406815 4.211842 -2.635468 1.35025 -5.788159 -4.901245 1.35025 -3.788162 -4.901245 1.713303 -4.538162 -9.050461 1.63353 -5.453223 -8.138886 1.63353 5.87691 -8.138886 1.713303 4.961848 -9.050461 1.35025 6.211845 -4.901245 1.35025 4.211848 -4.901245 1.562317 3.961849 -7.324997 1.539505 4.181694 -7.064011 1.539505 -3.758009 -7.064011 1.562317 -3.538162 -7.324997 1.742477 -3.288162 -9.384095 1.713303 -4.538162 -9.050461 1.63353 -5.453223 -8.138886 1.524582 -5.788159 -6.893585 -0.4490509 -5.788159 -7.066307 -0.3401032 -5.453223 -8.311554 -0.2603607 -4.538162 -9.22313 -0.2311553 -3.288162 -9.556763 -0.6153412 -5.816841 -7.080849 -0.5909577 -5.674717 -7.937027 -0.8423309 -4.638536 -9.274048 -1.228744 -3.460236 -9.644043 -0.2311553 -3.288162 -9.556763 -0.4490509 -5.788159 -7.066307 -0.374527 -5.637391 -7.918091 -0.2603607 -4.538162 -9.22313 -12.42218 -10.01382 -8.113831 -12.28954 -9.465765 -9.629929 -12.20427 -7.361692 -10.60428 -1.228744 -3.460236 -9.644043 -0.6153412 -5.816841 -7.080849 -0.6697846 -5.265498 -8.698739 1.742477 -3.288162 -9.384095 -12.20427 -7.361692 -10.60428 -12.20427 7.785379 -10.60428 1.742477 3.711849 -9.384095 -12.20427 7.785379 -10.60428 -12.2326 9.092335 -10.2809 -12.27985 9.793251 -9.740899 -12.42216 10.4375 -8.11377 -0.6153412 6.240528 -7.080803 -0.6177521 5.924801 -8.335846 -0.8423309 5.062221 -9.274048 -1.228744 3.883922 -9.644043 -0.4490509 6.211846 -7.066254 -0.374527 6.061076 -7.918091 -0.2603607 4.961848 -9.22313 -0.2311553 3.711849 -9.556763 -1.228744 3.883922 -9.644043 -0.6153412 6.240528 -7.080803 -0.5909577 6.098406 -7.937027 -0.8423309 5.062221 -9.274048 1.524582 6.211846 -6.893585 1.63353 5.87691 -8.138886 1.713303 4.961848 -9.050461 1.742477 3.711849 -9.384095 -0.2311553 3.711849 -9.556763 -0.4490509 6.211846 -7.066254 -0.3401032 5.87691 -8.311554 -0.2603607 4.961848 -9.22313 17.02794 23.21185 -6.858322 17.02794 27.21186 -6.858322 9.340897 23.21185 -7.530838 10.44345 23.21185 -8.602631 14.13492 23.21185 -9.237305 14.86114 23.21185 -8.976471 15.53217 23.21185 -8.595383 16.12821 23.21185 -8.105278 9.340897 27.21186 -7.530838 16.12821 27.21186 -8.105278 15.53217 27.21186 -8.595383 14.86114 27.21186 -8.976471 14.13492 27.21186 -9.237305 10.44345 27.21186 -8.602631 20.46202 23.21185 0.1898803 20.46202 27.21186 0.1898803 17.02794 23.21185 -6.858322 17.02794 27.21186 -6.858322 10.44345 23.21185 -8.602631 14.13492 23.21185 -9.237305 16.12821 23.21185 -8.105278 15.10385 23.21185 -7.008682 13.24403 23.21185 -7.875931 11.26183 23.21185 -7.344826</float_array>
          <technique_common>
            <accessor source="#fifth_wheel-mesh-positions-array" count="1235" stride="3">
              <param name="X" type="float"/>
              <param name="Y" type="float"/>
              <param name="Z" type="float"/>
            </accessor>
          </technique_common>
        </source>
        <source id="fifth_wheel-mesh-normals">
          <float_array id="fifth_wheel-mesh-normals-array" count="3093">0.3017706 0.9530148 0.02640867 -0.4566489 0.8887495 -0.03995019 0.3017828 0.9530109 0.0264101 -0.3051087 0.6939722 0.6521589 -0.2212516 0.4153719 0.8823344 -0.3146412 0.7451279 0.5880351 -0.08381253 -0.9964547 -0.007320284 -0.6698834 -0.7401509 -0.05859112 -0.6698898 -0.7401452 -0.05859178 -0.902859 -0.4226184 -0.07899016 -0.421009 -0.9063083 -0.03683447 -0.4210091 -0.9063082 -0.03683441 -0.9610787 0.2631701 -0.08407944 -0.9610664 0.2632164 -0.08407467 -0.9610655 0.26322 -0.08407431 -0.8989727 0 0.4380046 0.07547783 -0.4999909 -0.8627353 0.04357916 -0.8660264 -0.4980957 0.04357749 -0.8660249 -0.4980983 -0.421009 0.9063083 -0.03683358 -0.1729843 0.9848083 -0.01513421 -0.172983 0.9848085 -0.01513445 0 -1 -3.36081e-6 0 1 0 -0.8092644 0 -0.5874447 -0.1687065 0.9855559 -0.01475948 -0.1687011 0.9855568 -0.01475924 -0.1687065 0.9855558 -0.01475948 0 -1 -1.70681e-6 -0.8813795 0.4660518 -0.07724076 -0.9820597 0.1684969 -0.08466172 -0.9793732 0.1829975 -0.08567398 -0.996195 0 -0.08715254 -1.67715e-6 -1 -9.25573e-6 0 -1 0 -0.3859783 0.9218904 -0.03375059 -0.886004 0.4571679 -0.07742464 -0.3859698 0.9218937 -0.03375488 -0.02980786 0.9396953 0.3407114 -0.05888152 0.73728 0.6730166 -0.02980858 0.9396921 0.3407202 1.08142e-6 -1 -9.18979e-7 -0.9962007 0 -0.08708852 -0.08715081 3.10262e-6 0.9961952 0.9028593 0.4226176 0.07899057 0.6730203 0.7372767 0.05888134 0.6730203 0.7372766 0.05888134 0 -1 4.40755e-7 -0.7602422 0.6462274 -0.06649911 -0.4566562 0.8887457 -0.03995108 -0.7602422 0.6462275 -0.06649917 -0.1959412 -0.9803904 -0.02101945 -0.1969354 -0.980215 -0.01987844 -0.1938632 -0.9807495 -0.02340257 5.40593e-6 -1 0 -0.1811388 0.9710035 0.1560156 -0.1897773 0.8904318 0.4136618 -0.1811394 0.9710023 0.1560229 -0.1897786 -0.8904379 0.4136478 -0.1620388 -0.5113414 0.843963 -0.1897798 -0.8904453 0.4136313 -0.05888044 -0.7372867 0.6730093 -0.07898896 -0.4226419 0.9028481 -0.05888026 -0.7372913 0.6730042 -0.181123 0.9710049 0.1560258 -0.1897591 0.8904519 0.4136267 -0.1811251 0.9710044 0.1560261 -0.08418405 -0.2588092 0.9622531 -0.07350623 -0.5372799 0.8401948 -0.07350504 -0.5372865 0.8401907 0 1 3.73208e-6 0.3017766 -0.9530127 0.0264163 -0.456651 -0.8887475 -0.039972 -0.4566527 -0.8887467 -0.03997212 -0.7954819 0.2402787 0.5563046 -0.5216121 0.123775 0.8441569 -0.6980265 0.2814568 0.6584385 0.840739 0.5364197 0.07356667 0.9623773 0.2583534 0.08416342 0.8407407 0.536417 0.07356697 -0.08715772 -1.1268e-6 0.9961946 -0.5911059 -0.0395013 0.8056262 -0.8320968 -0.1489251 0.5342624 -0.5742763 -0.03896147 0.817734 -0.3407167 0.9396934 -0.0298087 -0.5713955 0.8191509 -0.04999077 -0.6932078 0.7200517 -0.03144115 -0.4913688 0 -0.8709517 -0.253318 0 -0.9673831 -0.2533178 0 -0.9673832 -0.9961948 0 -0.08715438 -0.08715534 -1.92134e-6 0.9961948 -0.332535 -0.9426421 -0.02909374 1.9064e-6 -1 1.27235e-6 -0.162036 0.511362 0.843951 -0.1283627 0.2585449 0.9574329 -0.1620358 0.5113611 0.8439517 -0.07898896 0.4225882 0.9028732 -0.05888092 0.7372683 0.6730294 0.04957658 0.4210687 0.905673 0.009433507 0.4854081 0.8742368 -0.03771793 0.1538614 0.9873724 -0.9063056 0 0.4226232 -0.6755784 0 0.7372882 -0.9063055 0 0.4226232 0.0225594 -0.9659271 -0.2578293 0.02256321 -0.9659289 -0.2578223 -0.3899912 0.8948003 0.2173464 -0.3689607 0.7786889 0.5074561 -0.3907998 0.8924146 0.2255479 -0.8583521 -0.5075352 -0.07509958 -0.2129907 -0.8919339 0.3988598 -0.1990244 -0.6932558 0.6926656 -0.2129899 -0.8919216 0.3988873 -0.3325371 0.9426414 -0.02909111 -0.08715951 4.14985e-6 0.9961944 0.03683459 -0.9062972 -0.4210327 0.07350665 -0.5372747 -0.8401981 0.03683412 -0.9063212 -0.4209812 0.4148853 0 0.9098737 0.4148853 0 0.9098737 0.4148856 0 0.9098736 -0.9498026 0 0.3128498 -0.9265477 0 0.3761777 -0.9498026 0 0.3128498 -0.02980774 -0.9396979 0.3407042 -0.02980774 -0.9396979 0.3407045 -0.9961953 1.14914e-6 -0.08715027 -0.2759143 0.07120126 0.9585415 -0.2763742 0.0690909 0.9585634 -0.2894256 0.05586445 0.955569 -0.9928441 0.08198451 -0.0868296 -0.8860149 0.4571461 -0.07742708 -0.9928433 0.08198255 -0.08683967 0.7290719 0 -0.6844372 0.8109399 0 -0.5851296 0.7290718 0 -0.6844372 -0.4405527 -0.685566 0.5795797 -0.4164834 -0.896583 0.1506004 -0.4352536 -0.8042156 0.404712 -0.3190965 -0.2175889 0.9224059 -0.3265822 -0.269917 0.9058085 -0.3935209 -0.4153964 0.8201141 -0.3447847 0.8855004 0.3114687 -0.3429035 0.8926147 0.2926709 -0.373224 0.2142292 0.9026681 -0.4298408 0.5285972 0.7319986 -0.4124134 0.445401 0.7946907 -0.3374329 -0.8543922 0.3951623 -0.2972022 -0.6671329 0.6830846 -0.2885522 -0.6371657 0.714673 -0.3388352 0.8567975 0.3887016 -0.342346 0.928392 0.1445251 -0.3380165 0.8544017 0.3946427 -0.6943969 0.5807515 0.4249008 -0.5984169 0.7801293 0.1824705 -0.8474145 0.4306849 0.3104825 -0.05888241 -0.7372721 0.6730251 -0.0298053 -0.9397031 0.3406904 -0.02980601 -0.9397037 0.3406887 -0.278119 0.9200172 0.2760766 -0.2692893 0.8089226 0.522616 -0.3682624 0.7296254 0.5762201 -0.1882579 -0.380212 0.9055374 -0.2692878 -0.8089226 0.5226169 -0.4209693 -0.8275108 0.3714982 -0.8032507 0.3498415 0.4820781 -0.6373075 0.1957324 0.7453376 -0.8040321 0.3510174 0.4799159 -0.182442 0.5594302 0.8085498 -0.1352886 0.2584424 0.9565064 -0.1824441 0.5594468 0.8085378 -0.5228554 0.01760238 0.8522397 -0.7914381 0.1309022 0.5970683 -0.7976986 0.1311822 0.5886156 -0.4389232 0.7136938 0.5458825 0.1053434 0.7413296 0.6628223 -0.4059707 0.8006026 0.4407078 -0.3042145 0.6948739 0.6516163 -0.3424684 0.8903758 0.2999107 -0.3030241 0.6914436 0.6558066 -0.1580606 0.4781464 0.8639404 -0.158072 0.4781631 0.8639291 -0.1887056 0.8196803 0.5408462 -0.5955438 0.05198162 0.8016394 -0.8279199 0.03859424 0.5595169 -0.8288756 0.03840434 0.5581132 -0.9367374 0 -0.3500331 -0.9367374 0 -0.3500334 -0.9367371 0 -0.3500337 -0.6383653 0.5391449 0.5493746 -0.6673094 0.6916432 0.2762752 -0.6465758 0.5495015 0.5291389 -0.1368676 0.1279325 0.9822936 -0.1101042 0.05600255 0.9923411 -0.1540365 0.1608096 0.9748914 -0.6336583 0.7716242 -0.05543869 -0.6336501 0.7716311 -0.05543422 -0.6336472 0.7716338 -0.05543267 -0.1283615 -0.2585933 0.9574199 -0.1620296 -0.5113561 0.8439559 -0.1628515 -0.5183395 0.8395258 -0.1628703 -0.5183659 0.8395059 -0.1283618 -0.2585174 0.9574404 -0.1897729 -0.8904513 0.4136217 -0.1620369 -0.5113617 0.843951 -0.1897736 -0.8904529 0.4136176 0.3863676 -0.8746612 0.292725 0.2226344 -0.7839012 0.5795972 0.2277726 -0.9351153 0.2714388 -0.7462933 -0.662356 -0.06580984 -0.5302273 -0.8466125 -0.04589772 -0.535372 -0.8433169 -0.04683285 -0.6630954 0.7462037 -0.05903124 -0.8454459 0.5289041 -0.07403916 -0.6616225 0.7476 -0.05787873 -0.8032463 -0.349856 0.482075 -0.6373088 -0.1957324 0.7453364 -0.6349293 -0.1933593 0.747982 -0.7224249 0.68832 -0.06571161 -0.8918589 0.445396 -0.07880479 -0.6630307 -0.6190239 0.420951 -0.5262109 -0.301918 0.7949514 -0.6219965 -0.4339298 0.6517863 -0.590945 -0.5016353 0.6317801 -0.4497797 -0.2465848 0.8584254 -0.7472509 -0.573861 -0.3351114 0.8582944 -0.008196115 0.5130922 0.6405392 6.96956e-4 0.7679252 0.8549285 0 0.5187459 -0.405205 -0.8001017 0.4423193 0.09786731 -0.6954194 0.7119087 0.1486068 -0.7561927 0.637251 -0.1898167 -0.7059797 0.6823213 -0.3545626 -0.7337816 0.5795256 -0.3916305 -0.889772 0.2343743 -0.3908054 -0.8923825 0.2256653 -0.9367307 0 -0.3500509 -0.9367308 0 -0.3500511 -0.9367308 0 -0.3500508 -0.8733583 -0.03423976 0.4858734 -0.9858587 -0.01545572 0.1668643 -0.8726193 -0.03442448 0.4871864 0.4148848 0 0.909874 0.4148854 0 0.9098738 0.4148829 0 0.9098749 -0.4405554 0.685581 0.5795599 -0.41385 0.9007263 0.1319862 -0.4299882 0.8608163 0.2722234 -0.2129945 0.8971232 0.3870443 -0.2063578 0.9664368 0.1530241 -0.2129926 0.8971144 0.387066 -0.9028592 -0.4226177 -0.07899022 -0.9028592 0.422618 -0.07898968 -0.9028593 0.4226178 -0.0789898 -0.4385968 -0.1429761 0.8872377 -0.267646 0.07959514 0.9602241 -0.2676416 -0.07959508 0.9602254 -0.7696055 -0.0623663 0.6354666 -0.9610752 -0.2631826 -0.0840801 -0.9610736 -0.2631889 -0.08407813 -0.9610753 -0.2631822 -0.08408021 -0.9405215 -0.3295261 -0.08265542 -0.8042234 -0.5901684 -0.07018595 -0.7993752 -0.5967237 -0.07014369 -0.9680202 0.02045434 0.2500377 -0.2758061 -0.07105559 0.9585834 -0.2890363 -0.05636155 0.9556576 -0.276153 -0.06897866 0.9586353 -0.8724504 -0.4635801 0.1546732 -0.8040596 -0.3510221 0.4798664 -0.3192775 0.2182157 0.922195 -0.4347385 0.8171112 0.3785918 -0.1959418 0.9803903 -0.02102094 -0.1969361 0.9802148 -0.01987969 -0.1990795 0.9798286 -0.01741772 -0.3868634 -0.4799692 0.7873795 0.2337257 -0.6535941 0.7198522 0.573888 -0.5257131 0.627916 0.2911195 -0.2991539 0.9087114 -0.9208366 0.2031287 0.3328647 -0.6335964 0.7716758 -0.05542641 -0.6336485 0.7716324 -0.05543756 -0.6336523 0.7716292 -0.05543839 -0.3935193 0.4153822 0.8201222 -0.3318636 0.2869574 0.8986223 0.2181684 0.4613351 0.8599841 0.4816561 0.8669278 0.1282328 0.3277711 0.8964629 -0.2981952 -0.5179589 0.2631239 0.8139315 -0.1901147 -0.3031348 0.9337911 -0.9611216 0.2630112 -0.08408695 -0.9611216 0.2630113 -0.0840854 -0.9611217 0.2630114 -0.0840848 -5.29963e-7 -1 -3.24766e-7 -0.3923958 0.502341 0.7705057 0.909307 0.3374276 0.2435231 0.2042748 0.930922 0.3027477 0.8335127 0.3416556 0.4341983 -0.9961946 1.54584e-6 -0.08715778 -0.6955592 0.1718162 0.6976222 -0.7696059 0.06236648 0.6354663 -0.9420355 -0.0282436 0.3343225 -0.9961953 -2.87282e-7 -0.08714926 -0.6755783 0 0.7372883 -0.3419949 0 0.9397018 -0.3419947 0 0.939702 0.6064459 0.7933527 0.05305689 0.2578347 0.9659257 0.02255767 0.2578344 0.9659258 0.02255797 0 1 2.60578e-6 -0.8965187 0 -0.4430062 -0.8471025 0 -0.5314297 -0.896519 0 -0.4430056 0.6023674 -0.7964812 0.05264282 -0.04856747 -0.9988109 -0.004258155 -0.0485779 -0.9988104 -0.004253685 0.0462256 0.998923 0.004044711 -0.6031982 0.7958446 -0.05275779 0.04627656 0.9989205 0.004049539 -0.6970332 0 -0.7170388 -0.4535624 0 -0.8912246 -0.4535624 0 -0.8912246 -0.2521192 0.5065022 0.8245553 -0.1691082 0.2401958 0.9558809 -0.2623377 0.5401068 0.7996647 0.7353925 0.6745802 0.0643391 0.735391 0.6745818 0.0643388 -0.1687002 -0.9855569 -0.01476049 -0.1687009 -0.9855568 -0.01476067 -0.1687009 -0.9855569 -0.01476067 0.2560836 0 -0.9666547 0.6351497 0 -0.7723891 0.2560834 0 -0.9666548 0.9363412 0.3414155 0.08185827 0.9363412 0.3414155 0.08185768 -0.6403428 -0.7660433 -0.05602556 -0.9810599 -0.1736488 -0.08583551 -0.6403464 -0.7660405 -0.05602407 -0.9961978 0 -0.08711987 -0.6616222 -0.0490815 0.7482294 -0.6598963 -0.04934048 0.7497349 -0.1943476 0.9807854 -0.01700288 -0.1943476 0.9807854 -0.01700294 -0.1943476 0.9807854 -0.01700329 -0.9832974 0 0.1820061 -0.9832975 0 0.1820061 -0.0588805 0.7372865 0.6730095 -0.0789889 0.4226415 0.9028483 -0.07898914 0.4226275 0.9028548 -0.9063055 0 0.4226232 -0.6990301 0 0.7150923 -0.4174565 0 0.908697 -0.6990301 0 0.7150923 -0.872412 0.4633648 0.1555328 -0.0298078 0.9396978 0.3407049 -0.0588802 0.737291 0.6730045 0.67302 -0.7372768 0.05888241 0.3407194 -0.9396924 0.02980947 0.6730203 -0.7372765 0.05888205 -0.9832983 0 0.1820021 -0.9832983 0 0.182002 -0.9832982 0 0.182002 -0.697018 0 -0.7170537 -0.4535583 0 -0.8912267 -0.181986 -0.2547476 0.9497288 -0.3504756 -0.7406794 0.5732024 -0.2621704 -0.4621379 0.8471689 -0.08715611 4.48192e-7 0.9961947 0.8632156 -0.4991641 0.07545959 0.607784 -0.7923219 0.05314874 0.6077755 -0.7923284 0.05314821 -0.1943472 -0.9807854 -0.01700335 -0.1943474 -0.9807854 -0.01700323 -0.1943467 -0.9807856 -0.01700365 -0.1990228 -0.6932423 0.6926797 -0.1493307 -0.3412484 0.9280355 -0.3812276 0.9238795 -0.03334867 0.8597828 -0.00808072 0.510596 0.6583056 7.16998e-5 0.7527508 0.5381485 -0.004011273 0.8428406 -0.9961947 1.91634e-7 -0.08715718 -0.181131 -0.9710051 0.156015 -0.1811316 -0.971005 0.1560147 -0.6970337 0 -0.7170385 -0.4535622 0 -0.8912247 -0.4535627 0 -0.8912245 -0.08715373 -4.04581e-6 0.996195 0.08716422 0 -0.996194 0.08716344 0 -0.9961941 -0.03683447 -0.9062973 0.4210325 -0.036834 -0.906313 0.420999 0 -1 3.36995e-6 -0.8989731 0 0.4380039 -0.6336569 -0.7716256 -0.05543512 -0.6336659 -0.7716179 -0.05543977 -0.6336538 -0.7716283 -0.05543345 0.2468848 0.007300317 0.9690174 0.5603832 -0.004790544 0.8282197 0.2534399 0 0.9673512 0.6756304 -3.96021e-7 0.7372406 0.906342 0 0.4225452 0.9063251 -4.0652e-7 0.4225813 -0.440208 -0.6876198 0.5774045 -0.4050456 -0.8643705 0.2979962 -0.9961988 2.12131e-5 -0.08711022 0.936118 -0.3420169 0.08189988 0.734473 -0.6755889 0.06425815 0.936118 -0.3420171 0.08189982 0.7120399 -0.6250185 0.3199235 -0.3325363 -0.9426417 -0.02909368 0.8627305 0.4999991 0.07547944 0.606446 0.7933526 0.05305683 -0.04357671 -0.8660271 0.4980944 -0.02255636 -0.9659288 0.2578232 -0.04357683 -0.8660272 0.4980943 -0.01513308 -0.9848102 0.1729738 -0.08715558 0 0.9961948 -0.340716 -0.9396936 -0.02980977 -0.860322 -0.5041679 -0.07523936 -0.8603221 -0.5041678 -0.07523924 -0.1283632 -0.2585451 0.9574327 -0.1620354 -0.5113605 0.843952 -0.9611219 -0.2630101 -0.08408606 -0.9611229 -0.2630053 -0.08408862 -0.9611215 -0.2630118 -0.0840851 -0.9961948 0 -0.08715426 -0.4500772 0.1286242 0.8836777 -0.7694649 0.4593945 0.4437122 3.32696e-6 1 1.70873e-6 -0.7602431 -0.6462282 -0.06648123 -0.7602431 -0.6462282 -0.06648087 -0.6456861 -0.3111873 0.6973177 -0.4087736 -0.7238545 0.5558227 -0.5249125 -0.660961 -0.5362811 -0.08715832 2.29788e-7 0.9961945 -0.8628699 -0.327089 0.3853161 -0.9193957 -0.370465 0.132164 -0.6643216 -0.3978305 0.6327778 -0.1729843 -0.9848084 -0.01513528 0.08418464 -0.2587987 -0.9622558 0.07547795 -0.4999898 -0.862736 -4.71383e-7 -1 -3.91584e-7 -0.6379213 -0.6851035 0.3516954 -0.3325397 0.9426406 -0.02908778 -0.9367383 1.06804e-6 -0.3500307 -0.9367375 2.75587e-7 -0.3500329 -0.9367386 1.34363e-6 -0.3500299 -0.729776 -0.6832936 0.02317082 -0.7080665 -0.7034306 -0.06186491 -0.9961948 0 -0.08715486 -0.8989745 0 0.4380011 -0.9961946 0 -0.08715736 -0.1695139 -0.2403929 0.9557595 -0.2415744 -0.4714987 0.8481338 -0.281197 -0.4786039 0.8317852 -0.07899373 -0.4225189 0.9029054 -0.05888336 -0.7372498 0.6730495 -0.9961952 0 -0.08715099 -0.6336215 -0.7716549 -0.05543118 -0.6336287 -0.771649 -0.0554316 -0.633621 -0.7716553 -0.05543118 0.3407194 0.9396924 0.02980947 0.3407192 0.9396924 0.02980995 0.08715444 0 -0.9961949 0.08715456 0 -0.9961949 -0.1687062 0.985556 -0.01475954 -0.1687082 0.9855555 -0.01475983 -0.1687083 0.9855555 -0.01475983 -0.2195933 -0.3983801 0.890546 -0.3011627 -0.6836767 0.6647459 -0.304087 -0.694981 0.6515616 0.6364285 0.7693279 0.05561834 0.8130958 0.5777719 0.07109826 0.6364085 0.7693449 0.05561244 0.1679421 0.9856874 0.01468741 -0.08377599 -0.9964577 -0.007317006 -8.52999e-7 1 4.05957e-7 0.9028595 -0.4226173 0.07899069 0.962377 -0.2583537 0.08416569 0.8407376 -0.5364204 0.07357692 0.8407403 -0.5364162 0.07357758 -0.941787 -0.2191499 0.2549721 -0.9419146 -0.2195543 0.2541515 0.9115093 0.3848707 0.1450012 -0.5665826 0 0.824005 -0.5665827 0 0.824005 -0.5665823 0 0.8240052 -0.2778617 0.07158827 0.9579499 -0.2731192 0.07674431 0.9589141 -0.2789852 0.06722414 0.9579396 -0.1620378 0.5113406 0.8439637 -0.1283614 0.2585931 0.9574199 -0.1620303 0.5113573 0.843955 -0.3677383 0.7848289 0.4988107 -0.2414658 0.3895739 0.8887782 -0.381227 0.9238797 -0.03335362 -0.3812271 -0.9238796 -0.0333535 -0.8583536 0.5075328 -0.07509744 -0.5992938 -0.7988349 -0.05205661 -0.6000579 -0.7982324 -0.05249559 0.2762283 0.8807505 0.3846773 0.8666244 0.05607229 0.4958007 0.8109302 0 -0.5851429 0.85811 0 -0.5134661 0.8109303 0 -0.5851429 0.3420851 -3.3056e-7 0.939669 0.6756129 -6.32745e-7 0.7372566 -0.1687093 -0.9855554 -0.01476061 -0.168707 -0.9855558 -0.01476055 -0.1687068 -0.9855558 -0.01476055 0.42101 -0.9063078 0.03683358 0.7344729 -0.675589 0.06425821 0.4210101 -0.9063078 0.03683358 0.01513272 -0.9848113 -0.1729676 0.01513278 -0.9848275 -0.1728757 -0.1283787 0.2586275 0.9574084 -0.128405 0.2586748 0.957392 -0.07547813 -0.4999898 0.862736 -0.0841847 -0.2587989 0.9622558 -0.0841856 -0.2587978 0.962256 0 1 4.28623e-7 0.8131057 -0.5777576 0.07110178 0.6023951 -0.7964599 0.05264919 -0.07547765 -0.4999908 0.8627355 -0.8092612 0 -0.5874491 -0.3044994 -0.8339877 0.4601573 -0.8092603 0 -0.5874502 -0.858353 0.5075336 -0.07509952 -0.8989788 0 0.4379922 -0.8092611 2.20394e-6 -0.5874491 -0.9038543 0.42215 -0.06954807 -0.9925566 -0.1054028 -0.06100475 0.5306895 0 -0.8475663 0.6990345 0 -0.715088 0.6990342 0 -0.7150883 -0.8760644 -0.1423492 0.4607037 -0.9961946 -2.12552e-6 -0.08715718 -0.9961948 -1.59503e-5 -0.08715474 0.1679497 0.9856862 0.01468437 -0.9645287 0.2504358 -0.08346617 -0.9638373 0.2527987 -0.08432435 -0.9961948 0 -0.08715498 0.08717036 0 -0.9961934 0.08717054 0 -0.9961934 -0.1811386 -0.97101 0.1559757 -0.1811311 -0.9710045 0.1560192 0.08418411 -0.2588087 -0.9622532 0.08418619 -0.2587943 -0.9622569 -0.9961952 0 -0.08715105 -0.8583521 -0.5075358 -0.07509273 -0.08715242 3.64746e-7 0.9961951 -0.08715516 1.13856e-6 0.9961948 -0.9961934 0 -0.08717137 -0.6755781 0 0.7372885 -0.341995 0 0.9397018 -0.1853643 -0.9528992 0.2400485 -0.1898202 -0.8630537 0.4680882 -0.1898124 -0.8630461 0.4681056 -0.394246 -0.3075012 0.866033 -0.4010528 -0.4652315 0.7891239 -0.3703349 -0.2029446 0.9064578 -0.08715587 0 0.9961948 -0.08715069 -1.48722e-6 0.9961952 0.2445094 0.007174849 0.9696205 0.2376585 0 0.9713489 -0.2777922 -0.07161778 0.9579679 -0.2896527 -0.05732125 0.9554139 -0.2796075 -0.06693065 0.9577786 -0.3812274 -0.9238795 -0.03335344 -0.6032062 0.7958384 -0.05275875 -0.8133648 0.5773883 -0.07113695 -0.9112315 -0.4039182 -0.0806688 -0.7518919 -0.6560175 -0.06557393 -0.3423248 -0.8865455 0.3112087 -0.342293 -0.8858129 0.3133226 -0.2199015 0.3984416 0.8904424 -0.2195219 0.3983665 0.8905697 -0.9610795 0.2631668 -0.08407974 -0.4210094 0.9063081 -0.03683334 0 -1 1.7068e-6 0 -1 -1.84822e-6 0 1 0 0 1 2.62511e-7 0 1 8.78748e-7 0 1 -1.91879e-6 0 1 2.30877e-6 0 1 4.56109e-6 -0.8092597 0 -0.5874512 -0.8092607 -6.81174e-6 -0.5874498 -0.168701 0.9855569 -0.01475924 0 -1 3.3608e-6 0 -1 -3.69623e-6 -0.996195 0 -0.08715242 2.31304e-6 -1 -5.24705e-7 1.93911e-6 -1 0 4.43945e-6 -1 -4.14829e-6 1.42877e-6 -1 0 0 -1 1.33561e-6 5.17775e-6 -1 -7.05227e-6 1.79683e-6 -1 -2.3985e-7 0 -1 2.24933e-6 0 -1 1.80865e-6 0 -1 5.15128e-7 0 -1 -1.65932e-6 0 -1 1.19922e-6 -3.50669e-6 -1 -2.21847e-6 -6.36122e-6 -1 -1.34145e-6 -0.9962006 0 -0.08708906 -0.08715528 0 0.9961947 -0.08715409 0 0.9961948 -0.08715337 1.92139e-6 0.9961949 -0.08715516 -6.33606e-7 0.9961948 -0.08718264 -4.41337e-5 0.9961924 -0.087152 1.26304e-6 0.9961951 -0.08715099 1.1268e-6 0.9961951 -0.08714377 -1.10621e-6 0.9961957 0.9028593 0.4226177 0.07899105 2.32693e-6 -1 0 2.42152e-6 -1 -2.48897e-6 1.71453e-6 -1 0 0 -1 -2.07095e-6 0 -1 3.93529e-7 0 -1 1.33559e-6 1.02665e-6 -1 3.52614e-6 0 -1 8.3947e-7 -0.1990785 -0.9798289 -0.01741707 -0.1897816 0.8904439 0.4136337 -0.07898908 -0.4226279 0.9028546 -0.1897573 0.8904545 0.4136218 -0.08418548 -0.2588006 0.9622552 0.3017776 -0.9530124 0.02641648 -0.4891839 0.3620482 0.7934862 -0.5805419 0.630551 0.5151471 0.9623773 0.2583534 0.08416295 -0.08715575 6.60767e-7 0.9961947 -0.08715569 0 0.9961947 -0.08715122 1.05003e-5 0.9961951 -0.08715564 0 0.9961947 -0.0871576 2.86876e-6 0.9961946 -0.08715617 7.07818e-7 0.9961947 -0.08714324 -1.05049e-5 0.9961958 -0.08715003 1.57886e-6 0.9961952 -0.8406955 -0.1507248 0.5201089 -0.3407148 0.939694 -0.02980923 -0.4913692 0 -0.8709514 -0.9961948 0 -0.0871545 -0.08715367 0 0.9961949 -0.3325349 -0.9426422 -0.02909255 -0.3325362 -0.9426417 -0.02909302 -0.3325359 -0.9426419 -0.02909088 -0.332538 -0.9426411 -0.02909028 -7.52247e-7 1 2.9593e-6 0 1 -8.70163e-7 0 1 1.11925e-6 2.70515e-7 1 1.44457e-6 -1.42487e-7 1 1.58532e-6 0 1 2.43246e-6 0 1 -2.09882e-6 0 1 -1.13555e-6 0 -1 3.3813e-7 -2.09452e-6 -1 -2.50193e-6 -2.10354e-6 -1 0 0 -1 3.90021e-7 1.32227e-6 -1 -1.76287e-5 0 -1 -1.07479e-6 2.30137e-6 -1 0 0 -1 -1.75372e-5 -0.1283631 0.2585444 0.9574329 -0.07899057 0.4226281 0.9028545 0.1733877 0.06922751 0.9824177 0.4863336 0.2089167 0.8484301 0.1346502 0.100837 0.9857491 0.2656635 0.2740476 0.9242948 0.05011337 0.207387 0.9769746 -0.05531382 0.1734917 0.9832808 -0.8583509 -0.507538 -0.0750938 -0.3325363 0.9426416 -0.0290929 -0.3325359 0.9426419 -0.02908992 -0.3325365 0.9426417 -0.02908974 -0.3325367 0.9426415 -0.02909249 -0.08715415 1.37841e-6 0.9961948 -0.08715516 0 0.9961948 -0.08715665 0 0.9961947 -0.08715552 -1.89532e-6 0.9961948 -0.08715301 3.26797e-7 0.996195 -0.08715909 -5.25645e-6 0.9961944 -0.08715355 -9.95952e-7 0.996195 -0.08716028 0 0.9961943 -0.08716034 0 0.9961943 0.07350528 -0.5372848 -0.8401918 0.414885 0 0.9098739 -0.9988554 0 0.04783415 -0.9888778 0 0.1487306 -0.9988554 0 0.04783415 -0.9888778 0 0.1487305 -0.9265477 0 0.3761776 -0.9961954 0 -0.08714872 -0.270108 0.07717227 0.9597323 -0.2758694 0.06001883 0.9593195 0.5665687 0 -0.8240147 0.5665699 0 -0.8240137 0.4174672 0 -0.908692 0.4174688 0 -0.9086913 0.8109403 0 -0.585129 -0.4299935 -0.8607945 0.2722837 -0.4208758 0.4237918 0.8020375 -0.3367945 -0.8454565 0.414455 -0.3430755 0.925167 0.1623736 -0.6401321 0.7104648 -0.2923537 -0.6379207 0.6851035 0.3516967 -0.7694653 -0.4593938 0.4437124 -0.7022132 -0.1500251 0.6959807 -0.4500743 -0.1286248 0.8836792 -0.3541699 -0.1128171 0.9283513 -0.3043864 -0.2562057 0.9174463 -0.6349574 0.1933882 0.7479506 -0.1352779 0.2583872 0.9565228 -0.5093843 0.01623278 0.8603861 -0.4266642 0.7935768 0.4338129 -0.392829 0.8939917 0.2155556 -0.3422928 0.8858123 0.3133247 -0.1882305 0.9276816 0.3224535 -0.1882221 0.9276895 0.3224355 -0.1887004 0.8196828 0.540844 -0.593598 0.0522083 0.8030664 -0.9367375 0 -0.3500328 -0.665657 0.6966901 0.2674394 -0.2507144 0.4318264 0.8664112 -0.6336614 0.7716214 -0.05544042 -0.1283659 -0.2585604 0.9574283 -0.12839 -0.2585659 0.9574235 -0.8512834 0.519376 -0.07459968 -0.7131913 0.6981872 -0.06239223 -0.6887902 -0.6160412 0.3821799 -0.6646192 -0.7228938 0.1889602 -0.657137 -0.1363356 0.7413391 -0.9367306 0 -0.3500512 -0.9859665 -0.01538997 0.1662329 0.4148873 0 0.9098728 -0.2063603 0.9664426 0.1529844 -0.4016489 -0.1005999 0.9102516 -0.3043895 0.2562066 0.9174449 -0.1882587 0.3802142 0.9055362 -0.1231281 0.08734899 0.9885391 -0.1320899 0.1736764 0.9759042 -0.1231272 -0.08734852 0.9885393 -0.1320898 -0.1736764 0.9759041 -0.3541727 0.1128167 0.9283502 -0.1756503 0.06617754 0.9822258 -0.1756495 -0.06617742 0.982226 -0.9610735 -0.2631894 -0.08407801 -0.9403055 -0.3302391 -0.08226603 -0.9682424 0.02034747 0.2491842 -0.2750061 -0.06000781 0.959568 -0.2861764 -0.1202796 0.9505978 -0.2811518 -0.1068448 0.953697 -0.8723975 -0.4633935 0.1555292 -0.1938634 0.9807494 -0.02340453 0.627575 -0.3203811 0.7095813 0.2556272 -0.1575136 0.9538576 0.228733 -0.4567968 0.8596615 0.9962315 2.56872e-4 0.08673453 -0.9218926 0.2058646 0.3282282 -0.633593 0.7716786 -0.0554257 -0.9090008 0.2867915 0.3024376 0.2954162 0.7432733 0.6002284 -0.4923798 0.237603 0.8373213 -0.1956266 -0.3223888 0.9261726 -0.9611215 0.2630111 -0.08408755 1.2322e-7 -1 0 0 -1 0 0 -1 0 0.6580112 0.6852526 0.31217 -0.9961948 0 -0.08715564 -0.9227406 -0.02131026 0.3848323 -0.646077 0.3105328 0.6972473 -0.3971468 0.8476341 0.3518394 -0.7790566 -0.2005251 0.5940208 -0.9961954 0 -0.08714801 0 1 -1.15439e-6 0 1 -3.42122e-6 -0.9880169 0 -0.1543458 -0.9673378 0 -0.2534912 -0.9880169 0 -0.1543458 -0.9673378 0 -0.253491 -0.8471019 0 -0.5314306 -0.1702672 0.2440164 0.9547068 -0.1687002 -0.9855569 -0.01476049 0.63515 0 -0.7723889 -0.9961978 0 -0.08711987 -0.1943475 0.9807855 -0.01700258 -0.9063054 0 0.4226232 -0.2560781 0 0.9666561 -0.4174565 0 0.908697 -0.8109386 0 0.5851312 -0.8109387 0 0.5851312 -0.8724306 0.4635937 0.1547443 -0.0298078 0.9396979 0.3407045 0.3407192 -0.9396924 0.02980989 -0.697018 0 -0.7170536 -0.1144474 -0.06669938 0.9911878 -0.08715617 0 0.9961947 0.8632157 -0.4991641 0.0754593 -0.1943478 -0.9807853 -0.01700294 -0.1493204 -0.3411934 0.9280574 -0.3812277 0.9238795 -0.03335231 0.863261 0 0.5047578 -0.9961947 0 -0.08715641 0 1 -2.08822e-6 0 1 -3.98322e-7 0 1 -9.51538e-6 0 1 1.30868e-6 -0.6970329 0 -0.7170392 -0.08715683 6.69663e-7 0.9961946 -0.08715611 6.52942e-7 0.9961947 -0.08715474 5.20861e-7 0.9961948 -0.08715575 1.52006e-6 0.9961948 -0.08715522 1.50582e-6 0.9961948 -0.08715367 -3.86689e-6 0.9961949 -0.08715838 -3.36324e-6 0.9961946 -0.08715671 2.36519e-6 0.9961947 -0.08715838 -1.19069e-6 0.9961945 -0.08715504 0 0.9961948 -0.08715564 3.33797e-7 0.9961948 -0.08715152 -1.15312e-6 0.9961951 -0.08716064 -2.65375e-6 0.9961944 -0.0871554 6.0605e-7 0.9961947 -0.08715558 3.32558e-7 0.9961947 -0.08716768 -1.96981e-5 0.9961937 -0.08715492 0 0.9961948 -0.08715498 0 0.9961948 -0.08714729 1.22053e-5 0.9961955 -0.08716487 -1.16362e-5 0.9961939 -0.08715015 -7.00609e-7 0.9961952 -0.08715271 -1.28528e-6 0.996195 -0.08715635 -1.6527e-6 0.9961947 -0.08715867 -1.8719e-6 0.9961944 0 -1 -4.91484e-6 -0.898973 0 0.4380041 -0.6336693 -0.7716149 -0.05544161 0.1056975 -0.7737617 0.6245966 -0.3981651 -0.3326482 0.8548741 -0.4033497 -0.8156495 0.4147589 -0.2629003 -0.4106766 0.8730568 -0.4361973 -0.7154399 0.5457817 -0.397435 -0.3150383 0.8618564 -0.9961955 -1.52555e-6 -0.08714753 -0.9961943 4.57342e-6 -0.08716076 -0.9961936 6.51291e-7 -0.08716839 -0.9961948 2.56595e-6 -0.08715504 -0.9961947 0 -0.08715707 -0.9961943 0 -0.08716106 -0.9961952 -1.15206e-5 -0.08715051 -0.9961956 -4.94251e-5 -0.08714652 0.7977563 -0.3892964 0.4604709 -0.3325365 -0.9426416 -0.0290935 -0.3325359 -0.9426419 -0.02909022 -0.3325367 -0.9426416 -0.02909409 -0.33254 -0.9426404 -0.02908843 0.8627305 0.4999991 0.07547968 -0.02255624 -0.9659289 0.2578231 -0.01513308 -0.9848192 0.172923 -0.08715718 0 0.9961946 -0.08715575 8.57843e-7 0.9961948 -0.08715569 0 0.9961948 -0.08715534 0 0.9961948 -0.08715504 0 0.9961948 -0.0871573 0 0.9961947 -0.3407144 -0.9396942 -0.02981019 -0.1283645 -0.2585446 0.9574327 -0.9611234 -0.2630035 -0.08408957 0 1 1.34904e-7 -6.50979e-7 1 7.37902e-7 -7.59034e-7 1 5.01006e-7 -0.08715599 -1.70434e-6 0.9961947 -0.08715522 -6.34454e-7 0.9961948 -0.0871331 1.70064e-5 0.9961967 -0.08715325 -2.73478e-6 0.996195 -0.08715188 -1.17401e-5 0.996195 -0.08716154 -5.71794e-6 0.9961942 -0.08716017 1.1269e-6 0.9961943 -0.08715945 -3.24315e-6 0.9961944 -0.08715492 -1.9732e-6 0.9961948 -0.08715522 -7.90311e-6 0.9961948 -0.08715581 -4.45075e-6 0.9961947 -0.08715558 5.60697e-7 0.9961948 -0.08715486 -1.32243e-5 0.9961948 -0.08714872 -1.21157e-5 0.9961954 -0.08715569 5.10192e-7 0.9961947 -0.08715581 0 0.9961947 -0.08715832 4.13477e-7 0.9961946 -0.08715707 1.22831e-7 0.9961947 -0.5766888 -0.7267906 0.3731027 -0.1729834 -0.9848085 -0.01513528 0.08418554 -0.2587976 -0.962256 2.16867e-7 -1 -1.43145e-7 3.70383e-6 -1 -2.39206e-6 0 -1 -1.84476e-7 0 -1 0 -0.2781164 -0.9200187 0.2760744 -0.3325362 0.9426417 -0.02909088 -0.3325356 0.9426419 -0.02909249 -0.3325351 0.9426422 -0.02908986 -0.3325365 0.9426416 -0.02909231 -0.8989703 0 0.4380097 -0.8989728 7.78486e-6 0.4380045 -0.8989744 0 0.4380013 -0.9961946 0 -0.08715689 -0.170248 -0.2439596 0.9547249 -0.07899278 -0.4225739 0.9028797 -0.6336292 -0.7716486 -0.0554316 0.2560506 0 -0.9666635 0.5306906 0 -0.8475657 0.2560517 0 -0.9666632 -0.1687061 0.985556 -0.01475954 -0.2202945 -0.4008614 0.8892585 0.8130964 0.5777693 0.07111138 0 1 1.34143e-6 0 1 -8.48698e-7 0 1 -4.25376e-6 0 1 3.37206e-7 -6.0173e-7 1 6.50662e-7 0 1 1.15157e-6 -1.31414e-7 1 1.02171e-6 0.9028595 -0.4226173 0.07899039 0.9623771 -0.2583537 0.08416509 0 1 -4.6215e-5 -0.566583 0 0.8240048 -0.2795341 0.06082433 0.9582073 -0.2772875 0.06078988 0.958862 -0.2897729 0.05720424 0.9553844 -0.1283659 0.2585604 0.9574282 -0.381227 0.9238796 -0.03335374 -0.3812271 -0.9238798 -0.03335052 -0.8583531 0.507534 -0.07509368 0.4019823 0.8949495 0.1935862 0.6677094 0 -0.7444221 0.6677093 0 -0.7444222 0.4560893 0 -0.8899341 0.4560891 0 -0.8899342 0.85811 0 -0.5134661 0.3420016 -1.05936e-6 0.9396994 -4.19976e-6 1 1.33558e-6 3.12446e-6 1 2.09882e-6 -1.46426e-6 1 8.91544e-7 -2.85645e-6 1 -3.83758e-6 -5.13074e-7 1 -5.25021e-7 5.80022e-7 1 -1.54578e-6 3.43501e-6 1 3.51499e-6 -7.76387e-6 1 3.61728e-6 6.16647e-6 1 5.62329e-6 -1.15794e-6 1 0 2.39125e-6 1 -2.92624e-6 -0.1687095 -0.9855554 -0.01476061 0 1 6.79391e-7 0.8131064 -0.5777551 0.07111245 -0.8092611 0 -0.5874492 -0.3420622 -0.8835434 0.3199135 -0.3554397 -0.766796 0.5344966 -0.3013311 -0.9156962 0.2658954 -0.8092622 0 -0.5874477 -0.809261 2.43278e-6 -0.5874493 -0.8092607 0 -0.5874498 -0.8583516 0.5075367 -0.07509362 -0.8989759 9.38804e-6 0.4379984 -0.9964215 0.04176771 0.07348328 -0.9919422 0.09232217 -0.08676105 -0.9961948 0 -0.0871551 -0.9961942 0 -0.08716219 -0.9961948 0 -0.08715492 -0.9961951 0 -0.08715093 -0.8583524 -0.5075352 -0.07509422 -0.08715462 0 0.9961948 -0.08715486 2.07491e-7 0.9961948 -0.08715218 0 0.996195 -0.08715581 -2.14579e-6 0.9961947 -0.08715516 0 0.9961948 -0.08715552 2.19623e-6 0.9961947 -0.08715522 2.97089e-6 0.9961948 -0.08715867 1.71177e-6 0.9961945 -0.0871517 3.0251e-6 0.996195 -0.08715564 0 0.9961947 -0.08715605 -1.89167e-7 0.9961947 -0.08715599 0 0.9961947 -0.08715558 -2.65634e-7 0.9961948 -0.08715671 8.65405e-7 0.9961946 -0.08715546 6.07479e-7 0.9961947 -0.08715689 1.01746e-6 0.9961946 -0.08715766 -1.86239e-6 0.9961946 -0.08714824 -1.10971e-5 0.9961954 -0.9961932 -4.19617e-6 -0.0871737 -0.9961934 0 -0.08717131 -0.9961932 4.19617e-6 -0.0871737 -0.9961943 1.22644e-5 -0.08716136 -0.9961998 -2.79947e-5 -0.08709788 -0.9961933 0 -0.08717274 -0.9961933 0 -0.0871728 -0.9961943 -1.2305e-5 -0.08716136 -0.9961999 2.79948e-5 -0.08709806 -0.3419947 0 0.9397019 -0.1853694 -0.9528944 0.2400635 -0.3469604 -0.1210248 0.9300385 -0.08715593 0 0.9961948 -0.08715713 6.2762e-6 0.9961947 -0.08715647 0 0.9961947 -0.08715468 0 0.9961948 -0.08715677 0 0.9961947 -0.08715474 0 0.9961948 -0.08715671 0 0.9961946 -0.08715623 0 0.9961947 -0.08715617 -5.59042e-7 0.9961947 -0.08715599 0 0.9961947 -0.08715504 -8.95529e-7 0.9961948 -0.08715671 -2.09225e-6 0.9961946 -0.08715629 -3.17984e-7 0.9961947 -0.08715623 0 0.9961947 -0.08715474 0 0.9961948 -0.08715605 -9.03139e-7 0.9961947 -0.0871554 0 0.9961947 -0.08715522 -2.9548e-6 0.9961948 -0.08715426 -8.28518e-7 0.9961949 -0.08715415 -1.5192e-7 0.9961949 -0.08715564 -2.67577e-6 0.9961947 -0.2771008 -0.06073522 0.9589194 -0.282084 -0.06087845 0.9574562 -0.2730705 -0.07672578 0.9589295 -0.3812273 -0.9238796 -0.03335064 -0.8133648 0.5773883 -0.07113701 -0.9092807 -0.4085111 -0.0795449 -0.223487 0.4112071 0.8837206</float_array>
          <technique_common>
            <accessor source="#fifth_wheel-mesh-normals-array" count="1031" stride="3">
              <param name="X" type="float"/>
              <param name="Y" type="float"/>
              <param name="Z" type="float"/>
            </accessor>
          </technique_common>
        </source>
        <source id="fifth_wheel-mesh-map-0">
          <float_array id="fifth_wheel-mesh-map-0-array" count="5766">0.8647376 0.8238731 0.8540771 0.8236325 0.8647376 0.8237637 0.8020309 0.9512686 0.4756898 0.951285 0.8021268 0.9448497 0.2841468 0.8602718 0.8574192 0.964414 0.8573089 0.9644152 0.2915905 0.958561 0.5326739 0.9724355 0.5326739 0.9759894 0.9944826 0.900384 0.9958583 0.9002441 0.9958589 0.900384 0.06436955 0.9723574 0.06216531 0.9761012 0.06216257 0.9723574 0.900507 0.9959074 0.5543999 0.9966151 0.5554929 0.9966165 0.5349345 0.9723849 0.5338041 0.9759125 0.5338041 0.9723573 0.593134 0.9129896 0.5937795 0.9134998 0.5934196 0.9142763 0.5896682 0.9190034 0.5881525 0.9158316 0.5887148 0.9148511 0.5772618 0.9129896 0.5779075 0.9134998 0.5775223 0.9145637 0.4437578 0.9723575 0.4448613 0.9723574 0.4448605 0.9735153 0.9513338 0.6346524 0.957348 0.6347444 0.9513316 0.6347444 0.6092866 0.9148511 0.6084786 0.9141395 0.6096471 0.9134998 0.1106024 0.9959127 0.1104885 0.9971026 0.1105034 0.9959089 0.9858981 0.1446607 0.9831399 0.1435573 0.9858981 0.1435572 0.5976024 0.9190034 0.5960874 0.9158316 0.5965753 0.9151298 0.61347 0.9190033 0.611955 0.9158316 0.6124429 0.9151297 0.9978898 0.6772313 0.6822528 0.9982557 0.9978888 0.6773407 0.9093276 0.8767789 0.9192737 0.8766067 0.9192731 0.8767909 0.9632651 0.6909534 0.9675782 0.6909534 0.966857 0.691534 0.883761 0.566201 0.8972781 0.5660904 0.8972781 0.5662007 0.5052072 0.8083936 0.5016497 0.809196 0.504339 0.8077126 0.9203237 0.1272728 0.9288448 0.122861 0.9287895 0.1272728 0.6055362 0.9190034 0.6040212 0.9158316 0.6045091 0.9151298 0.9628203 0.9534471 0.8540771 0.8237419 0.9628215 0.9533367 0.07592737 0.9631044 0.07231134 0.9678844 0.07231134 0.9630371 0.995063 0.006891608 0.9959774 0.00724864 0.994466 0.00724864 0.2947506 0.9993916 0.2946549 0.9989283 0.2947506 0.9989317 0.5421113 0.9993701 0.9994165 0.531511 0.5421149 0.9989048 0.5765077 0.9446358 0.5762812 0.9371492 0.5765077 0.9371503 0.9959958 0.0464335 0.9964742 0.04654258 0.9959958 0.04652541 0.9959968 0.3532067 0.9970895 0.3533492 0.9959966 0.3533492 0.9943094 0.9910985 0.9933934 0.9914552 0.9927959 0.9910985 0.7165728 0.8461425 0.7167125 0.8354831 0.7168219 0.8354843 0.9958549 0.8650484 0.9957724 0.8651418 0.9952892 0.8649688 0.2875492 0.9163516 0.2876934 0.9100135 0.2876595 0.916353 0.5618053 0.7914262 0.5602905 0.7888309 0.5611619 0.7881557 0.5851979 0.9129896 0.5858436 0.9134998 0.5854585 0.9145637 0.9981769 0.7363784 0.9987986 0.7362322 0.9987347 0.7363784 0.9721472 0.01645159 0.9678412 0.01503789 0.9722168 0.01503789 0.6588816 0.9907396 0.575343 0.9776746 0.5731449 0.9776908 0.2960662 0.9860415 0.2949627 0.9884176 0.2949627 0.9860416 0.9262843 0.4673389 0.9203238 0.4596166 0.9285199 0.4596166 0.8411341 0.03639429 0.8349512 0.03800898 0.8346181 0.03118252 0.2876595 0.916353 0.8647376 0.8237637 0.2875492 0.9163516 0.5802194 0.9132959 0.5788802 0.9129338 0.5817428 0.9101241 0.9192731 0.4859271 0.9164745 0.4880613 0.9161124 0.4867216 0.8694756 0.9977779 0.8699234 0.9971476 0.8698026 0.9977779 0.9093276 0.8785808 0.9192737 0.8766067 0.9093282 0.8765946 0.8639197 0.8561757 0.8660646 0.8530831 0.8640024 0.856211 0.669166 0.9970104 0.2378139 0.9959458 0.669166 0.9959069 0.5554946 0.9959083 0.5543999 0.9966151 0.5544016 0.995907 0.4553016 0.9959104 0.4554367 0.9970523 0.4552949 0.9970449 0.9836124 0.6945571 0.9856978 0.697115 0.9831399 0.697115 0.1294106 0.9576846 0.9574794 0.834964 0.1294106 0.9629548 0.8517143 0.07950061 0.8452951 0.08389478 0.8445148 0.08315563 0.5588443 0.08879971 0.5636578 0.09556299 0.5577579 0.08898323 0.9970895 0.3542135 0.997089 0.3838751 0.9959965 0.3542121 0.9971 0.1684718 0.2407444 0.9959095 0.2407444 0.9969922 0.5580762 0.9885329 0.5582434 0.9907396 0.5580763 0.9907397 0.5811937 0.9371489 0.5810171 0.9446363 0.5810266 0.9371495 0.06859266 0.9830364 0.06978654 0.9859727 0.06841021 0.9859727 0.05663323 0.8515809 0.06882327 0.847024 0.0644496 0.8524187 0.6822511 0.9988366 0.6823631 0.9982562 0.6823614 0.9988371 0.5610272 0.9885329 0.5616841 0.9885345 0.5777274 0.9796868 0.8684482 0.8510235 0.8522977 0.8511728 0.8522753 0.8510777 0.859511 0.02574968 0.8692049 0.02583944 0.8522752 0.02583944 0.8029533 0.9513413 0.8021268 0.9448497 0.8029983 0.9448167 0.859511 0.02574968 0.8522752 0.02583944 0.8522952 0.02564024 0.3214528 0.9291314 0.3215792 0.9291247 0.3215935 0.9330882 0.9448174 0.8829204 0.9448387 0.01766443 0.9513228 0.01764994 0.9448224 0.88363 0.9509748 0.8835244 0.9509736 0.8836202 0.9993657 0.8385636 0.9989086 0.8384159 0.9973012 0.4372515 0.9093277 0.878401 0.9192739 0.8785807 0.9093284 0.8785681 0.142313 0.9927532 0.1424545 0.9927465 0.1424686 0.9938663 0.2774293 0.9631223 0.9959045 0.5803629 0.2762921 0.9635469 0.9885767 0.07485353 0.04944843 0.9830365 0.9859783 0.07485377 0.9628052 0.9391469 0.9575039 0.9392724 0.9574781 0.9391469 0.9987777 0.522105 0.9981665 0.5219961 0.9988186 0.5219888 0.5170152 0.9446529 0.516974 0.9409118 0.5169937 0.9409165 0.1082662 0.919859 0.1080816 0.9100204 0.1082592 0.9100149 0.8849511 0.9993298 0.8849511 0.9989094 0.6418868 0.9993592 0.8206216 0.9858844 0.3440207 0.9859806 0.3440207 0.9830368 0.8865472 0.9970104 0.8858405 0.9959073 0.8865472 0.995907 0.672827 0.9989032 0.8225567 0.9997273 0.8223903 0.9997426 0.6778549 0.9957794 0.6778222 0.9958162 0.6778222 0.9945293 0.9858216 0.6996691 0.986009 0.2400393 0.9831398 0.6996691 0.9988918 0.5313333 0.9994165 0.531511 0.9989047 0.531475 0.7036065 0.998916 0.7036065 0.9993359 0.703466 0.9989388 0.8444998 0.9975867 0.4266965 0.9950731 0.8443801 0.9975832 0.9430335 0.6453154 0.9374939 0.6453765 0.9374997 0.6452448 0.08777725 0.9959271 0.08769708 0.9971082 0.08769708 0.9959068 0.9927011 0.7320302 0.9907954 0.8638066 0.9907786 0.7320302 0.9885803 0.06877726 0.824862 0.9858775 0.824862 0.9830364 0.1106024 0.9959127 0.1141058 0.9971087 0.1105797 0.9971035 0.3056731 0.9979876 0.305561 0.9979267 0.305592 0.9971338 0.9958041 0.8503757 0.9957255 0.850476 0.9949106 0.8503108 0.7418642 0.9957046 0.9942312 0.8331916 0.7419379 0.9945363 0.9999178 0.4360601 0.9365184 0.9329644 0.9998944 0.4360577 0.9365479 0.9329694 0.9365184 0.9329644 0.9365294 0.9329652 0.6080111 0.9959068 0.6078755 0.9970628 0.6078799 0.9959283 0.8856304 0.9959071 0.8849238 0.9970098 0.8849237 0.9959069 0.3437104 0.9830367 0.3438459 0.9859793 0.3437104 0.9859801 0.9959965 0.1687754 0.1375367 0.9969896 0.9970999 0.1687756 0.2838702 0.8689734 0.2840374 0.8530797 0.2840374 0.8689863 0.1319708 0.9629473 0.131875 0.9576793 0.1319708 0.9576832 0.2880048 0.958561 0.2915905 0.9618713 0.2880048 0.9618713 0.305561 0.9979267 0.3054734 0.9971658 0.305592 0.9971338 0.2750971 0.9662848 0.2750971 0.9646192 0.2751202 0.96506 0.9944825 0.900384 0.9958583 0.900524 0.9944659 0.900524 0.9907845 0.8418982 0.9926592 0.8427304 0.9907894 0.8427559 0.3438459 0.9859797 0.3440207 0.9830368 0.3440207 0.9859806 0.2290729 0.8338549 0.2373536 0.8337332 0.2416403 0.8396245 0.9885803 0.06877726 0.9859704 0.06890434 0.9859783 0.06877702 0.8445357 0.4906551 0.2839455 0.8530694 0.2838702 0.8689734 0.6634187 0.9624053 0.659865 0.9577791 0.6634187 0.9576794 0.859511 0.02574968 0.8692061 0.02574867 0.8692049 0.02583944 0.7263392 0.8635057 0.7260103 0.861626 0.7262666 0.861593 0.9981665 0.5219961 0.9988619 0.1793075 0.9988567 0.1795161 0.3661903 0.9908508 0.3275694 0.9927008 0.3662007 0.9926974 0.8445357 0.4906551 0.8519641 0.490768 0.8346201 0.490768 0.9973012 0.4372515 0.9980885 0.4374969 0.9972024 0.4373878 0.8632385 0.8579376 0.9233167 0.5627741 0.9250534 0.5627233 0.3797519 0.9979603 0.3798936 0.9971269 0.8223903 0.9997426 0.9448995 0.01748877 0.9513228 0.01764994 0.9448387 0.01766443 0.9907278 0.05250924 0.9886845 0.05320906 0.9886184 0.05250924 0.7401371 0.9366114 0.7356853 0.9354351 0.7364023 0.9348287 0.8346201 0.490768 0.8346186 0.4906812 0.8445357 0.4906551 0.9374939 0.6950969 0.9445834 0.6951907 0.937493 0.6951907 0.7383254 0.9798887 0.7401922 0.982825 0.7381459 0.982825 0.2751584 0.9658575 0.2751202 0.9658586 0.9780535 0.5532243 0.06841015 0.9830365 0.06721639 0.9859728 0.06703382 0.9830365 0.2369342 0.9959458 0.2362485 0.9969891 0.2362485 0.9959069 0.5064831 0.9462481 0.509972 0.951393 0.5064208 0.9512281 0.5693256 0.9129896 0.5699713 0.9134998 0.5695862 0.9145637 0.5594987 0.9885329 0.5596632 0.9907398 0.5594987 0.9907397 0.1319708 0.9629473 0.9628052 0.9391469 0.9574781 0.9391469 0.998009 0.6769442 0.9975622 0.67707 0.9975633 0.6769606 0.8764582 0.1308708 0.869216 0.1304091 0.8764582 0.1307615 0.6595634 0.9907396 0.5776413 0.9765225 0.5754432 0.9765385 0.944819 0.02958816 0.9512635 0.02945983 0.9513087 0.02958643 0.9275927 0.2070644 0.8764582 0.1307615 0.9275913 0.2071747 0.9573481 0.6432857 0.9513315 0.6433776 0.9513338 0.6432857 0.5776097 0.9785228 0.5623409 0.9907414 0.5754116 0.978539 0.9203252 0.2070444 0.9275913 0.2071747 0.9203239 0.2071547 0.9674886 0.7021291 0.9630634 0.7034373 0.9630753 0.7021291 0.8972781 0.5660902 0.883761 0.5659801 0.8972781 0.5659798 0.4610416 0.9830365 0.3437104 0.9859801 0.4610416 0.9859545 0.9402582 0.9570217 0.9358842 0.951871 0.9402582 0.9517512 0.8844682 0.9970103 0.8837553 0.9959071 0.8844682 0.9959068 0.5417606 0.9446364 0.581355 0.9371489 0.581355 0.9446344 0.2369342 0.9959458 0.6681016 0.9970103 0.2369342 0.9970279 0.25725 0.9970537 0.2568447 0.9970067 0.9959961 0.1092656 0.9859783 0.07485377 0.988568 0.07472568 0.9885767 0.07485353 0.9999147 0.4512542 0.516974 0.9409118 0.9998224 0.4512542 0.5417606 0.9446364 0.5415854 0.937149 0.5417696 0.9371496 0.4246262 0.9269931 0.4290888 0.9201344 0.4289923 0.9272587 0.5589565 0.9907396 0.5582435 0.988533 0.5589564 0.9885327 0.6599043 0.9907396 0.5821616 0.9765224 0.5799635 0.9765385 0.6040778 0.9945688 0.6042938 0.9945872 0.6040382 0.9958124 0.1780295 0.5798529 0.1684322 0.5818334 0.1753509 0.5753102 0.9374935 0.3191041 0.2841734 0.8659279 0.2842827 0.8659291 0.9627845 0.3455145 0.9574712 0.3410464 0.9627406 0.3411406 0.9628137 0.834964 0.9575122 0.835147 0.9574794 0.834964 0.8346181 0.5380296 0.8517134 0.5399491 0.8347253 0.5399491 0.1825891 0.9956998 0.9944931 0.3897179 0.9956481 0.3896821 0.7828006 0.4402753 0.8098349 0.436689 0.8098349 0.4402747 0.9121263 0.4793013 0.9126924 0.480274 0.9121821 0.4809197 0.8444735 0.9971294 0.8443801 0.9975832 0.8443816 0.9971268 0.6592224 0.9907396 0.5799014 0.9765224 0.5777033 0.9765385 0.4117739 0.6033625 0.4199249 0.6005174 0.4226006 0.6066483 0.5777033 0.9765385 0.5798699 0.9785228 0.5776718 0.978539 0.9970889 0.3743683 0.9970895 0.3533492 0.9959958 0.3743669 0.912716 0.489038 0.9137807 0.4890295 0.9132705 0.489675 0.6010678 0.9129896 0.6017132 0.9134998 0.6013534 0.9142763 0.06216257 0.9761012 0.05995309 0.9723575 0.06215989 0.9723574 0.9860223 0.1880272 0.9858208 0.5074278 0.9831399 0.5074278 0.9939416 0.8323261 0.9931007 0.8331557 0.9927958 0.8322534 0.7828006 0.5099579 0.809835 0.5101357 0.7828008 0.5101335 0.9365652 0.9329741 0.9365347 0.9300969 0.114728 0.9448068 0.8990995 0.297682 0.8989793 0.2977689 0.8981037 0.2970358 0.7790721 0.9448165 0.7754874 0.9512287 0.7754874 0.9448522 0.9445949 0.6453765 0.9430335 0.6453154 0.9287674 0.7946973 0.8414584 0.09524565 0.8349112 0.0968514 0.8346181 0.09084415 0.4907418 0.9291246 0.5100344 0.9464129 0.5064831 0.9462481 0.8988001 0.9959087 0.8994574 0.997 0.8987987 0.9970017 0.9959958 0.3743669 0.9970887 0.3742771 0.9970889 0.3743683 0.1684322 0.6183578 0.1593309 0.6183208 0.1593309 0.6110159 0.9677718 0.01837229 0.9722167 0.01695877 0.9721459 0.01837229 0.8573089 0.9644152 0.8574259 0.9678025 0.8573155 0.9678038 0.4270365 0.9958292 0.4266965 0.9950731 0.42702 0.9951179 0.9886845 0.05320906 0.9907277 0.05390942 0.9886184 0.05390942 0.04335975 0.9860414 0.04115295 0.9884176 0.04115295 0.9860415 0.2752259 0.9662463 0.2751584 0.9658575 0.2754322 0.9665965 0.5533758 0.9354353 0.5480992 0.9366115 0.5526601 0.9348288 0.7168219 0.8354843 0.9628296 0.9277649 0.9628309 0.9278752 0.9509736 0.8836202 0.9513087 0.02958643 0.9448224 0.88363 0.9769174 0.5532593 0.2763051 0.9635781 0.9763336 0.5532116 0.531732 0.6505971 0.5336887 0.6747686 0.5326312 0.6756325 0.9970319 0.8071944 0.9970425 0.8073295 0.4012324 0.9993898 0.5326739 0.9724355 0.5338041 0.9760175 0.5326739 0.9759894 0.9011775 0.9959083 0.900507 0.9970005 0.900507 0.9959074 0.5452347 0.9366114 0.5399627 0.9354352 0.5406798 0.9348288 0.9944933 0.5804598 0.9944658 0.5803276 0.9947848 0.5803499 0.8100876 0.844771 0.8107624 0.8441417 0.8153102 0.8507792 0.5596632 0.9907396 0.5603699 0.988533 0.5603699 0.9907398 0.9975633 0.6769606 0.6768485 0.998157 0.6767382 0.9981575 0.04556667 0.9860416 0.04777354 0.9884176 0.04556667 0.9884176 0.06437408 0.9761012 0.06437224 0.9735378 0.0654757 0.9735378 0.7828006 0.4289208 0.8098349 0.424507 0.8098349 0.4289202 0.002325594 0.9452691 0.001628041 0.9516909 0.001624286 0.945026 0.9192728 0.8781744 0.9093278 0.8784009 0.9093289 0.8781744 0.297169 0.9884176 0.2982718 0.9860415 0.2982718 0.9884176 0.4214825 0.9908414 0.2893484 0.9927002 0.2893484 0.9908333 0.4599077 0.937149 0.4642785 0.9444759 0.4599077 0.9442729 0.5731449 0.9781151 0.575343 0.9776746 0.575343 0.9780989 0.2780284 0.9516643 0.2775687 0.9448166 0.2780284 0.9448276 0.2915905 0.9618713 0.5349345 0.9723849 0.2880048 0.9618713 0.9197667 0.3012439 0.9093444 0.3010174 0.9197718 0.3010184 0.9972078 0.6773486 0.9995092 0.8008962 0.9972089 0.6772392 0.9659374 0.7015593 0.9632628 0.7021291 0.9630628 0.7011846 0.9978888 0.6773407 0.9975348 0.6772232 0.9978898 0.6772313 0.2842827 0.8659291 0.2840374 0.8602706 0.2841468 0.8602718 0.7401466 0.9366115 0.7438871 0.9348288 0.7446028 0.9354353 0.4289923 0.9272587 0.9225814 0.9371489 0.4246262 0.9269931 0.9291203 0.7230137 0.9354482 0.722887 0.9354493 0.7229973 0.9964742 0.04654258 0.8694756 0.9977779 0.8698026 0.9977779 0.9982101 0.171025 0.9988623 0.1712337 0.998159 0.1712235 0.9445834 0.6951907 0.8632385 0.8635121 0.937493 0.6951907 0.9970992 0.1085425 0.2555143 0.995907 0.9959958 0.1085425 0.8502988 0.8254564 0.8346181 0.8254564 0.8463971 0.8142566 0.9989144 0.5587337 0.9994524 0.5586076 0.9994282 0.5587337 0.4554386 0.9959099 0.6779118 0.9945312 0.4554367 0.9970523 0.8346182 0.5827209 0.8516733 0.5839208 0.8346852 0.5839208 0.851739 0.4890062 0.83482 0.4902057 0.8346182 0.4866575 0.9831572 0.9496178 0.9856984 0.95101 0.9831398 0.9514642 0.9907894 0.8427559 0.9926996 0.5671711 0.9907787 0.567231 0.9288222 0.562803 0.9233167 0.5627741 0.9203627 0.5629295 0.5626466 0.9885337 0.5629981 0.9885345 0.5626464 0.9907406 0.5776413 0.9765225 0.5754116 0.978539 0.5754432 0.9765385 0.7828006 0.6035826 0.8093329 0.6037959 0.7828189 0.6037959 0.2946549 0.9989283 0.9989144 0.5587337 0.9994282 0.5587337 0.5737959 0.9190034 0.5722802 0.9158316 0.5728425 0.9148511 0.2798396 0.9516624 0.27938 0.9448167 0.2798396 0.9448278 0.1105771 0.9293405 0.1070297 0.9367796 0.1070297 0.9291247 0.9970897 0.3541178 0.9959965 0.3542121 0.9959967 0.3541164 0.8849511 0.9989094 0.884825 0.9993056 0.884825 0.9989319 0.2738357 0.996327 0.2749275 0.9970394 0.2738347 0.9970394 0.9175478 0.4775823 0.9154113 0.4790204 0.9153115 0.4784591 0.9354482 0.722887 0.7165728 0.8461425 0.9354493 0.7229973 0.9995094 0.8051883 0.998008 0.6770536 0.998009 0.6769442 0.2749285 0.996327 0.8988001 0.9959087 0.8987987 0.9970017 0.4342241 0.9760301 0.4364336 0.9723574 0.4364309 0.9760301 0.001624286 0.945026 0.001628041 0.9516909 0.7748309 0.944912 0.4386432 0.9760301 0.4386451 0.9735153 0.4397485 0.9735153 0.9856977 0.697115 0.9836124 0.6996692 0.9831398 0.697115 0.4989399 0.9680653 0.5000433 0.9680653 0.5000444 0.9695764 0.4386405 0.9760301 0.4364364 0.9723574 0.4386432 0.9723573 0.9630675 0.7049237 0.9630634 0.7034373 0.9674766 0.7034373 0.5731642 0.9789503 0.561027 0.9885345 0.5610268 0.9907414 0.6767372 0.998482 0.6767382 0.9981575 0.6768485 0.998157 0.7381458 0.9798887 0.7362791 0.9828251 0.7360995 0.9798887 0.297169 0.9860415 0.2960661 0.9884176 0.2960661 0.9860416 0.9972089 0.6772392 0.9975337 0.6773325 0.9972078 0.6773486 0.9907954 0.8638066 0.9926474 0.8645089 0.990781 0.8644807 0.04335975 0.9860416 0.04556667 0.9884176 0.04335975 0.9884176 0.5799635 0.9765385 0.5821301 0.9785228 0.579932 0.978539 0.5422026 0.9993629 0.5421149 0.9989048 0.5422062 0.9989031 0.997089 0.3838751 0.9959961 0.3837411 0.9970892 0.3837411 0.04777354 0.9884176 0.04998046 0.9860415 0.04998052 0.9884176 0.9857021 0.9397579 0.9831572 0.9411502 0.9831399 0.9393037 0.9284653 0.2306957 0.9267757 0.2312434 0.9275251 0.2299612 0.4105696 0.582175 0.4226227 0.5741426 0.4230667 0.5743004 0.5433401 0.9507475 0.5423846 0.9501958 0.5423846 0.9460579 0.2378139 0.9970279 0.2371283 0.9959068 0.2378139 0.9959458 0.6311641 0.9993675 0.6312958 0.9989042 0.6312958 0.9993517 0.9364273 0.9310398 0.9364866 0.9329629 0.9363288 0.9368059 0.9203238 0.4518942 0.9262843 0.4596167 0.9224965 0.4596167 0.1605719 0.5964112 0.1617542 0.598903 0.1593309 0.6088514 0.9956481 0.3896821 0.9947394 0.3888367 0.9958875 0.3888367 0.852389 0.8141279 0.8523105 0.8061471 0.8572304 0.8025554 0.8517447 0.2447932 0.8348666 0.246712 0.8346182 0.242345 0.8658862 0.9630278 0.8657758 0.9677942 0.8657758 0.9630265 0.09913498 0.9959128 0.09893137 0.9971055 0.09893137 0.9959068 0.9197718 0.3010184 0.1356129 0.9198561 0.1356129 0.9100312 0.1082592 0.9100149 0.9093277 0.299267 0.1082662 0.919859 0.8647376 0.8238731 0.8540771 0.8237419 0.8540771 0.8236325 0.8020309 0.9512686 0.4757269 0.9448435 0.4756898 0.951285 0.2841468 0.8602718 0.2840374 0.8602706 0.8574192 0.964414 0.2915905 0.958561 0.2880048 0.958561 0.5326739 0.9724355 0.9944826 0.900384 0.994466 0.9002441 0.9958583 0.9002441 0.06436955 0.9723574 0.06437224 0.9761012 0.06216531 0.9761012 0.900507 0.9959074 0.900507 0.9970005 0.5543999 0.9966151 0.5349345 0.9723849 0.5349344 0.9759401 0.5338041 0.9759125 0.5934196 0.9142763 0.5937768 0.9156276 0.5926098 0.9149879 0.5937768 0.9156276 0.59313 0.9161378 0.5926098 0.9149879 0.5926098 0.9149879 0.593134 0.9129896 0.5934196 0.9142763 0.5851941 0.9161378 0.5858411 0.9156276 0.5870973 0.9162188 0.5896682 0.9190034 0.5851941 0.9161378 0.5870973 0.9162188 0.5925742 0.9100122 0.5925632 0.9191152 0.5887148 0.9148511 0.5925632 0.9191152 0.5896682 0.9190034 0.5887148 0.9148511 0.5925742 0.9100122 0.5887148 0.9148511 0.5885213 0.9137362 0.5851979 0.9129896 0.5896789 0.9101241 0.5868163 0.9129338 0.5896789 0.9101241 0.5925742 0.9100122 0.5885213 0.9137362 0.5868163 0.9129338 0.5896789 0.9101241 0.5881555 0.9132959 0.5868163 0.9129338 0.5858436 0.9134998 0.5851979 0.9129896 0.5881555 0.9132959 0.5896789 0.9101241 0.5885213 0.9137362 0.5896682 0.9190034 0.5870973 0.9162188 0.5881525 0.9158316 0.5775223 0.9145637 0.5779049 0.9156276 0.5767376 0.9149879 0.5779049 0.9156276 0.5772579 0.9161378 0.5767376 0.9149879 0.5767376 0.9149879 0.5772618 0.9129896 0.5775223 0.9145637 0.4448605 0.9735153 0.4459639 0.9735153 0.445962 0.9760301 0.445962 0.9760301 0.4437552 0.9760302 0.4448605 0.9735153 0.4437552 0.9760302 0.4437578 0.9723575 0.4448605 0.9735153 0.9513338 0.6346524 0.9573502 0.6346524 0.957348 0.6347444 0.6092866 0.9148511 0.6096444 0.9156275 0.6089977 0.9161378 0.6089977 0.9161378 0.6084786 0.9141395 0.6092866 0.9148511 0.6084786 0.9141395 0.6090016 0.9129896 0.6096471 0.9134998 0.1106024 0.9959127 0.1105797 0.9971035 0.1104885 0.9971026 0.9858981 0.1446607 0.9831399 0.1446607 0.9831399 0.1435573 0.59313 0.9161378 0.5937768 0.9156276 0.5947477 0.9161937 0.5976024 0.9190034 0.59313 0.9161378 0.5947477 0.9161937 0.600508 0.9100123 0.6004965 0.9191152 0.5965768 0.9139977 0.6004965 0.9191152 0.5976024 0.9190034 0.5965753 0.9151298 0.5965768 0.9139977 0.6004965 0.9191152 0.5965753 0.9151298 0.593134 0.9129896 0.5976137 0.9101241 0.5947519 0.9129338 0.5976137 0.9101241 0.600508 0.9100123 0.5965768 0.9139977 0.5947519 0.9129338 0.5976137 0.9101241 0.5960906 0.9132959 0.5947519 0.9129338 0.5937795 0.9134998 0.593134 0.9129896 0.5960906 0.9132959 0.5976137 0.9101241 0.5965768 0.9139977 0.5976024 0.9190034 0.5947477 0.9161937 0.5960874 0.9158316 0.6109043 0.9129086 0.6096471 0.9134998 0.6090016 0.9129896 0.6090016 0.9129896 0.6134813 0.910124 0.6109043 0.9129086 0.6134813 0.910124 0.6163757 0.9100122 0.6124444 0.9139976 0.6109043 0.9129086 0.6134813 0.910124 0.6119582 0.9132958 0.6163757 0.9100122 0.6163641 0.9191152 0.6124444 0.9139976 0.6163641 0.9191152 0.61347 0.9190033 0.6124429 0.9151297 0.6124444 0.9139976 0.6163641 0.9191152 0.6124429 0.9151297 0.61347 0.9190033 0.6089977 0.9161378 0.6106154 0.9161936 0.6089977 0.9161378 0.6096444 0.9156275 0.6106154 0.9161936 0.6119582 0.9132958 0.6134813 0.910124 0.6124444 0.9139976 0.61347 0.9190033 0.6106154 0.9161936 0.611955 0.9158316 0.9978898 0.6772313 0.6823631 0.9982562 0.6822528 0.9982557 0.9093276 0.8767789 0.9093282 0.8765946 0.9192737 0.8766067 0.966857 0.691534 0.9665387 0.6926378 0.9632651 0.6909534 0.9665387 0.6926378 0.9630628 0.6918974 0.9632651 0.6909534 0.883761 0.566201 0.883761 0.5660907 0.8972781 0.5660904 0.5058213 0.8049356 0.4912968 0.7871783 0.4918447 0.7862444 0.50169 0.8102955 0.4912968 0.808244 0.4918777 0.8072538 0.50169 0.8102955 0.4918777 0.8072538 0.5016497 0.809196 0.5058213 0.8049356 0.4918447 0.7862444 0.5069336 0.8048803 0.5058484 0.805114 0.5058213 0.8049356 0.5069336 0.8048803 0.5052072 0.8083936 0.50169 0.8102955 0.5016497 0.809196 0.504339 0.8077126 0.5058484 0.805114 0.5052072 0.8083936 0.5058484 0.805114 0.5069336 0.8048803 0.5052072 0.8083936 0.9203237 0.1272728 0.920379 0.122861 0.9288448 0.122861 0.6026857 0.9129338 0.6017132 0.9134998 0.6010678 0.9129896 0.6010678 0.9129896 0.6055475 0.9101241 0.6026857 0.9129338 0.6055475 0.9101241 0.6084418 0.9100122 0.6045106 0.9139976 0.6026857 0.9129338 0.6055475 0.9101241 0.6040244 0.9132958 0.6084418 0.9100122 0.6084303 0.9191152 0.6045106 0.9139976 0.6084303 0.9191152 0.6055362 0.9190034 0.6045091 0.9151298 0.6045106 0.9139976 0.6084303 0.9191152 0.6045091 0.9151298 0.6055362 0.9190034 0.6010638 0.9161378 0.6026815 0.9161937 0.6010638 0.9161378 0.6017106 0.9156275 0.6026815 0.9161937 0.6040244 0.9132958 0.6055475 0.9101241 0.6045106 0.9139976 0.6055362 0.9190034 0.6026815 0.9161937 0.6040212 0.9158316 0.9628203 0.9534471 0.8540771 0.8236325 0.8540771 0.8237419 0.07592737 0.9631044 0.07586485 0.9678298 0.07231134 0.9678844 0.2947506 0.9993916 0.2946549 0.9993937 0.2946549 0.9989283 0.5421113 0.9993701 0.9989047 0.531475 0.9994165 0.531511 0.5765077 0.9446358 0.5762812 0.9446347 0.5762812 0.9371492 0.9959958 0.0464335 0.9964742 0.04642283 0.9964742 0.04654258 0.9959968 0.3532067 0.9970896 0.3532067 0.9970895 0.3533492 0.7165728 0.8461425 0.7164635 0.8461413 0.7167125 0.8354831 0.9952892 0.8649688 0.9945482 0.8651418 0.9972024 0.4373878 0.9945482 0.8651418 0.9989006 0.8385835 0.9972024 0.4373878 0.9972024 0.4373878 0.9958549 0.8650484 0.9952892 0.8649688 0.2875492 0.9163516 0.2875831 0.9100121 0.2876934 0.9100135 0.5575263 0.7873287 0.5477849 0.7892388 0.5576321 0.7862467 0.5477849 0.7892388 0.5472019 0.7882497 0.5576321 0.7862467 0.5629096 0.7914355 0.5477517 0.8101733 0.5617781 0.7916039 0.5477517 0.8101733 0.5472019 0.8092406 0.5617781 0.7916039 0.5602905 0.7888309 0.5575263 0.7873287 0.5611619 0.7881557 0.5575263 0.7873287 0.5576321 0.7862467 0.5611619 0.7881557 0.5629096 0.7914355 0.5617781 0.7916039 0.5618053 0.7914262 0.5629096 0.7914355 0.5618053 0.7914262 0.5611619 0.7881557 0.5854585 0.9145637 0.5858411 0.9156276 0.5846737 0.9149879 0.5858411 0.9156276 0.5851941 0.9161378 0.5846737 0.9149879 0.5846737 0.9149879 0.5851979 0.9129896 0.5854585 0.9145637 0.9981769 0.7363784 0.9988579 0.1710594 0.9987986 0.7362322 0.9721472 0.01645159 0.9677717 0.01645159 0.9678412 0.01503789 0.6588816 0.9907396 0.6588816 0.9885327 0.575343 0.9776746 0.2960662 0.9860415 0.2960662 0.9884176 0.2949627 0.9884176 0.9262843 0.4673389 0.9224966 0.4673389 0.9203238 0.4596166 0.8411341 0.03639429 0.8411082 0.03800898 0.8349512 0.03800898 0.8346181 0.03118252 0.8518766 0.03287369 0.8418429 0.03565537 0.8518766 0.03287369 0.8520072 0.03555148 0.8418429 0.03565537 0.8418429 0.03565537 0.8411341 0.03639429 0.8346181 0.03118252 0.2876595 0.916353 0.8647376 0.8238731 0.8647376 0.8237637 0.584627 0.9191153 0.5818923 0.9191153 0.5808039 0.9145637 0.5818923 0.9191153 0.5772579 0.9161378 0.5791611 0.9162188 0.5772579 0.9161378 0.5779049 0.9156276 0.5791611 0.9162188 0.5818923 0.9191153 0.5791611 0.9162188 0.5802163 0.9158316 0.5817428 0.9101241 0.5846381 0.9100123 0.5808039 0.9145637 0.5846381 0.9100123 0.584627 0.9191153 0.5808039 0.9145637 0.5817428 0.9101241 0.5808039 0.9145637 0.5802194 0.9132959 0.5779075 0.9134998 0.5772618 0.9129896 0.5788802 0.9129338 0.5772618 0.9129896 0.5817428 0.9101241 0.5788802 0.9129338 0.5818923 0.9191153 0.5802163 0.9158316 0.5808039 0.9145637 0.9131895 0.4877722 0.9134113 0.4885927 0.912716 0.489038 0.9108837 0.4861655 0.9093276 0.4858537 0.9093276 0.4814796 0.9131895 0.4877722 0.912716 0.489038 0.9108837 0.4861655 0.9135767 0.4867184 0.9131895 0.4877722 0.9108837 0.4861655 0.9108837 0.4861655 0.9093276 0.4814796 0.9142785 0.4862322 0.9093276 0.4814796 0.9192731 0.4814922 0.9142785 0.4862322 0.9108837 0.4861655 0.9142785 0.4862322 0.9135767 0.4867184 0.9192731 0.4814922 0.9192731 0.4859271 0.9154106 0.4862337 0.9192731 0.4859271 0.9164187 0.489679 0.9164745 0.4880613 0.9164187 0.489679 0.9144204 0.4901981 0.915132 0.4893901 0.9144204 0.4901981 0.9132705 0.489675 0.9137807 0.4890295 0.915132 0.4893901 0.9144204 0.4901981 0.9137807 0.4890295 0.9164187 0.489679 0.915132 0.4893901 0.9159085 0.4890322 0.9164187 0.489679 0.9159085 0.4890322 0.9164745 0.4880613 0.9154106 0.4862337 0.9142785 0.4862322 0.9192731 0.4814922 0.9161124 0.4867216 0.9154106 0.4862337 0.9192731 0.4859271 0.8694756 0.9977779 0.8693629 0.9971476 0.8699234 0.9971476 0.9093276 0.8785808 0.9192715 0.8785808 0.9192737 0.8766067 0.8661287 0.8681821 0.8660365 0.8682859 0.863366 0.8634687 0.8660365 0.8682859 0.8632385 0.8635121 0.863366 0.8634687 0.8632385 0.8635121 0.8629112 0.8616697 0.863366 0.8634687 0.8629112 0.8616697 0.8632385 0.8579376 0.8632777 0.8579449 0.8629112 0.8616697 0.8632777 0.8579449 0.863366 0.8634687 0.8660646 0.8530831 0.8661287 0.8531452 0.8640024 0.856211 0.8640024 0.856211 0.863366 0.8634687 0.8632777 0.8579449 0.8632777 0.8579449 0.8639197 0.8561757 0.8640024 0.856211 0.669166 0.9970104 0.2378139 0.9970279 0.2378139 0.9959458 0.5554946 0.9959083 0.5554929 0.9966165 0.5543999 0.9966151 0.4553016 0.9959104 0.4554386 0.9959099 0.4554367 0.9970523 0.9836124 0.6945571 0.9857218 0.6945571 0.9856978 0.697115 0.1294106 0.9576846 0.9628137 0.834964 0.9574794 0.834964 0.8517143 0.07950061 0.8520019 0.08551007 0.8452951 0.08389478 0.8520019 0.08551007 0.8454771 0.08551007 0.8452951 0.08389478 0.8347075 0.08305168 0.8346182 0.08118629 0.8445148 0.08315563 0.8346182 0.08118629 0.8517143 0.07950061 0.8445148 0.08315563 0.5631062 0.05123955 0.5693036 0.04981487 0.5636578 0.05217897 0.5693036 0.04981487 0.5693036 0.05089712 0.5636578 0.05217897 0.5693036 0.09689086 0.5693036 0.0979731 0.5636578 0.09556299 0.5693036 0.0979731 0.5631062 0.09649795 0.5636578 0.09556299 0.5577579 0.05871069 0.5631062 0.05123955 0.5636578 0.05217897 0.5577579 0.05871069 0.5636578 0.05217897 0.5588443 0.05890303 0.5636578 0.09556299 0.5631062 0.09649795 0.5577579 0.08898323 0.5577579 0.05871069 0.5588443 0.05890303 0.5577579 0.08898323 0.5588443 0.05890303 0.5588443 0.08879971 0.5577579 0.08898323 0.9970895 0.3542135 0.9959959 0.3838751 0.997089 0.3838751 0.9971 0.1684718 0.9959966 0.1684717 0.2407444 0.9959095 0.5575304 0.9885329 0.5578995 0.9885329 0.5575305 0.9907398 0.5578995 0.9885329 0.5580762 0.9885329 0.5578995 0.9907398 0.5575305 0.9907398 0.5578995 0.9885329 0.5578995 0.9907398 0.5580762 0.9885329 0.5582434 0.9885327 0.5582434 0.9907396 0.5580763 0.9907397 0.5578995 0.9907398 0.5580762 0.9885329 0.5811937 0.9371489 0.5811842 0.9446357 0.5810171 0.9446363 0.06859266 0.9830364 0.06978648 0.9830364 0.06978654 0.9859727 0.05664336 0.8336835 0.06882327 0.847024 0.05663323 0.8515809 0.06882327 0.847024 0.06741935 0.8504834 0.0644496 0.8524187 0.6822511 0.9988366 0.6822528 0.9982557 0.6823631 0.9982562 0.5777274 0.9796868 0.5777033 0.9793366 0.5799014 0.9793205 0.5777033 0.9793366 0.5776846 0.9789502 0.5798827 0.9789341 0.5776846 0.9789502 0.5776718 0.978539 0.5798699 0.9785228 0.5798827 0.9789341 0.5799014 0.9793205 0.5777033 0.9793366 0.5799014 0.9793205 0.5610272 0.9885329 0.5777274 0.9796868 0.5776846 0.9789502 0.5798699 0.9785228 0.5798827 0.9789341 0.5616841 0.9885345 0.5616839 0.9907414 0.5777274 0.9796868 0.8684482 0.8510235 0.8684761 0.8511728 0.8522977 0.8511728 0.8029533 0.9513413 0.8020309 0.9512686 0.8021268 0.9448497 0.8522952 0.02564024 0.9999629 0.2206199 0.859511 0.02574968 0.9999629 0.2206199 0.8692061 0.02574867 0.859511 0.02574968 0.3215935 0.9330882 0.516974 0.9409118 0.3214528 0.9370522 0.516974 0.9409118 0.5170152 0.9446529 0.3214528 0.9370522 0.3214528 0.9370522 0.3214528 0.9291314 0.3215935 0.9330882 0.9448174 0.8829204 0.9509743 0.8828935 0.9448387 0.01766443 0.9448224 0.88363 0.9448175 0.8835244 0.9509748 0.8835244 0.9993657 0.8385636 0.9989006 0.8385835 0.9989086 0.8384159 0.9093277 0.878401 0.9192733 0.8784136 0.9192739 0.8785807 0.1424686 0.9938663 0.1424545 0.9941857 0.142313 0.9941686 0.142313 0.9941686 0.142313 0.9927532 0.1424686 0.9938663 0.2754322 0.9643355 0.2751584 0.9650722 0.2752259 0.9646732 0.2751584 0.9650722 0.2751202 0.96506 0.2752259 0.9646732 0.2752259 0.9646732 0.2751854 0.9646545 0.2754322 0.9643355 0.2751854 0.9646545 0.2758944 0.9636641 0.2754322 0.9643355 0.2762921 0.9635469 0.2754609 0.9643589 0.2758944 0.9636641 0.2754609 0.9643589 0.2754322 0.9643355 0.2758944 0.9636641 0.9959045 0.5803629 0.2763051 0.9635781 0.2762921 0.9635469 0.2758944 0.9636641 0.2774293 0.9631223 0.2762921 0.9635469 0.9885767 0.07485353 0.04944843 0.9860385 0.04944843 0.9830365 0.9628052 0.9391469 0.9627771 0.9392724 0.9575039 0.9392724 0.9987777 0.522105 0.9981949 0.522105 0.9981665 0.5219961 0.5169937 0.9409165 0.5169231 0.9408903 0.5171524 0.9371979 0.5169231 0.9408903 0.9999592 0.2374141 0.5171524 0.9371979 0.5171524 0.9371979 0.5171524 0.9446626 0.5169937 0.9409165 0.5171524 0.9446626 0.5170152 0.9446529 0.5169937 0.9409165 0.1082662 0.919859 0.1080816 0.9198457 0.1080816 0.9100204 0.6418868 0.9993592 0.6417026 0.999363 0.6417026 0.9989032 0.6417026 0.9989032 0.6418868 0.9989209 0.6418868 0.9993592 0.6418868 0.9989209 0.8849511 0.9993298 0.6418868 0.9993592 0.8206216 0.9858844 0.8206211 0.9830365 0.3440207 0.9859806 0.8865472 0.9970104 0.8858405 0.9970101 0.8858405 0.9959073 0.672827 0.9989032 0.6730386 0.9989429 0.8225567 0.9997273 0.6779118 0.9945312 0.6779219 0.9957751 0.6778222 0.9945293 0.6779219 0.9957751 0.6778549 0.9957794 0.6778222 0.9945293 0.9858216 0.6996691 0.9885664 0.2400894 0.986009 0.2400393 0.9988918 0.5313333 0.9994502 0.5313726 0.9994165 0.531511 0.7036065 0.998916 0.7037233 0.9989032 0.6312958 0.9989042 0.6312958 0.9989042 0.7036065 0.9993359 0.7036065 0.998916 0.7036065 0.9993359 0.703466 0.999312 0.703466 0.9989388 0.8444998 0.9975867 0.42702 0.9951179 0.4266965 0.9950731 0.9430335 0.6453154 0.9430091 0.6454468 0.9374939 0.6453765 0.08777725 0.9959271 0.08777487 0.9971149 0.08769708 0.9971082 0.9927011 0.7320302 0.9926548 0.863842 0.9907954 0.8638066 0.9885803 0.06877726 0.9859783 0.06877702 0.824862 0.9858775 0.1106024 0.9959127 0.1141058 0.9959069 0.1141058 0.9971087 0.305592 0.9971338 0.6631717 0.9993461 0.3056731 0.9979876 0.6631717 0.9993461 0.9702656 0.998921 0.3056731 0.9979876 0.9949106 0.8503108 0.9945291 0.850476 0.9970319 0.8071944 0.9970319 0.8071944 0.9958041 0.8503757 0.9949106 0.8503108 0.7418642 0.9957046 0.9931007 0.8331557 0.9942312 0.8331916 0.9999178 0.4360601 0.9998223 0.4360601 0.9365184 0.9329644 0.6080111 0.9959068 0.6080111 0.9970476 0.6078755 0.9970628 0.8856304 0.9959071 0.8856304 0.9970106 0.8849238 0.9970098 0.3437104 0.9830367 0.3438456 0.9830375 0.3438459 0.9859793 0.9959965 0.1687754 0.1375367 0.995907 0.1375367 0.9969896 0.2838702 0.8689734 0.2839455 0.8530694 0.2840374 0.8530797 0.1319708 0.9629473 0.131875 0.9629498 0.131875 0.9576793 0.2880048 0.958561 0.2915905 0.958561 0.2915905 0.9618713 0.305561 0.9979267 0.3054734 0.9978933 0.3054734 0.9971658 0.2758944 0.9672529 0.2774293 0.9678072 0.2761886 0.9675652 0.2774293 0.9678072 0.2774296 0.9678965 0.2761886 0.9675652 0.2761886 0.9633477 0.2774296 0.9630265 0.2774293 0.9631223 0.2761886 0.9633477 0.2774293 0.9631223 0.2758944 0.9636641 0.2751202 0.9658586 0.2752259 0.9662463 0.2751854 0.9662567 0.2758944 0.9672529 0.2761886 0.9675652 0.2755281 0.9670189 0.2751854 0.9662567 0.2758944 0.9672529 0.2755281 0.9670189 0.2755281 0.9638886 0.2761886 0.9633477 0.2758944 0.9636641 0.2751854 0.9646545 0.2752259 0.9646732 0.2751202 0.96506 0.2755281 0.9638886 0.2758944 0.9636641 0.2751854 0.9646545 0.2751854 0.9662567 0.2755281 0.9670189 0.2750971 0.9662848 0.2751202 0.9658586 0.2751854 0.9662567 0.2750971 0.9662848 0.2750971 0.9646192 0.2755281 0.9638886 0.2751854 0.9646545 0.2751202 0.96506 0.2751202 0.9658586 0.2750971 0.9662848 0.2750971 0.9646192 0.2751854 0.9646545 0.2751202 0.96506 0.9944825 0.900384 0.9958589 0.900384 0.9958583 0.900524 0.9907845 0.8418982 0.992651 0.8418701 0.9926592 0.8427304 0.3438459 0.9859797 0.3438463 0.9830379 0.3440207 0.9830368 0.2373536 0.8337332 0.240392 0.8360354 0.2416403 0.8396245 0.2416403 0.8396245 0.2290838 0.8517017 0.2290773 0.851692 0.2290773 0.851692 0.2290729 0.8338549 0.2416403 0.8396245 0.9885803 0.06877726 0.9885715 0.06890511 0.9859704 0.06890434 0.2838702 0.8689734 0.8519641 0.490768 0.8445357 0.4906551 0.8445357 0.4906551 0.8346186 0.4906812 0.2839455 0.8530694 0.6634187 0.9624053 0.6598074 0.9626296 0.659865 0.9577791 0.7260103 0.861626 0.729206 0.8530536 0.7262666 0.861593 0.729206 0.8530536 0.7293398 0.8531725 0.7262666 0.861593 0.7262666 0.861593 0.7293398 0.8682708 0.7263392 0.8635057 0.7293398 0.8682708 0.7292714 0.8683377 0.9374939 0.6453765 0.7263392 0.8635057 0.7293398 0.8682708 0.9374939 0.6453765 0.9981665 0.5219961 0.9981591 0.1793176 0.9988619 0.1793075 0.3661903 0.9908508 0.3275694 0.9908333 0.3275694 0.9927008 0.9973012 0.4372515 0.9981131 0.4372892 0.9980885 0.4374969 0.9250534 0.5627233 0.9288222 0.562803 0.8639197 0.8561757 0.9288222 0.562803 0.8660646 0.8530831 0.8639197 0.8561757 0.8639197 0.8561757 0.8632777 0.8579449 0.8632385 0.8579376 0.9233167 0.5627741 0.9233055 0.5627312 0.9250534 0.5627233 0.8629112 0.8616697 0.8628464 0.8616868 0.8632385 0.8579376 0.8628464 0.8616868 0.9233167 0.5627741 0.8632385 0.8579376 0.9250534 0.5627233 0.8639197 0.8561757 0.8632385 0.8579376 0.3797519 0.9979603 0.3797519 0.9971937 0.3798936 0.9971269 0.9448995 0.01748877 0.9513248 0.01746404 0.9513228 0.01764994 0.9907278 0.05250924 0.9907308 0.05320906 0.9886845 0.05320906 0.7401371 0.9366114 0.7341228 0.9366114 0.7356853 0.9354351 0.7341228 0.9366114 0.7341241 0.9355183 0.7356853 0.9354351 0.7365927 0.9291246 0.7401466 0.9291246 0.7364023 0.9348287 0.7401466 0.9291246 0.7401371 0.9366114 0.7364023 0.9348287 0.9374939 0.6950969 0.944595 0.6950969 0.9445834 0.6951907 0.7383254 0.9798887 0.7401921 0.9798887 0.7401922 0.982825 0.9780534 0.5530859 0.979743 0.5530732 0.9791888 0.5532593 0.979743 0.5530732 0.1424545 0.9941857 0.9791888 0.5532593 0.1424545 0.9941857 0.1424686 0.9938663 0.1425114 0.9938783 0.9791888 0.5532593 0.9792059 0.5532938 0.2751584 0.9658575 0.1424545 0.9941857 0.1425114 0.9938783 0.9791888 0.5532593 0.9780535 0.5532243 0.9780534 0.5530859 0.2751584 0.9658575 0.2751584 0.9658575 0.9780534 0.5530859 0.9791888 0.5532593 0.9776532 0.5532982 0.9776638 0.5532238 0.9780535 0.5532243 0.2751202 0.9658586 0.2751202 0.96506 0.9780535 0.5532243 0.2751202 0.96506 0.9776532 0.5532982 0.9780535 0.5532243 0.06841015 0.9830365 0.06841021 0.9859728 0.06721639 0.9859728 0.2369342 0.9959458 0.2369342 0.9970279 0.2362485 0.9969891 0.5064831 0.9462481 0.5100344 0.9464129 0.509972 0.951393 0.5695862 0.9145637 0.5699688 0.9156275 0.5688014 0.9149879 0.5699688 0.9156275 0.5693218 0.9161378 0.5688014 0.9149879 0.5688014 0.9149879 0.5693256 0.9129896 0.5695862 0.9145637 0.5589565 0.9885327 0.5591421 0.9885327 0.5589565 0.9907396 0.5591421 0.9885327 0.5594987 0.9885329 0.5591422 0.9907396 0.5589565 0.9907396 0.5591421 0.9885327 0.5591422 0.9907396 0.5594987 0.9885329 0.5596632 0.988533 0.5596632 0.9907398 0.5594987 0.9907397 0.5591422 0.9907396 0.5594987 0.9885329 0.1319708 0.9629473 0.1319708 0.9576832 0.9628052 0.9391469 0.998009 0.6769442 0.998008 0.6770536 0.9975622 0.67707 0.8764582 0.1308708 0.869216 0.1305186 0.869216 0.1304091 0.6595634 0.9907396 0.6595633 0.9885327 0.5776413 0.9765225 0.944819 0.02958816 0.9448219 0.02945983 0.9512635 0.02945983 0.9275927 0.2070644 0.8764582 0.1308708 0.8764582 0.1307615 0.9573481 0.6432857 0.9573459 0.6433776 0.9513315 0.6433776 0.5776097 0.9785228 0.562341 0.9885345 0.5623409 0.9907414 0.9203252 0.2070444 0.9275927 0.2070644 0.9275913 0.2071747 0.9674886 0.7021291 0.9674766 0.7034373 0.9630634 0.7034373 0.8972781 0.5660902 0.883761 0.5660904 0.883761 0.5659801 0.4610416 0.9830365 0.3437104 0.9830367 0.3437104 0.9859801 0.9402582 0.9570217 0.9358235 0.9571431 0.9358842 0.951871 0.8844682 0.9970103 0.8837553 0.9970105 0.8837553 0.9959071 0.5417606 0.9446364 0.5417696 0.9371496 0.581355 0.9371489 0.2369342 0.9959458 0.6681016 0.9959069 0.6681016 0.9970103 0.2563821 0.9969891 0.2563821 0.9959069 0.2568447 0.9959245 0.9959961 0.1092656 0.9959958 0.1089041 0.9970992 0.1089041 0.2563821 0.9969891 0.2568447 0.9959245 0.2568447 0.9970067 0.2568447 0.9959245 0.9959961 0.1092656 0.2568447 0.9970067 0.9970992 0.1089041 0.25725 0.9970537 0.9959961 0.1092656 0.9859783 0.07485377 0.9859704 0.07472652 0.988568 0.07472568 0.5417606 0.9446364 0.5415763 0.9446358 0.5415854 0.937149 0.4246262 0.9269931 0.4247227 0.9198688 0.4290888 0.9201344 0.5589565 0.9907396 0.5582435 0.9907398 0.5582435 0.988533 0.6599043 0.9907396 0.6599043 0.9885327 0.5821616 0.9765224 0.6042974 0.9958212 0.6040382 0.9958124 0.6042938 0.9945872 0.6040382 0.9958124 0.6040382 0.9945291 0.6040778 0.9945688 0.1780295 0.5798529 0.1684322 0.5839978 0.1684322 0.5818334 0.9374935 0.3191041 0.9374924 0.3189938 0.2841734 0.8659279 0.9627845 0.3455145 0.9575157 0.3454811 0.9574712 0.3410464 0.9628137 0.834964 0.9627774 0.835147 0.9575122 0.835147 0.8346181 0.5380296 0.8514695 0.5355803 0.8517134 0.5399491 0.1825891 0.9956998 0.1825892 0.9945292 0.9944931 0.3897179 0.7828006 0.4402753 0.7828006 0.4366895 0.8098349 0.436689 0.9148201 0.4802766 0.9154113 0.4790204 0.9158848 0.4802877 0.9121821 0.4809197 0.9093276 0.4771596 0.9121263 0.4793013 0.9093276 0.4771596 0.9093276 0.4727232 0.9137563 0.4773775 0.9121263 0.4793013 0.9093276 0.4771596 0.9123229 0.4781962 0.9093276 0.4727232 0.9192732 0.4727352 0.9137563 0.4773775 0.9192732 0.4727352 0.9192732 0.4771108 0.9181273 0.4771892 0.9181273 0.4771892 0.9175478 0.4775823 0.9148201 0.4777627 0.9192732 0.4727352 0.9181273 0.4771892 0.9148201 0.4777627 0.9148201 0.4802766 0.9158848 0.4802877 0.9141804 0.481444 0.9137563 0.4806592 0.9148201 0.4802766 0.9141804 0.481444 0.9192732 0.4727352 0.9148201 0.4777627 0.9137563 0.4773775 0.9137563 0.4806592 0.9141804 0.481444 0.9121821 0.4809197 0.9126924 0.480274 0.9137563 0.4806592 0.9121821 0.4809197 0.9137563 0.4773775 0.9123229 0.4781962 0.9093276 0.4771596 0.8444735 0.9971294 0.8444998 0.9975867 0.8443801 0.9975832 0.6592224 0.9907396 0.6592224 0.9885327 0.5799014 0.9765224 0.4226006 0.5620171 0.4281166 0.5726291 0.4227671 0.5714303 0.4226006 0.5620171 0.4227671 0.5714303 0.4117739 0.5652148 0.3957018 0.5691339 0.4026158 0.5610792 0.4036401 0.5681061 0.4026158 0.5610792 0.4226006 0.5620171 0.4117739 0.5652148 0.4226006 0.6066483 0.4044268 0.6079069 0.4117739 0.6033625 0.4044268 0.6079069 0.3969795 0.6027611 0.4036401 0.6004048 0.4117739 0.6033625 0.4044268 0.6079069 0.4036401 0.6004048 0.4005028 0.5776142 0.4105696 0.582175 0.4093284 0.5842787 0.4098184 0.6018282 0.403139 0.5980012 0.4099091 0.5858462 0.403139 0.5980012 0.4005028 0.5776142 0.4093284 0.5842787 0.4229469 0.594378 0.4156405 0.6013699 0.4099091 0.5858462 0.4156405 0.6013699 0.4098184 0.6018282 0.4099091 0.5858462 0.403139 0.5980012 0.4093284 0.5842787 0.4099091 0.5858462 0.4026158 0.5610792 0.4117739 0.5652148 0.4036401 0.5681061 0.4229469 0.594378 0.4099091 0.5858462 0.4295378 0.5902879 0.4233023 0.5944117 0.4229469 0.594378 0.4295378 0.5902879 0.3957018 0.5691339 0.4036401 0.5681061 0.3993158 0.5754522 0.3957018 0.5691339 0.3993158 0.5754522 0.3993158 0.5930235 0.4236621 0.5947124 0.4233023 0.5944117 0.4295378 0.5902879 0.4237416 0.5951688 0.4236621 0.5947124 0.4295378 0.5902879 0.3969795 0.6027611 0.3957018 0.5691339 0.3993158 0.5930235 0.3969795 0.6027611 0.3993158 0.5930235 0.4036401 0.6004048 0.4237416 0.5951688 0.4295378 0.5902879 0.4226006 0.6066483 0.4199249 0.6005174 0.4237416 0.5951688 0.4226006 0.6066483 0.5777033 0.9765385 0.5799014 0.9765224 0.5798699 0.9785228 0.9970889 0.3743683 0.9959966 0.3533492 0.9970895 0.3533492 0.912716 0.489038 0.9134113 0.4885927 0.9137807 0.4890295 0.6013534 0.9142763 0.6017106 0.9156275 0.6005436 0.9149879 0.6017106 0.9156275 0.6010638 0.9161378 0.6005436 0.9149879 0.6005436 0.9149879 0.6010678 0.9129896 0.6013534 0.9142763 0.06216257 0.9761012 0.05995571 0.9761012 0.05995309 0.9723575 0.9860223 0.1880272 0.9885802 0.188019 0.9858208 0.5074278 0.9939416 0.8323261 0.9942312 0.8331916 0.9931007 0.8331557 0.7828006 0.5099579 0.8098348 0.5099602 0.809835 0.5101357 0.9364864 0.9368035 0.9364652 0.9368031 0.9907787 0.7900575 0.9365652 0.9329741 0.9365479 0.9329694 0.9365347 0.9300969 0.9365479 0.9329694 0.9365294 0.9329652 0.9365347 0.9300969 0.9364864 0.9368035 0.9907787 0.7900575 0.114728 0.9371833 0.9907787 0.7900575 0.9365652 0.9329741 0.114728 0.9371833 0.114728 0.9371833 0.9364654 0.9368061 0.9364864 0.9368035 0.9365488 0.9291437 0.114728 0.9448068 0.9365347 0.9300969 0.114728 0.9448068 0.114728 0.9371833 0.9365652 0.9329741 0.9364273 0.9310398 0.9364226 0.929126 0.9365347 0.9300969 0.9364226 0.929126 0.9365488 0.9291437 0.9365347 0.9300969 0.8981037 0.2970358 0.9081284 0.2966625 0.8990995 0.297682 0.9081284 0.2966625 0.9089203 0.2974088 0.9078396 0.2978329 0.8990995 0.297682 0.9081284 0.2966625 0.9077126 0.2976966 0.9089203 0.2974088 0.9090317 0.2990399 0.9078396 0.2978329 0.9090317 0.2990399 0.9078611 0.2990399 0.9078396 0.2978329 0.8989189 0.2990401 0.8977482 0.2990401 0.8989793 0.2977689 0.8977482 0.2990401 0.8981037 0.2970358 0.8989793 0.2977689 0.9078396 0.2978329 0.9077126 0.2976966 0.9081284 0.2966625 0.7790721 0.9448165 0.7790721 0.9511931 0.7754874 0.9512287 0.9287674 0.7946973 0.9203262 0.7946973 0.729206 0.8530536 0.9445949 0.6453765 0.9430091 0.6454468 0.9430335 0.6453154 0.9287674 0.7946973 0.729206 0.8530536 0.9445949 0.6453765 0.8518762 0.09252917 0.8519672 0.0943939 0.8420224 0.09457117 0.8414584 0.09524565 0.8414357 0.0968514 0.8349112 0.0968514 0.8346181 0.09084415 0.8518762 0.09252917 0.8420224 0.09457117 0.8420224 0.09457117 0.8414584 0.09524565 0.8346181 0.09084415 0.4907418 0.9291246 0.4943264 0.9291694 0.5100344 0.9464129 0.8988001 0.9959087 0.8994588 0.995907 0.8994574 0.997 0.9959958 0.3743669 0.9959957 0.3742757 0.9970887 0.3742771 0.1593309 0.6183208 0.1593309 0.619403 0.1549697 0.6187978 0.1549697 0.6187978 0.1490355 0.6129524 0.1593309 0.6110159 0.1593309 0.6110159 0.1684322 0.6110529 0.1684322 0.6183578 0.1684322 0.6110529 0.1753509 0.6176325 0.1684322 0.6183578 0.1753509 0.6176325 0.1684322 0.6194394 0.1684322 0.6183578 0.1593309 0.6183208 0.1549697 0.6187978 0.1593309 0.6110159 0.9677718 0.01837229 0.9678426 0.01695877 0.9722167 0.01695877 0.8573089 0.9644152 0.8574192 0.964414 0.8574259 0.9678025 0.4270365 0.9958292 0.426482 0.9957526 0.4266965 0.9950731 0.9886845 0.05320906 0.9907308 0.05320906 0.9907277 0.05390942 0.04335975 0.9860414 0.04335975 0.9884175 0.04115295 0.9884176 0.2754322 0.9665965 0.2754609 0.9665866 0.2758944 0.9672529 0.2754609 0.9665866 0.1425114 0.9938783 0.2758944 0.9672529 0.1425114 0.9938783 0.1424686 0.9938663 0.1424545 0.9927465 0.1424545 0.9927465 0.2774293 0.9678072 0.1425114 0.9938783 0.2774293 0.9678072 0.2758944 0.9672529 0.1425114 0.9938783 0.2758944 0.9672529 0.2751854 0.9662567 0.2754322 0.9665965 0.2751854 0.9662567 0.2752259 0.9662463 0.2754322 0.9665965 0.2752259 0.9662463 0.2751202 0.9658586 0.2751584 0.9658575 0.5533758 0.9354353 0.5549373 0.9355185 0.554936 0.9366115 0.5480992 0.9366115 0.5481082 0.9291247 0.5526601 0.9348288 0.5481082 0.9291247 0.5524838 0.9291247 0.5526601 0.9348288 0.5533758 0.9354353 0.554936 0.9366115 0.5480992 0.9366115 0.7168219 0.8354843 0.7167125 0.8354831 0.9628296 0.9277649 0.9509736 0.8836202 0.944819 0.02958816 0.9513087 0.02958643 0.9763336 0.5532116 0.9763619 0.5530733 0.9769174 0.5532593 0.9763619 0.5530733 0.9780534 0.5530859 0.9769174 0.5532593 0.9769174 0.5532593 0.9780534 0.5530859 0.9776638 0.5532238 0.9780534 0.5530859 0.9780535 0.5532243 0.9776638 0.5532238 0.9776638 0.5532238 0.2751584 0.9650722 0.9769174 0.5532593 0.2751584 0.9650722 0.2754322 0.9643355 0.9769174 0.5532593 0.9769174 0.5532593 0.2762921 0.9635469 0.2763051 0.9635781 0.5536164 0.6510678 0.5531724 0.65091 0.5542913 0.6502733 0.5531724 0.65091 0.5495926 0.6459299 0.5542913 0.6502733 0.5536164 0.6510678 0.5542913 0.6502733 0.5541434 0.6508257 0.5486614 0.6436514 0.5542913 0.6502733 0.5495926 0.6459299 0.5542118 0.6714798 0.5543024 0.6718188 0.5534967 0.6711454 0.5543024 0.6718188 0.5466573 0.679412 0.5461903 0.6781373 0.5534967 0.6711454 0.553852 0.6711791 0.5542118 0.6714798 0.5461903 0.6781373 0.5534967 0.6711454 0.5543024 0.6718188 0.5486614 0.6436514 0.5495926 0.6459299 0.5423277 0.6433349 0.5403681 0.6785956 0.5461903 0.6781373 0.5466573 0.679412 0.5379944 0.6427246 0.5486614 0.6436514 0.5423277 0.6433349 0.5379944 0.6427246 0.5423277 0.6433349 0.5336887 0.647273 0.5403681 0.6785956 0.5466573 0.679412 0.5401252 0.6799262 0.5336887 0.6747686 0.5403681 0.6785956 0.5401252 0.6799262 0.5313671 0.6481705 0.5379944 0.6427246 0.5336887 0.647273 0.5313671 0.6481705 0.5336887 0.647273 0.531732 0.6505971 0.5336887 0.6747686 0.5401252 0.6799262 0.5326312 0.6756325 0.5313671 0.6481705 0.531732 0.6505971 0.5326312 0.6756325 0.4012324 0.9989323 0.9958041 0.8503757 0.4012324 0.9993898 0.9958041 0.8503757 0.9970319 0.8071944 0.4012324 0.9993898 0.5326739 0.9724355 0.5338041 0.9724636 0.5338041 0.9760175 0.9011775 0.9959083 0.9011775 0.9970013 0.900507 0.9970005 0.5452347 0.9366114 0.5384002 0.9366114 0.5399627 0.9354352 0.5384002 0.9366114 0.5384016 0.9355184 0.5399627 0.9354352 0.5408701 0.9291247 0.5452442 0.9291247 0.5406798 0.9348288 0.5452442 0.9291247 0.5452347 0.9366114 0.5406798 0.9348288 0.9959045 0.5803629 0.9959082 0.5804946 0.9947848 0.5803499 0.9959082 0.5804946 0.9944933 0.5804598 0.9947848 0.5803499 0.8107624 0.8441417 0.8109397 0.8338117 0.8136185 0.8336835 0.8153102 0.8507792 0.8084813 0.8511062 0.8100876 0.844771 0.8084813 0.8511062 0.8084813 0.8449489 0.8100876 0.844771 0.8107624 0.8441417 0.8136185 0.8336835 0.8153102 0.8507792 0.5596632 0.9907396 0.5596632 0.9885327 0.5603699 0.988533 0.9975633 0.6769606 0.9975622 0.67707 0.6768485 0.998157 0.04556667 0.9860416 0.04777354 0.9860415 0.04777354 0.9884176 0.0654748 0.9723574 0.06657826 0.9723573 0.0654757 0.9735378 0.06657826 0.9723573 0.06658095 0.9761012 0.0654757 0.9735378 0.06658095 0.9761012 0.06437408 0.9761012 0.0654757 0.9735378 0.7828006 0.4289208 0.7828006 0.4245075 0.8098349 0.424507 0.002325594 0.9452691 0.002339541 0.9516944 0.001628041 0.9516909 0.9192728 0.8781744 0.9192717 0.8784009 0.9093278 0.8784009 0.297169 0.9884176 0.297169 0.9860415 0.2982718 0.9860415 0.4214825 0.9908414 0.4215139 0.9926877 0.2893484 0.9927002 0.4599077 0.937149 0.4642785 0.937352 0.4642785 0.9444759 0.5731642 0.9789503 0.5731514 0.9785391 0.5753623 0.9789342 0.5731514 0.9785391 0.5731449 0.9781151 0.5753495 0.9785229 0.5753623 0.9789342 0.5731514 0.9785391 0.5753495 0.9785229 0.5731449 0.9781151 0.5731449 0.9776908 0.575343 0.9776746 0.575343 0.9780989 0.5753495 0.9785229 0.5731449 0.9781151 0.2780284 0.9516643 0.2775687 0.9516534 0.2775687 0.9448166 0.2915905 0.9618713 0.5349344 0.9759401 0.5349345 0.9723849 0.9197667 0.3012439 0.9093276 0.3012439 0.9093444 0.3010174 0.9972078 0.6773486 0.9995074 0.8010065 0.9995092 0.8008962 0.9630628 0.7011846 0.9665398 0.7004438 0.9659374 0.7015593 0.9665398 0.7004438 0.9668554 0.7015482 0.9659374 0.7015593 0.9668554 0.7015482 0.9675751 0.7021291 0.9659374 0.7015593 0.9978888 0.6773407 0.9975337 0.6773325 0.9975348 0.6772232 0.2842827 0.8659291 0.2841734 0.8659279 0.2840374 0.8602706 0.7461643 0.9355185 0.746163 0.9366115 0.7446028 0.9354353 0.746163 0.9366115 0.7401466 0.9366115 0.7446028 0.9354353 0.7401466 0.9366115 0.7401556 0.9291247 0.7438871 0.9348288 0.7401556 0.9291247 0.7437108 0.9291247 0.7438871 0.9348288 0.4289923 0.9272587 0.9181696 0.9371928 0.9225814 0.9371489 0.9291203 0.7230137 0.9291192 0.7229034 0.9354482 0.722887 0.9964742 0.04654258 0.9964742 0.04642283 0.8694756 0.9977779 0.9982101 0.171025 0.9988579 0.1710594 0.9988623 0.1712337 0.8660365 0.8682859 0.9374924 0.6952723 0.937493 0.6951907 0.9445834 0.6951907 0.8628464 0.8616868 0.8629112 0.8616697 0.8629112 0.8616697 0.8632385 0.8635121 0.9445834 0.6951907 0.8632385 0.8635121 0.8660365 0.8682859 0.937493 0.6951907 0.9970992 0.1085425 0.2555143 0.9969892 0.2555143 0.995907 0.8465908 0.8142302 0.8493404 0.8153803 0.8463971 0.8142566 0.8493404 0.8153803 0.8510729 0.8178501 0.8463971 0.8142566 0.8510729 0.8178501 0.8502988 0.8254564 0.8463971 0.8142566 0.9989144 0.5587337 0.9988918 0.5586076 0.9994524 0.5586076 0.4554386 0.9959099 0.6779219 0.9957751 0.6779118 0.9945312 0.8346182 0.5827209 0.8514752 0.5803712 0.8516733 0.5839208 0.851739 0.4890062 0.8518072 0.4902057 0.83482 0.4902057 0.9831572 0.9496178 0.9857115 0.9496178 0.9856984 0.95101 0.9907894 0.8427559 0.9926592 0.8427304 0.9926996 0.5671711 0.9203627 0.5629295 0.9203311 0.5628412 0.9203237 0.5627457 0.9203237 0.5627457 0.9288277 0.5627074 0.9288222 0.562803 0.9288222 0.562803 0.9250534 0.5627233 0.9233167 0.5627741 0.9203627 0.5629295 0.9203237 0.5627457 0.9288222 0.562803 0.5626464 0.9907406 0.5799876 0.9796868 0.5623413 0.9885329 0.5799876 0.9796868 0.5799448 0.9789502 0.5821428 0.9789341 0.5799448 0.9789502 0.579932 0.978539 0.5821301 0.9785228 0.5821428 0.9789341 0.5623413 0.9885329 0.5799876 0.9796868 0.5623413 0.9885329 0.5626466 0.9885337 0.5626464 0.9907406 0.5799448 0.9789502 0.5821301 0.9785228 0.5821428 0.9789341 0.5629981 0.9885345 0.5629979 0.9907414 0.5626464 0.9907406 0.5776413 0.9765225 0.5776097 0.9785228 0.5754116 0.978539 0.7828006 0.6035826 0.8093146 0.6035826 0.8093329 0.6037959 0.2946549 0.9989283 0.2946549 0.9993937 0.9989144 0.5587337 0.570944 0.9129337 0.5699713 0.9134998 0.5693256 0.9129896 0.5693256 0.9129896 0.5738066 0.910124 0.570944 0.9129337 0.5738066 0.910124 0.5767019 0.9100122 0.572649 0.9137361 0.570944 0.9129337 0.5738066 0.910124 0.5722832 0.9132958 0.5767019 0.9100122 0.5766909 0.9191152 0.5728425 0.9148511 0.5766909 0.9191152 0.5737959 0.9190034 0.5728425 0.9148511 0.5767019 0.9100122 0.5728425 0.9148511 0.572649 0.9137361 0.5737959 0.9190034 0.5693218 0.9161378 0.571225 0.9162188 0.5693218 0.9161378 0.5699688 0.9156275 0.571225 0.9162188 0.5722832 0.9132958 0.5738066 0.910124 0.572649 0.9137361 0.5737959 0.9190034 0.571225 0.9162188 0.5722802 0.9158316 0.2798396 0.9516624 0.27938 0.9516512 0.27938 0.9448167 0.1105771 0.9293405 0.1105771 0.9369955 0.1070297 0.9367796 0.9970897 0.3541178 0.9970895 0.3542135 0.9959965 0.3542121 0.8849511 0.9989094 0.8849511 0.9993298 0.884825 0.9993056 0.2738357 0.996327 0.2749285 0.996327 0.2749275 0.9970394 0.9153115 0.4784591 0.9148201 0.4777627 0.9175478 0.4775823 0.9175478 0.4775823 0.9158848 0.4802877 0.9154113 0.4790204 0.9354482 0.722887 0.7164635 0.8461413 0.7165728 0.8461425 0.9995094 0.8051883 0.9995077 0.805078 0.998008 0.6770536 0.2749285 0.996327 0.2738357 0.996327 0.8988001 0.9959087 0.4342241 0.9760301 0.4342268 0.9723574 0.4364336 0.9723574 0.7754873 0.951341 0.00121212 0.9448789 0.7754873 0.9448166 0.00121212 0.9448789 0.001624286 0.945026 0.7754873 0.9448166 0.7754873 0.9448166 0.001624286 0.945026 0.7748309 0.944912 0.4397485 0.9735153 0.4397494 0.9723574 0.4408528 0.9723573 0.4408528 0.9723573 0.4408501 0.9760301 0.4397485 0.9735153 0.4408501 0.9760301 0.4386432 0.9760301 0.4397485 0.9735153 0.9856977 0.697115 0.9857218 0.6996692 0.9836124 0.6996692 0.5011479 0.9695764 0.5011497 0.9721398 0.5000444 0.9695764 0.5011497 0.9721398 0.4989428 0.9721398 0.5000444 0.9695764 0.4989428 0.9721398 0.4989399 0.9680653 0.5000444 0.9695764 0.4386405 0.9760301 0.4364336 0.9760301 0.4364364 0.9723574 0.9674766 0.7034373 0.9674887 0.7055102 0.9630675 0.7049237 0.9674887 0.7055102 0.9630754 0.7055102 0.9630675 0.7049237 0.5731642 0.9789503 0.5753623 0.9789342 0.561027 0.9885345 0.6768485 0.998157 0.6768496 0.9988369 0.6767372 0.998482 0.6768496 0.9988369 0.6767392 0.9988374 0.6767372 0.998482 0.7381458 0.9798887 0.7381458 0.9828251 0.7362791 0.9828251 0.297169 0.9860415 0.297169 0.9884176 0.2960661 0.9884176 0.9972089 0.6772392 0.9975348 0.6772232 0.9975337 0.6773325 0.9907954 0.8638066 0.9926548 0.863842 0.9926474 0.8645089 0.04335975 0.9860416 0.04556667 0.9860415 0.04556667 0.9884176 0.5799635 0.9765385 0.5821616 0.9765224 0.5821301 0.9785228 0.5422026 0.9993629 0.5421113 0.9993701 0.5421149 0.9989048 0.997089 0.3838751 0.9959959 0.3838751 0.9959961 0.3837411 0.04777354 0.9884176 0.04777354 0.9860416 0.04998046 0.9860415 0.9857021 0.9397579 0.9857152 0.9411502 0.9831572 0.9411502 0.926097 0.2275515 0.9203282 0.2274209 0.9203238 0.2263388 0.9264702 0.2265346 0.9284562 0.2284749 0.927421 0.2288451 0.9284562 0.2284749 0.9284653 0.2306957 0.9275251 0.2299612 0.927421 0.2288451 0.9284562 0.2284749 0.9275251 0.2299612 0.926495 0.2326362 0.9203502 0.232832 0.9203459 0.2317497 0.926495 0.2326362 0.9203459 0.2317497 0.9267757 0.2312434 0.926097 0.2275515 0.9203238 0.2263388 0.9264702 0.2265346 0.927421 0.2288451 0.926097 0.2275515 0.9264702 0.2265346 0.9284653 0.2306957 0.926495 0.2326362 0.9267757 0.2312434 0.4117779 0.5665675 0.4190429 0.5691626 0.4105696 0.582175 0.4190429 0.5691626 0.4226227 0.5741426 0.4105696 0.582175 0.403139 0.5705057 0.4117779 0.5665675 0.4105696 0.582175 0.4105696 0.582175 0.4005028 0.5776142 0.403139 0.5705057 0.4281166 0.5726291 0.4295378 0.5784341 0.4235936 0.5740583 0.4295378 0.5784341 0.4105696 0.582175 0.4230667 0.5743004 0.4237428 0.5737408 0.4227671 0.5714303 0.4281166 0.5726291 0.4235936 0.5740583 0.4237428 0.5737408 0.4281166 0.5726291 0.4230667 0.5743004 0.4235936 0.5740583 0.4295378 0.5784341 0.5428352 0.9450013 0.54334 0.9455062 0.5423846 0.9460579 0.54334 0.9455062 0.5433401 0.9507475 0.5423846 0.9460579 0.5433401 0.9507475 0.5428354 0.9512524 0.5423846 0.9501958 0.5428354 0.9512524 0.5410425 0.9514371 0.5422401 0.9503171 0.5423846 0.9501958 0.5428354 0.9512524 0.5422401 0.9503171 0.5410425 0.9514371 0.5410425 0.9503337 0.5422401 0.9503171 0.5410424 0.9459199 0.5410423 0.9448165 0.54224 0.9459366 0.5410423 0.9448165 0.5428352 0.9450013 0.54224 0.9459366 0.5423846 0.9460579 0.54224 0.9459366 0.5428352 0.9450013 0.2378139 0.9970279 0.2371283 0.9969891 0.2371283 0.9959068 0.6311641 0.9993675 0.6311641 0.9989078 0.6312958 0.9989042 0.9365294 0.9329652 0.9365184 0.9329644 0.9364273 0.9310398 0.9365184 0.9329644 0.9364866 0.9329629 0.9364273 0.9310398 0.9364652 0.9368031 0.9364864 0.9368035 0.9364654 0.9368061 0.9365347 0.9300969 0.9365294 0.9329652 0.9364273 0.9310398 0.9364652 0.9368031 0.9364654 0.9368061 0.9363288 0.9368059 0.9364866 0.9329629 0.9364652 0.9368031 0.9363288 0.9368059 0.9363288 0.9368059 0.9363288 0.9291256 0.9364273 0.9310398 0.9363288 0.9291256 0.9364226 0.929126 0.9364273 0.9310398 0.9203238 0.4518942 0.9285199 0.4518942 0.9262843 0.4596167 0.1684322 0.5745285 0.1684322 0.5734469 0.1753509 0.5753102 0.1753509 0.5753102 0.1684322 0.5818334 0.1684322 0.5745285 0.1684322 0.5818334 0.1593309 0.5817963 0.1684322 0.5745285 0.1519834 0.575658 0.1593309 0.5734092 0.1593309 0.5744915 0.1593309 0.5744915 0.1684322 0.5745285 0.1593309 0.5817963 0.1593309 0.5744915 0.1593309 0.5817963 0.1519834 0.575658 0.1593309 0.5817963 0.1593309 0.5839607 0.1485876 0.581414 0.1485876 0.581414 0.1519834 0.575658 0.1593309 0.5817963 0.1593309 0.6110159 0.1490355 0.6129524 0.1593309 0.6088514 0.1490355 0.6129524 0.1485876 0.581414 0.1605719 0.5964112 0.1593309 0.6088514 0.1490355 0.6129524 0.1605719 0.5964112 0.1684322 0.5839978 0.1780295 0.5798529 0.1813529 0.5897967 0.1485876 0.581414 0.1593309 0.5839607 0.1605719 0.5964112 0.1593309 0.5839607 0.1684322 0.5839978 0.1617542 0.5939289 0.1684322 0.5839978 0.1813529 0.5897967 0.1617542 0.5939289 0.1753509 0.6176325 0.1684322 0.6110529 0.1684322 0.6088885 0.1617542 0.598903 0.1813529 0.6031948 0.1684322 0.6088885 0.1813529 0.6031948 0.1753509 0.6176325 0.1684322 0.6088885 0.1593309 0.5839607 0.1617542 0.5939289 0.1605719 0.5964112 0.1617542 0.598903 0.1684322 0.6088885 0.1593309 0.6088514 0.9956481 0.3896821 0.9944931 0.3897179 0.9947394 0.3888367 0.8523105 0.8061471 0.8542394 0.8036597 0.8572304 0.8025554 0.8542394 0.8036597 0.8570512 0.8025044 0.8572304 0.8025554 0.8572304 0.8025554 0.8680245 0.8141279 0.852389 0.8141279 0.8517447 0.2447932 0.8518539 0.246712 0.8348666 0.246712 0.8658862 0.9630278 0.8658862 0.9677955 0.8657758 0.9677942 0.09913498 0.9959128 0.09913718 0.9971066 0.09893137 0.9971055 0.9197718 0.3010184 0.9093444 0.3010174 0.1356129 0.9198561 0.1082592 0.9100149 0.9197932 0.299267 0.9093277 0.299267</float_array>
          <technique_common>
            <accessor source="#fifth_wheel-mesh-map-0-array" count="2883" stride="2">
              <param name="S" type="float"/>
              <param name="T" type="float"/>
            </accessor>
          </technique_common>
        </source>
        <vertices id="fifth_wheel-mesh-vertices">
          <input semantic="POSITION" source="#fifth_wheel-mesh-positions"/>
        </vertices>
        <triangles material="mat_0-material" count="926">
          <input semantic="VERTEX" source="#fifth_wheel-mesh-vertices" offset="0"/>
          <input semantic="NORMAL" source="#fifth_wheel-mesh-normals" offset="1"/>
          <input semantic="TEXCOORD" source="#fifth_wheel-mesh-map-0" offset="2" set="0"/>
          <p>816 0 0 819 1 1 820 2 2 1182 3 3 1179 4 4 1178 5 5 783 6 6 777 7 7 782 8 8 958 9 9 963 10 10 957 11 11 881 12 12 879 13 13 880 14 14 1226 15 15 1227 15 16 1225 15 17 1167 16 18 1163 17 19 1166 18 20 966 19 21 961 20 22 967 21 23 41 22 24 44 22 25 45 22 26 762 23 27 769 23 28 768 23 29 53 23 30 58 23 31 57 23 32 86 24 33 85 24 34 87 24 35 663 25 36 662 26 37 661 27 38 51 28 39 48 28 40 52 28 41 922 29 42 920 30 43 921 31 44 213 32 45 210 32 46 211 32 47 107 33 48 119 33 49 120 33 50 130 34 51 132 34 52 131 34 53 790 35 54 794 36 55 795 37 56 303 38 57 308 39 58 307 40 59 955 41 60 951 41 61 952 41 62 843 42 63 845 42 64 846 42 65 161 43 66 165 43 67 166 43 68 560 44 69 565 45 70 561 46 71 183 47 72 185 47 73 184 47 74 818 48 75 815 49 76 814 50 77 192 51 78 194 52 79 195 53 80 197 54 81 198 54 82 196 54 83 721 55 84 722 56 85 720 57 86 686 58 87 683 59 88 682 60 89 442 61 90 444 62 91 446 63 92 1174 64 93 1170 65 94 1169 66 95 677 67 96 675 68 97 679 69 98 231 70 99 232 70 100 233 70 101 802 71 102 807 72 103 803 73 104 419 74 105 416 75 106 417 76 107 821 77 108 813 78 109 817 79 110 200 80 111 202 80 112 207 80 113 1229 23 114 1234 23 115 1233 23 116 405 81 117 406 82 118 404 83 119 1016 84 120 1026 85 121 1018 86 122 1101 87 123 1103 88 124 1100 89 125 172 90 126 170 90 127 171 90 128 756 91 129 754 91 130 755 91 131 696 92 132 699 92 133 700 92 134 817 79 135 820 2 136 821 77 137 230 23 138 229 23 139 218 23 140 578 93 141 592 93 142 593 93 143 1176 94 144 1172 95 145 1171 96 146 305 97 147 308 39 148 304 98 149 302 99 150 283 100 151 285 101 152 1147 102 153 1146 103 154 1145 104 155 1165 105 156 1163 17 157 1164 106 158 322 107 159 320 108 160 319 109 161 516 110 162 519 110 163 517 110 164 251 111 165 256 112 166 255 113 167 891 114 168 887 114 169 888 114 170 1055 115 171 1054 115 172 1046 115 173 730 116 174 735 117 175 734 118 176 157 119 177 155 120 178 156 121 179 144 122 180 150 123 181 149 124 182 442 61 183 445 125 184 441 126 185 907 127 186 910 127 187 908 127 188 1003 128 189 1005 129 190 1007 130 191 793 131 192 789 132 193 788 133 194 1220 134 195 1212 135 196 1218 136 197 332 137 198 329 138 199 328 139 200 333 140 201 326 141 202 331 142 203 1181 143 204 1178 5 205 1177 144 206 333 140 207 331 142 208 332 137 209 368 145 210 367 146 211 374 147 212 688 148 213 693 149 214 690 150 215 716 151 216 713 152 217 718 153 218 424 154 219 421 155 220 422 156 221 258 157 222 261 158 223 257 159 224 447 160 225 448 161 226 484 162 227 460 163 228 459 164 229 465 165 230 356 166 231 355 167 232 359 168 233 311 169 234 313 170 235 316 171 236 348 172 237 353 173 238 350 174 239 370 175 240 372 176 241 373 177 242 503 178 243 504 179 244 505 180 245 494 181 246 499 182 247 498 183 248 410 184 249 415 185 250 412 186 251 81 187 252 83 188 253 84 189 254 365 190 255 363 191 256 362 192 257 325 193 258 317 194 259 318 195 260 1001 196 261 1000 197 262 999 198 263 685 199 264 683 59 265 687 200 266 440 201 267 435 202 268 437 203 269 1201 204 270 1197 205 271 1196 206 272 271 207 273 269 208 274 268 209 275 873 210 276 871 211 277 872 212 278 531 213 279 529 214 280 528 215 281 403 216 282 398 217 283 399 218 284 922 29 285 918 219 286 919 220 287 394 221 288 393 222 289 397 223 290 337 224 291 334 225 292 335 226 293 620 227 294 619 228 295 618 229 296 387 230 297 386 231 298 384 232 299 384 232 300 386 231 301 385 233 302 246 234 303 244 235 304 245 236 305 122 237 306 124 238 307 121 239 308 347 240 309 345 241 310 344 242 311 1058 243 312 1060 244 313 1057 245 314 430 246 315 425 247 316 431 248 317 315 249 318 309 250 319 310 251 320 964 252 321 959 253 322 965 254 323 393 222 324 392 255 325 397 223 326 453 256 327 454 257 328 474 258 329 903 259 330 905 260 331 906 261 332 985 262 333 989 263 334 986 264 335 414 265 336 412 186 337 415 185 338 506 266 339 507 267 340 509 268 341 403 216 342 401 269 343 400 270 344 432 271 345 426 272 346 430 246 347 237 273 348 235 274 349 236 275 350 333 140 351 327 276 352 326 141 353 273 277 354 274 278 355 266 279 356 353 173 357 351 280 358 350 174 359 885 281 360 883 282 361 884 283 362 432 271 363 429 284 364 428 285 365 422 156 366 419 74 367 424 154 368 299 286 369 298 287 370 301 288 371 360 289 372 365 190 373 362 192 374 692 290 375 690 150 376 693 149 377 997 291 378 996 292 379 995 293 380 666 294 381 670 294 382 669 294 383 428 285 384 427 295 385 432 271 386 288 296 387 294 297 388 289 298 389 524 299 390 527 299 391 525 299 392 476 300 393 477 301 394 475 302 395 876 303 396 875 303 397 874 303 398 1130 304 399 1127 305 400 1129 306 401 938 307 402 935 308 403 936 309 404 37 310 405 38 310 406 39 310 407 97 311 408 99 312 409 100 313 410 315 249 411 311 169 412 316 171 413 825 314 414 831 315 415 826 316 416 840 317 417 836 318 418 835 319 419 1122 320 420 1119 321 421 1123 322 422 719 323 423 714 324 424 715 325 425 839 326 426 835 319 427 834 327 428 625 328 429 622 329 430 624 330 431 1118 331 432 1121 332 433 1124 333 434 838 334 435 834 327 436 833 335 437 1020 336 438 1024 337 439 1023 338 440 808 339 441 810 339 442 809 339 443 343 340 444 344 242 445 342 341 446 538 342 447 541 343 448 539 344 449 154 345 450 152 345 451 151 346 452 491 347 453 488 348 454 489 349 455 1130 304 456 1125 350 457 1128 304 458 1074 351 459 1073 352 460 1070 353 461 359 168 462 357 354 463 356 166 464 373 177 465 372 176 466 374 147 467 491 347 468 486 355 469 487 356 470 571 357 471 573 358 472 575 359 473 60 360 474 62 361 475 61 362 476 1087 363 477 1089 364 478 1086 364 479 249 365 480 250 366 481 247 367 482 645 368 483 660 368 484 644 368 485 785 369 486 779 370 487 784 371 488 597 372 489 596 373 490 595 374 491 252 375 492 254 376 493 256 112 494 534 377 495 536 377 496 537 377 497 601 378 498 604 379 499 602 380 500 942 381 501 944 381 502 943 381 503 553 23 504 554 23 505 549 23 506 1200 382 507 1196 206 508 1195 383 509 1213 384 510 1224 385 511 1214 386 512 1214 386 516 1223 388 517 1215 389 518 678 390 519 675 68 520 676 391 521 579 392 522 589 392 523 580 392 524 1113 34 525 1116 34 526 1115 34 527 1031 393 528 1034 393 529 1032 393 530 512 394 531 515 395 532 513 396 533 616 397 534 621 398 535 617 399 536 276 400 537 279 401 538 275 402 539 387 230 540 390 403 541 378 404 542 610 405 543 609 405 544 613 405 545 946 406 546 950 407 547 945 408 548 274 278 549 271 207 550 272 409 551 631 410 552 626 410 553 627 410 554 937 411 555 940 412 556 938 307 557 1204 413 558 1208 414 559 1209 415 560 676 391 561 673 416 562 678 390 563 634 417 564 633 417 565 656 417 566 1023 338 567 1021 418 568 1020 336 569 782 8 570 776 419 571 781 420 572 1199 421 573 1197 205 574 1202 422 575 520 423 576 523 424 577 521 425 578 176 426 579 175 426 580 174 426 581 478 427 582 476 300 583 481 428 584 710 429 585 705 429 586 709 429 587 803 73 588 798 430 589 799 431 590 718 153 591 715 325 592 716 151 593 468 432 594 464 433 595 466 434 596 864 435 597 849 435 598 854 435 599 341 436 600 339 437 601 340 438 602 963 10 603 956 439 604 957 11 605 1168 440 606 1162 441 607 1167 16 608 737 442 609 739 442 610 740 442 611 461 443 612 466 434 613 464 433 614 751 444 615 750 444 616 747 444 617 92 445 618 94 446 619 91 447 620 826 316 621 832 448 622 827 449 623 760 450 624 759 450 625 758 450 626 1037 451 627 1038 451 628 1039 451 629 567 452 630 568 452 631 566 452 632 1187 453 633 1193 454 634 1188 455 635 258 157 636 260 456 637 262 457 638 142 458 639 139 458 640 140 458 641 899 459 642 901 460 643 902 461 644 561 46 645 564 462 646 562 463 647 1099 464 648 1103 88 649 1104 465 650 745 466 651 744 467 652 743 468 653 959 253 654 966 19 655 965 254 656 241 469 657 243 470 658 240 471 659 797 472 660 787 473 661 792 474 662 980 23 663 979 23 664 981 23 665 795 37 666 791 475 667 790 35 668 784 371 669 778 476 670 783 6 671 973 477 672 970 477 673 969 477 674 575 359 675 572 478 676 571 357 677 800 479 678 805 480 679 801 481 680 1170 65 681 1176 94 682 1171 96 683 406 82 684 408 482 685 407 483 686 294 297 687 293 484 688 289 298 689 1041 485 690 1044 486 691 1042 487 692 911 488 693 912 489 694 914 490 695 727 491 696 724 492 697 723 493 698 323 494 699 321 495 700 320 108 701 923 496 702 925 496 703 926 496 704 930 497 705 928 497 706 929 497 707 933 498 708 931 498 709 932 498 710 986 264 711 990 499 712 987 500 713 282 501 714 298 287 715 295 502 716 1093 503 717 1094 504 718 1082 505 719 1119 321 720 1124 333 721 1123 322 722 277 506 723 280 507 724 276 400 725 722 56 726 727 491 727 723 493 728 72 23 729 79 23 730 80 23 731 703 508 732 702 509 733 701 510 734 949 511 735 948 512 736 947 513 737 728 514 738 734 118 739 729 515 740 499 182 741 495 516 742 496 517 743 1205 518 744 1207 519 745 1206 520 746 545 521 747 557 521 748 558 521 749 805 480 750 802 71 751 801 481 752 824 522 753 830 523 754 825 314 755 1210 524 756 1204 413 757 1209 415 758 1107 525 759 1110 525 760 1109 525 761 1188 455 762 1193 454 763 1192 526 764 1064 527 765 1063 527 766 1061 527 767 1014 528 768 1013 528 769 1012 528 770 1078 529 771 1077 529 772 1075 529 773 1029 530 774 1028 530 775 1027 530 776 1025 531 777 1024 337 778 1019 532 779 1097 533 780 1095 534 781 1096 535 782 828 536 783 827 449 784 832 448 785 993 537 786 992 537 787 991 537 788 217 538 789 214 538 790 216 538 791 792 474 792 796 539 793 797 472 794 529 214 795 533 540 796 530 541 797 66 542 798 63 542 799 64 542 800 1086 364 801 1090 543 802 1085 544 803 681 545 804 682 60 805 680 546 806 735 117 807 732 547 808 733 548 809 106 549 810 103 549 811 104 549 812 976 550 813 978 550 814 975 550 815 1133 551 816 1141 551 817 1140 551 818 1151 553 822 1160 553 823 1157 553 824 1148 554 825 1143 555 826 1146 103 827 438 556 828 434 557 829 439 558 830 389 559 831 388 560 832 375 561 833 1185 562 834 1183 562 835 1186 562 836 648 563 837 649 563 838 655 563 839 602 380 840 600 564 841 599 565 842 894 566 843 895 567 844 897 568 845 1008 569 846 1010 569 847 1011 569 848 841 570 849 837 571 850 836 318 851 868 572 852 870 573 853 873 210 854 240 471 855 238 574 856 239 575 857 505 180 858 501 576 859 503 178 860 816 0 861 815 49 862 819 1 863 1182 3 864 1180 577 865 1179 4 866 783 6 867 778 476 868 777 7 869 958 9 870 964 252 871 963 10 872 881 12 873 878 578 874 879 13 875 1226 15 876 1228 15 877 1227 15 878 1167 16 879 1162 441 880 1163 17 881 966 19 882 960 579 883 961 20 884 45 580 885 46 580 886 42 580 887 46 34 888 43 34 889 42 34 890 42 581 891 41 581 892 45 581 893 767 23 894 771 23 895 770 23 896 762 582 897 767 582 898 770 582 899 764 583 900 763 583 901 768 583 902 763 23 903 762 23 904 768 23 905 764 584 906 768 584 907 775 584 908 766 23 909 765 23 910 773 23 911 765 23 912 764 23 913 775 23 914 773 585 915 765 585 916 774 585 917 773 23 918 772 23 919 766 23 920 774 23 921 765 23 922 775 23 923 762 23 924 770 23 925 769 23 926 57 586 927 56 586 928 54 586 929 56 587 930 55 587 931 54 587 932 54 23 933 53 23 934 57 23 935 87 588 936 88 588 937 89 588 938 89 588 939 90 588 940 87 588 941 90 589 942 86 589 943 87 589 944 663 25 945 664 590 946 662 26 947 51 591 948 50 591 949 47 591 950 47 592 951 48 592 952 51 592 953 48 34 954 49 34 955 52 34 956 922 29 957 919 220 958 920 30 959 213 593 960 212 593 961 210 593 962 109 34 963 117 34 964 118 34 965 107 594 966 109 594 967 118 594 968 111 34 969 112 34 970 113 34 971 112 34 972 107 34 973 120 34 974 113 34 975 112 34 976 120 34 977 108 595 978 110 595 979 115 595 980 110 596 981 111 596 982 113 596 983 115 597 984 110 597 985 114 597 986 115 598 987 116 598 988 108 598 989 114 599 990 110 599 991 113 599 992 107 600 993 118 600 994 119 600 995 136 601 996 135 601 997 126 601 998 126 602 999 127 602 1000 136 602 1001 127 34 1002 128 34 1003 138 34 1004 136 34 1005 127 34 1006 137 34 1007 128 603 1008 129 603 1009 138 603 1010 129 604 1011 130 604 1012 131 604 1013 138 34 1014 129 34 1015 131 34 1016 130 34 1017 125 34 1018 133 34 1019 125 34 1020 134 34 1021 133 34 1022 137 34 1023 127 34 1024 138 34 1025 130 605 1026 133 605 1027 132 605 1028 790 35 1029 789 132 1030 794 36 1031 303 38 1032 304 98 1033 308 39 1034 952 606 1035 953 606 1036 955 606 1037 953 607 1038 954 607 1039 955 607 1040 843 608 1041 844 608 1042 845 608 1043 167 609 1044 169 609 1045 159 609 1046 162 610 1047 163 610 1048 164 610 1049 162 611 1050 164 611 1051 165 611 1052 167 612 1053 159 612 1054 160 612 1055 168 613 1056 167 613 1057 160 613 1058 161 614 1059 162 614 1060 165 614 1061 166 615 1062 168 615 1063 161 615 1064 168 616 1065 160 616 1066 161 616 1067 560 44 1068 563 617 1069 565 45 1070 189 598 1071 188 598 1072 179 598 1073 179 618 1074 180 618 1075 189 618 1076 180 619 1077 181 619 1078 191 619 1079 189 620 1080 180 620 1081 190 620 1082 181 34 1083 182 34 1084 191 34 1085 182 34 1086 183 34 1087 184 34 1088 191 621 1089 182 621 1090 184 621 1091 183 622 1092 178 622 1093 186 622 1094 178 623 1095 187 623 1096 186 623 1097 190 624 1098 180 624 1099 191 624 1100 183 625 1101 186 625 1102 185 625 1103 818 48 1104 819 1 1105 815 49 1106 192 51 1107 193 626 1108 194 52 1109 721 55 1110 726 627 1111 722 56 1112 686 58 1113 687 200 1114 683 59 1115 442 61 1116 443 628 1117 444 62 1118 1174 64 1119 1175 629 1120 1170 65 1121 677 67 1122 674 630 1123 675 68 1124 802 71 1125 806 631 1126 807 72 1127 417 76 1128 418 632 1129 424 154 1130 418 632 1131 423 633 1132 424 154 1133 424 154 1134 419 74 1135 417 76 1136 821 77 1137 812 634 1138 813 78 1139 203 635 1140 204 635 1141 206 635 1142 204 636 1143 205 636 1144 206 636 1145 208 637 1146 209 637 1147 201 637 1148 209 638 1149 199 638 1150 201 638 1151 202 639 1152 203 639 1153 207 639 1154 203 640 1155 206 640 1156 207 640 1157 208 641 1158 201 641 1159 200 641 1160 208 642 1161 200 642 1162 207 642 1163 1233 23 1164 1232 23 1165 1230 23 1166 1232 23 1167 1231 23 1168 1230 23 1169 1230 23 1170 1229 23 1171 1233 23 1172 405 81 1173 409 643 1174 406 82 1175 1016 84 1176 1017 644 1177 1026 85 1178 1101 87 1179 1102 645 1180 1103 88 1181 172 646 1182 173 646 1183 170 646 1184 756 647 1185 757 647 1186 754 647 1187 696 648 1188 698 648 1189 699 648 1190 700 649 1191 694 649 1192 697 649 1193 694 650 1194 695 650 1195 697 650 1196 697 651 1197 696 651 1198 700 651 1199 817 79 1200 816 0 1201 820 2 1202 222 652 1203 221 652 1204 224 652 1205 221 653 1206 220 653 1207 226 653 1208 220 23 1209 227 23 1210 226 23 1211 221 654 1212 226 654 1213 225 654 1214 218 655 1215 223 655 1216 224 655 1217 223 656 1218 222 656 1219 224 656 1220 218 657 1221 224 657 1222 230 657 1223 228 23 1224 219 23 1225 229 23 1226 219 658 1227 218 658 1228 229 658 1229 221 659 1230 225 659 1231 224 659 1232 587 34 1233 588 34 1234 579 34 1235 583 660 1236 584 660 1237 577 660 1238 587 661 1239 579 661 1240 583 661 1241 586 662 1242 587 662 1243 583 662 1244 583 34 1245 577 34 1246 585 34 1247 577 663 1248 576 663 1249 585 663 1250 583 664 1251 585 664 1252 586 664 1253 576 665 1254 578 665 1255 594 665 1256 578 666 1257 582 666 1258 592 666 1259 582 592 1260 581 592 1261 590 592 1262 581 34 1263 580 34 1264 589 34 1265 590 28 1266 581 28 1267 589 28 1268 582 34 1269 590 34 1270 591 34 1271 582 34 1272 591 34 1273 592 34 1274 594 34 1275 585 34 1276 576 34 1277 593 667 1278 594 667 1279 578 667 1280 1176 94 1281 1173 668 1282 1172 95 1283 305 97 1284 306 669 1285 308 39 1286 287 670 1287 291 671 1288 286 672 1289 291 671 1290 293 484 1291 286 672 1292 293 484 1293 296 673 1294 286 672 1295 296 673 1296 299 286 1297 300 674 1298 296 673 1299 300 674 1300 286 672 1301 283 100 1302 284 675 1303 285 101 1304 285 101 1305 286 672 1306 300 674 1307 300 674 1308 302 99 1309 285 101 1310 1147 102 1311 1148 554 1312 1146 103 1313 1165 105 1314 1166 18 1315 1163 17 1316 322 107 1317 323 494 1318 320 108 1319 516 676 1320 518 676 1321 519 676 1322 251 111 1323 252 375 1324 256 112 1325 891 677 1326 892 677 1327 887 677 1328 892 678 1329 886 678 1330 887 678 1331 889 679 1332 890 679 1333 888 679 1334 890 680 1335 891 680 1336 888 680 1337 1048 681 1338 1050 681 1339 1053 681 1340 1050 682 1341 1051 682 1342 1053 682 1343 1056 683 1344 1045 683 1345 1054 683 1346 1045 684 1347 1047 684 1348 1054 684 1349 1049 685 1350 1048 685 1351 1053 685 1352 1049 686 1353 1053 686 1354 1052 686 1355 1054 687 1356 1047 687 1357 1046 687 1358 1049 688 1359 1052 688 1360 1046 688 1361 1052 689 1362 1055 689 1363 1046 689 1364 730 116 1365 731 690 1366 735 117 1367 157 119 1368 158 691 1369 155 120 1370 146 692 1371 145 693 1372 147 694 1373 145 693 1374 144 122 1375 148 695 1376 147 694 1377 145 693 1378 148 695 1379 144 122 1380 143 696 1381 150 123 1382 149 124 1383 148 695 1384 144 122 1385 442 61 1386 446 63 1387 445 125 1388 907 697 1389 909 697 1390 910 697 1391 1004 698 1392 1005 129 1393 1003 128 1394 1005 129 1395 1006 699 1396 1007 130 1397 793 131 1398 794 36 1399 789 132 1400 1218 136 1401 1217 700 1402 1221 701 1403 1217 700 1404 1216 702 1405 1222 703 1406 1216 702 1407 1215 389 1408 1223 388 1409 1222 703 1410 1221 701 1411 1217 700 1412 1221 701 1413 1220 134 1414 1218 136 1415 1216 702 1416 1223 388 1417 1222 703 1418 1212 135 1419 1211 704 1420 1218 136 1421 332 137 1422 330 705 1423 329 138 1424 1181 143 1425 1182 3 1426 1178 5 1427 332 137 1428 328 139 1429 333 140 1430 328 139 1431 327 276 1432 333 140 1433 374 147 1434 372 176 1435 369 706 1436 372 176 1437 370 175 1438 369 706 1439 369 706 1440 368 145 1441 374 147 1442 688 148 1443 689 707 1444 693 149 1445 716 151 1446 712 708 1447 713 152 1448 424 154 1449 423 633 1450 421 155 1451 258 157 1452 262 457 1453 261 158 1454 484 162 1455 482 709 1456 463 710 1457 463 710 1458 447 160 1459 484 162 1460 469 711 1461 473 712 1462 470 713 1463 473 712 1464 474 258 1465 470 713 1466 470 713 1467 471 714 1468 469 711 1469 471 714 1470 467 715 1471 469 711 1472 465 165 1473 468 432 1474 467 715 1475 468 432 1476 469 711 1477 467 715 1478 459 164 1479 464 433 1480 465 165 1481 467 715 1482 460 163 1483 465 165 1484 356 166 1485 354 716 1486 355 167 1487 311 169 1488 312 717 1489 313 170 1490 348 172 1491 349 718 1492 353 173 1493 373 177 1494 374 147 1495 366 719 1496 374 147 1497 367 146 1498 366 719 1499 366 719 1500 371 720 1501 373 177 1502 371 720 1503 370 175 1504 373 177 1505 503 178 1506 502 721 1507 504 179 1508 498 183 1509 497 722 1510 492 723 1511 492 723 1512 493 724 1513 498 183 1514 493 724 1515 494 181 1516 498 183 1517 410 184 1518 411 725 1519 415 185 1520 81 187 1521 82 726 1522 83 188 1523 365 190 1524 364 727 1525 363 191 1526 321 495 1527 324 728 1528 318 195 1529 324 728 1530 325 193 1531 318 195 1532 1001 196 1533 1002 729 1534 1000 197 1535 685 199 1536 684 730 1537 683 59 1538 440 201 1539 439 558 1540 434 557 1541 434 557 1542 435 202 1543 440 201 1544 435 202 1545 436 731 1546 437 203 1547 1201 204 1548 1202 422 1549 1197 205 1550 271 207 1551 273 277 1552 269 208 1553 873 210 1554 870 573 1555 871 211 1556 531 213 1557 532 732 1558 529 214 1559 403 216 1560 400 270 1561 398 217 1562 922 29 1563 917 733 1564 918 219 1565 397 223 1566 396 734 1567 394 221 1568 396 734 1569 395 735 1570 394 221 1571 335 226 1572 336 736 1573 341 436 1574 341 436 1575 337 224 1576 335 226 1577 620 227 1578 621 398 1579 619 228 1580 387 230 1581 388 560 1582 386 231 1583 246 234 1584 250 366 1585 244 235 1586 122 237 1587 123 737 1588 124 238 1589 347 240 1590 346 738 1591 345 241 1592 1058 243 1593 1059 739 1594 1060 244 1595 430 246 1596 426 272 1597 425 247 1598 315 249 1599 314 740 1600 309 250 1601 964 252 1602 958 9 1603 959 253 1604 393 222 1605 391 741 1606 392 255 1607 483 742 1608 449 743 1609 451 744 1610 449 743 1611 450 745 1612 451 744 1613 456 746 1614 457 747 1615 460 163 1616 456 746 1617 460 163 1618 467 715 1619 477 301 1620 478 427 1621 479 748 1622 483 742 1623 451 744 1624 452 749 1625 479 748 1626 483 742 1627 452 749 1628 455 750 1629 456 746 1630 467 715 1631 471 714 1632 470 713 1633 474 258 1634 455 750 1635 467 715 1636 471 714 1637 479 748 1638 452 749 1639 453 256 1640 477 301 1641 479 748 1642 453 256 1643 454 257 1644 455 750 1645 471 714 1646 474 258 1647 477 301 1648 453 256 1649 454 257 1650 471 714 1651 474 258 1652 903 259 1653 904 751 1654 905 260 1655 985 262 1656 988 752 1657 989 263 1658 414 265 1659 413 753 1660 412 186 1661 507 267 1662 508 754 1663 509 268 1664 509 268 1665 510 755 1666 511 756 1667 511 756 1668 506 266 1669 509 268 1670 403 216 1671 402 757 1672 401 269 1673 430 246 1674 429 284 1675 432 271 1676 432 271 1677 427 295 1678 426 272 1679 237 273 1680 234 758 1681 235 274 1682 274 278 1683 264 759 1684 266 279 1685 264 759 1686 265 760 1687 266 279 1688 266 279 1689 267 761 1690 273 277 1691 267 761 1692 270 762 1693 269 208 1694 273 277 1695 267 761 1696 269 208 1697 353 173 1698 352 763 1699 351 280 1700 885 281 1701 882 764 1702 883 282 1703 422 156 1704 420 765 1705 419 74 1706 301 288 1707 282 501 1708 302 99 1709 282 501 1710 283 100 1711 302 99 1712 302 99 1713 300 674 1714 299 286 1715 298 287 1716 297 766 1717 301 288 1718 296 673 1719 295 502 1720 299 286 1721 295 502 1722 298 287 1723 299 286 1724 301 288 1725 302 99 1726 299 286 1727 360 289 1728 361 767 1729 365 190 1730 692 290 1731 691 768 1732 690 150 1733 997 291 1734 998 769 1735 996 292 1736 666 770 1737 665 770 1738 670 770 1739 665 771 1740 671 771 1741 670 771 1742 668 34 1743 667 34 1744 669 34 1745 667 772 1746 666 772 1747 669 772 1748 288 296 1749 292 773 1750 294 297 1751 524 774 1752 526 774 1753 527 774 1754 462 775 1755 463 710 1756 480 776 1757 463 710 1758 482 709 1759 480 776 1760 482 709 1761 484 162 1762 485 777 1763 480 776 1764 481 428 1765 476 300 1766 482 709 1767 485 777 1768 480 776 1769 475 302 1770 462 775 1771 476 300 1772 476 300 1773 462 775 1774 480 776 1775 473 712 1776 472 778 1777 475 302 1778 477 301 1779 474 258 1780 475 302 1781 474 258 1782 473 712 1783 475 302 1784 876 779 1785 877 779 1786 875 779 1787 1130 304 1788 1128 304 1789 1127 305 1790 938 307 1791 940 412 1792 935 308 1793 39 780 1794 40 780 1795 36 780 1796 40 23 1797 35 23 1798 36 23 1799 36 781 1800 37 781 1801 39 781 1802 95 782 1803 96 783 1804 102 784 1805 96 783 1806 97 311 1807 101 785 1808 102 784 1809 96 783 1810 101 785 1811 97 311 1812 98 786 1813 99 312 1814 100 313 1815 101 785 1816 97 311 1817 315 249 1818 310 251 1819 311 169 1820 825 314 1821 830 523 1822 831 315 1823 840 317 1824 841 570 1825 836 318 1826 1122 320 1827 1120 320 1828 1119 321 1829 719 323 1830 717 787 1831 714 324 1832 839 326 1833 840 317 1834 835 319 1835 625 328 1836 623 788 1837 622 329 1838 1118 331 1839 1117 789 1840 1121 332 1841 838 334 1842 839 326 1843 834 327 1844 1020 336 1845 1019 532 1846 1024 337 1847 808 790 1848 811 790 1849 810 790 1850 343 340 1851 347 240 1852 344 242 1853 538 342 1854 540 791 1855 541 343 1856 154 345 1857 153 346 1858 152 345 1859 491 347 1860 487 356 1861 488 348 1862 1130 304 1863 1126 792 1864 1125 350 1865 1068 793 1866 1067 793 1867 1071 794 1868 1070 353 1869 1069 795 1870 1072 796 1871 1068 793 1872 1071 794 1873 1073 352 1874 1071 794 1875 1070 353 1876 1073 352 1877 1072 796 1878 1074 351 1879 1070 353 1880 359 168 1881 358 797 1882 357 354 1883 491 347 1884 490 798 1885 486 355 1886 571 357 1887 570 799 1888 573 358 1889 60 360 1890 59 360 1891 62 361 1892 1087 363 1893 1088 800 1894 1089 364 1895 246 234 1896 247 367 1897 250 366 1898 247 367 1899 248 801 1900 249 365 1901 645 802 1902 659 802 1903 660 802 1904 785 369 1905 780 803 1906 779 370 1907 597 372 1908 598 804 1909 596 373 1910 252 375 1911 253 805 1912 254 376 1913 534 806 1914 535 806 1915 536 806 1916 601 378 1917 603 807 1918 604 379 1919 942 808 1920 941 808 1921 944 808 1922 556 23 1923 557 23 1924 547 23 1925 549 809 1926 550 809 1927 553 809 1928 550 23 1929 543 23 1930 551 23 1931 553 23 1932 550 23 1933 552 23 1934 543 810 1935 542 810 1936 551 810 1937 542 23 1938 544 23 1939 546 23 1940 546 811 1941 545 811 1942 559 811 1943 542 812 1944 546 812 1945 559 812 1946 556 23 1947 547 23 1948 548 23 1949 555 586 1950 556 586 1951 548 586 1952 542 23 1953 559 23 1954 551 23 1955 555 23 1956 548 23 1957 549 23 1958 554 23 1959 555 23 1960 549 23 1961 551 23 1962 552 23 1963 550 23 1964 1200 382 1965 1201 204 1966 1196 206 1967 1213 384 1968 1219 813 1969 1224 385 1970 1214 386 2043 1224 385 2044 1223 388 2045 678 390 2046 679 69 2047 675 68 2048 579 838 2049 588 838 2050 589 838 2051 1115 34 2052 1114 34 2053 1112 34 2054 1114 34 2055 1111 34 2056 1112 34 2057 1112 34 2058 1113 34 2059 1115 34 2060 1031 839 2061 1033 839 2062 1034 839 2063 512 394 2064 514 840 2065 515 395 2066 616 397 2067 619 228 2068 621 398 2069 276 400 2070 280 507 2071 279 401 2072 383 841 2073 382 842 2074 388 560 2075 387 230 2076 384 232 2077 390 403 2078 384 232 2079 385 233 2080 390 403 2081 383 841 2082 388 560 2083 377 843 2084 388 560 2085 387 230 2086 377 843 2087 377 843 2088 376 844 2089 383 841 2090 381 845 2091 378 404 2092 390 403 2093 378 404 2094 377 843 2095 387 230 2096 389 559 2097 380 846 2098 390 403 2099 380 846 2100 381 845 2101 390 403 2102 613 847 2103 615 847 2104 610 847 2105 615 848 2106 614 848 2107 608 848 2108 610 849 2109 615 849 2110 607 849 2111 614 850 2112 606 850 2113 608 850 2114 606 851 2115 605 851 2116 608 851 2117 611 852 2118 612 852 2119 609 852 2120 612 853 2121 613 853 2122 609 853 2123 608 854 2124 607 854 2125 615 854 2126 946 406 2127 948 512 2128 950 407 2129 272 409 2130 263 855 2131 264 759 2132 274 278 2133 273 277 2134 271 207 2135 272 409 2136 264 759 2137 274 278 2138 628 856 2139 629 856 2140 630 856 2141 631 857 2142 632 857 2143 626 857 2144 627 858 2145 628 858 2146 630 858 2147 630 859 2148 631 859 2149 627 859 2150 937 411 2151 939 860 2152 940 412 2153 1204 413 2154 1203 861 2155 1208 414 2156 676 391 2157 672 862 2158 673 416 2159 633 863 2160 635 863 2161 636 863 2162 636 864 2163 637 864 2164 656 864 2165 656 865 2166 654 865 2167 634 865 2168 654 866 2169 651 866 2170 634 866 2171 651 867 2172 652 867 2173 634 867 2174 633 868 2175 636 868 2176 656 868 2177 1023 338 2178 1022 869 2179 1021 418 2180 782 8 2181 777 7 2182 776 419 2183 1199 421 2184 1198 870 2185 1197 205 2186 520 423 2187 522 871 2188 523 424 2189 176 90 2190 177 90 2191 175 90 2192 481 428 2193 480 776 2194 483 742 2195 480 776 2196 485 777 2197 483 742 2198 485 777 2199 484 162 2200 448 161 2201 448 161 2202 449 743 2203 485 777 2204 449 743 2205 483 742 2206 485 777 2207 483 742 2208 479 748 2209 481 428 2210 479 748 2211 478 427 2212 481 428 2213 478 427 2214 477 301 2215 476 300 2216 710 23 2217 708 23 2218 707 23 2219 705 872 2220 706 872 2221 709 872 2222 706 873 2223 711 873 2224 709 873 2225 710 874 2226 707 874 2227 705 874 2228 803 73 2229 807 72 2230 798 430 2231 718 153 2232 719 323 2233 715 325 2234 466 434 2235 461 443 2236 468 432 2237 461 443 2238 462 775 2239 468 432 2240 468 432 2241 462 775 2242 472 778 2243 462 775 2244 475 302 2245 472 778 2246 472 778 2247 473 712 2248 468 432 2249 473 712 2250 469 711 2251 468 432 2252 468 432 2253 465 165 2254 464 433 2255 861 875 2256 860 875 2257 863 875 2258 860 876 2259 867 876 2260 863 876 2261 861 877 2262 863 877 2263 862 877 2264 857 878 2265 863 878 2266 867 878 2267 851 879 2268 850 879 2269 853 879 2270 850 880 2271 856 880 2272 847 880 2273 853 881 2274 852 881 2275 851 881 2276 847 882 2277 853 882 2278 850 882 2279 857 883 2280 867 883 2281 866 883 2282 848 884 2283 847 884 2284 856 884 2285 858 885 2286 857 885 2287 866 885 2288 858 886 2289 866 886 2290 865 886 2291 848 887 2292 856 887 2293 855 887 2294 849 888 2295 848 888 2296 855 888 2297 859 889 2298 858 889 2299 865 889 2300 859 890 2301 865 890 2302 864 890 2303 849 891 2304 855 891 2305 854 891 2306 859 892 2307 864 892 2308 854 892 2309 338 893 2310 337 224 2311 340 438 2312 337 224 2313 341 436 2314 340 438 2315 963 10 2316 962 894 2317 956 439 2318 1168 440 2319 1161 895 2320 1162 441 2321 737 896 2322 742 896 2323 739 896 2324 742 897 2325 741 897 2326 739 897 2327 738 898 2328 736 898 2329 740 898 2330 736 899 2331 737 899 2332 740 899 2333 459 164 2334 458 900 2335 464 433 2336 458 900 2337 461 443 2338 464 433 2339 750 901 2340 752 901 2341 753 901 2342 747 902 2343 748 902 2344 751 902 2345 748 903 2346 749 903 2347 751 903 2348 750 904 2349 753 904 2350 747 904 2351 92 445 2352 93 189 2353 94 446 2354 826 316 2355 831 315 2356 832 448 2357 760 450 2358 761 450 2359 759 450 2360 1040 905 2361 1036 905 2362 1039 905 2363 1036 906 2364 1035 906 2365 1039 906 2366 1035 907 2367 1037 907 2368 1039 907 2369 567 908 2370 569 908 2371 568 908 2372 1187 453 2373 1194 909 2374 1193 454 2375 258 157 2376 259 910 2377 260 456 2378 142 458 2379 141 458 2380 139 458 2381 899 459 2382 900 911 2383 901 460 2384 561 46 2385 565 45 2386 564 462 2387 1097 533 2388 1098 912 2389 1106 913 2390 1098 912 2391 1099 464 2392 1105 914 2393 1106 913 2394 1098 912 2395 1105 914 2396 1099 464 2397 1100 89 2398 1103 88 2399 1104 465 2400 1105 914 2401 1099 464 2402 745 466 2403 746 915 2404 744 467 2405 959 253 2406 960 579 2407 966 19 2408 241 469 2409 242 916 2410 243 470 2411 797 472 2412 786 917 2413 787 473 2414 981 918 2415 982 918 2416 980 918 2417 982 919 2418 983 919 2419 980 919 2420 983 920 2421 984 920 2422 980 920 2423 795 37 2424 796 539 2425 791 475 2426 784 371 2427 779 370 2428 778 476 2429 968 921 2430 974 921 2431 969 921 2432 974 922 2433 973 922 2434 969 922 2435 973 923 2436 972 923 2437 970 923 2438 972 924 2439 971 924 2440 970 924 2441 575 359 2442 574 925 2443 572 478 2444 800 479 2445 804 926 2446 805 480 2447 1170 65 2448 1175 629 2449 1176 94 2450 406 82 2451 409 643 2452 408 482 2453 291 671 2454 290 927 2455 289 298 2456 294 297 2457 295 502 2458 296 673 2459 296 673 2460 293 484 2461 294 297 2462 293 484 2463 291 671 2464 289 298 2465 1041 485 2466 1043 928 2467 1044 486 2468 913 929 2469 915 930 2470 914 490 2471 915 930 2472 916 931 2473 914 490 2474 916 931 2475 911 488 2476 914 490 2477 727 491 2478 725 932 2479 724 492 2480 323 494 2481 324 728 2482 321 495 2483 923 933 2484 924 933 2485 925 933 2486 930 934 2487 927 934 2488 928 934 2489 933 935 2490 934 935 2491 931 935 2492 986 264 2493 989 263 2494 990 499 2495 295 502 2496 294 297 2497 292 773 2498 292 773 2499 281 936 2500 282 501 2501 282 501 2502 301 288 2503 298 287 2504 295 502 2505 292 773 2506 282 501 2507 1082 505 2508 1083 937 2509 1092 938 2510 1083 937 2511 1084 939 2512 1091 940 2513 1084 939 2514 1085 544 2515 1090 543 2516 1091 940 2517 1092 938 2518 1083 937 2519 1092 938 2520 1093 503 2521 1082 505 2522 1084 939 2523 1090 543 2524 1091 940 2525 1094 504 2526 1081 941 2527 1082 505 2528 1119 321 2529 1118 331 2530 1124 333 2531 277 506 2532 278 942 2533 280 507 2534 722 56 2535 726 627 2536 727 491 2537 75 943 2538 76 943 2539 71 943 2540 71 944 2541 69 944 2542 75 944 2543 69 945 2544 68 945 2545 73 945 2546 75 946 2547 69 946 2548 74 946 2549 68 947 2550 67 947 2551 80 947 2552 67 948 2553 72 948 2554 80 948 2555 68 949 2556 80 949 2557 73 949 2558 72 950 2559 70 950 2560 78 950 2561 70 951 2562 77 951 2563 78 951 2564 74 952 2565 69 952 2566 73 952 2567 72 953 2568 78 953 2569 79 953 2570 703 508 2571 704 954 2572 702 509 2573 949 511 2574 950 407 2575 948 512 2576 728 514 2577 730 116 2578 734 118 2579 499 182 2580 494 181 2581 495 516 2582 1205 518 2583 1210 524 2584 1207 519 2585 558 23 2586 559 23 2587 545 23 2588 545 955 2589 547 955 2590 557 955 2591 805 480 2592 806 631 2593 802 71 2594 824 522 2595 829 956 2596 830 523 2597 1210 524 2598 1205 518 2599 1204 413 2600 1107 957 2601 1108 957 2602 1110 957 2603 1190 958 2604 1189 959 2605 1191 960 2606 1189 959 2607 1188 455 2608 1191 960 2609 1191 960 2610 1188 455 2611 1192 526 2612 1061 961 2613 1062 961 2614 1066 961 2615 1066 962 2616 1065 962 2617 1061 962 2618 1065 963 2619 1064 963 2620 1061 963 2621 1014 964 2622 1015 964 2623 1013 964 2624 1076 907 2625 1080 907 2626 1075 907 2627 1080 907 2628 1079 907 2629 1075 907 2630 1079 965 2631 1078 965 2632 1075 965 2633 1029 963 2634 1030 963 2635 1028 963 2636 1019 532 2637 1018 86 2638 1025 531 2639 1018 86 2640 1026 85 2641 1025 531 2642 1097 533 2643 1106 913 2644 1095 534 2645 832 448 2646 822 966 2647 828 536 2648 822 966 2649 823 967 2650 828 536 2651 993 968 2652 994 968 2653 992 968 2654 217 969 2655 215 969 2656 214 969 2657 792 474 2658 791 475 2659 796 539 2660 529 214 2661 532 732 2662 533 540 2663 66 970 2664 65 970 2665 63 970 2666 1086 364 2667 1089 364 2668 1090 543 2669 681 545 2670 686 58 2671 682 60 2672 735 117 2673 731 690 2674 732 547 2675 106 971 2676 105 971 2677 103 971 2678 976 972 2679 977 972 2680 978 972 2681 1138 973 2682 1142 973 2683 1131 973 2684 1135 974 2685 1134 974 2686 1139 974 2687 1134 975 2688 1133 975 2689 1140 975 2690 1139 976 2691 1134 976 2692 1140 976 2693 1132 977 2694 1136 977 2695 1137 977 2696 1132 978 2697 1137 978 2698 1141 978 2699 1138 979 2700 1131 979 2701 1135 979 2702 1139 980 2703 1138 980 2704 1135 980 2705 1133 981 2706 1132 981 2707 1141 981 2708 1153 991 2736 1154 991 2737 1157 991 2738 1154 992 2739 1151 992 2740 1157 992 2741 1151 993 2742 1152 993 2743 1160 993 2744 1152 994 2745 1149 994 2746 1159 994 2747 1160 995 2748 1152 995 2749 1159 995 2750 1149 996 2751 1150 996 2752 1159 996 2753 1156 997 2754 1155 997 2755 1158 997 2756 1155 998 2757 1153 998 2758 1158 998 2759 1157 999 2760 1158 999 2761 1153 999 2762 1148 554 2763 1144 1000 2764 1143 555 2765 438 556 2766 433 1001 2767 434 557 2768 385 233 2769 386 231 2770 389 559 2771 386 231 2772 388 560 2773 389 559 2774 382 842 2775 383 841 2776 376 844 2777 390 403 2778 385 233 2779 389 559 2780 382 842 2781 376 844 2782 375 561 2783 388 560 2784 382 842 2785 375 561 2786 375 561 2787 379 1002 2788 389 559 2789 379 1002 2790 380 846 2791 389 559 2792 1185 1003 2793 1184 1003 2794 1183 1003 2795 642 1004 2796 643 1004 2797 644 1004 2798 644 1005 2799 660 1005 2800 642 1005 2801 660 1006 2802 658 1006 2803 642 1006 2804 639 1007 2805 640 1007 2806 641 1007 2807 641 1008 2808 642 1008 2809 658 1008 2810 641 1009 2811 658 1009 2812 639 1009 2813 658 1010 2814 657 1010 2815 638 1010 2816 638 1011 2817 639 1011 2818 658 1011 2819 656 1012 2820 637 1012 2821 655 1012 2822 637 1013 2823 638 1013 2824 648 1013 2825 655 1014 2826 637 1014 2827 648 1014 2828 659 1015 2829 645 1015 2830 646 1015 2831 638 1016 2832 657 1016 2833 648 1016 2834 657 1017 2835 659 1017 2836 647 1017 2837 659 1018 2838 646 1018 2839 647 1018 2840 651 1019 2841 654 1019 2842 653 1019 2843 649 1020 2844 650 1020 2845 653 1020 2846 650 1021 2847 651 1021 2848 653 1021 2849 657 1022 2850 647 1022 2851 648 1022 2852 649 1023 2853 653 1023 2854 655 1023 2855 602 380 2856 604 379 2857 600 564 2858 895 567 2859 896 1024 2860 897 568 2861 896 1024 2862 898 1025 2863 897 568 2864 897 568 2865 893 1026 2866 894 566 2867 1008 1027 2868 1009 1027 2869 1010 1027 2870 841 570 2871 842 1028 2872 837 571 2873 868 572 2874 869 1029 2875 870 573 2876 240 471 2877 243 470 2878 238 574 2879 505 180 2880 500 1030 2881 501 576 2882</p>
        </triangles>
        <triangles material="mat_7-material" count="35">
          <input semantic="VERTEX" source="#fifth_wheel-mesh-vertices" offset="0"/>
          <input semantic="NORMAL" source="#fifth_wheel-mesh-normals" offset="1"/>
          <input semantic="TEXCOORD" source="#fifth_wheel-mesh-map-0" offset="2" set="0"/>
          <p>29 387 513 30 387 514 5 387 515 3 552 819 19 552 820 20 552 821 10 814 1971 11 814 1972 23 814 1973 10 815 1974 23 815 1975 24 815 1976 9 816 1977 8 816 1978 25 816 1979 8 817 1980 10 817 1981 24 817 1982 5 818 1983 7 818 1984 29 818 1985 7 819 1986 6 819 1987 28 819 1988 29 820 1989 7 820 1990 28 820 1991 15 821 1992 3 821 1993 2 821 1994 13 822 1995 14 822 1996 1 822 1997 14 823 1998 15 823 1999 2 823 2000 34 824 2001 12 824 2002 1 824 2003 12 825 2004 13 825 2005 1 825 2006 14 826 2007 2 826 2008 1 826 2009 8 827 2010 24 827 2011 25 827 2012 34 828 2013 1 828 2014 4 828 2015 33 829 2016 34 829 2017 4 829 2018 9 830 2019 25 830 2020 26 830 2021 9 831 2022 26 831 2023 27 831 2024 32 832 2025 33 832 2026 4 832 2027 31 833 2028 32 833 2029 4 833 2030 6 834 2031 9 834 2032 27 834 2033 6 835 2034 27 835 2035 28 835 2036 31 836 2037 4 836 2038 5 836 2039 30 837 2040 31 837 2041 5 837 2042 17 982 2709 18 982 2710 3 982 2711 18 983 2712 19 983 2713 3 983 2714 16 984 2715 17 984 2716 3 984 2717 3 985 2718 15 985 2719 16 985 2720 11 986 2721 0 986 2722 21 986 2723 0 987 2724 3 987 2725 20 987 2726 22 988 2727 23 988 2728 11 988 2729 21 989 2730 22 989 2731 11 989 2732 20 990 2733 21 990 2734 0 990 2735</p>
        </triangles>
      </mesh>
    </geometry>
  </library_geometries>
  <library_visual_scenes>
    <visual_scene id="Scene" name="Scene">
      <node id="tmp_export_fifth_wheel" name="tmp_export_fifth_wheel" type="NODE">
        <matrix sid="transform">1 0 0 0 0 1 0 0 0 0 1 0 0 0 0 1</matrix>
        <instance_geometry url="#fifth_wheel-mesh" name="tmp_export_fifth_wheel">
          <bind_material>
            <technique_common>
              <instance_material symbol="mat_0-material" target="#mat_0-material">
                <bind_vertex_input semantic="SM_ScaniaR620_5thW-mesh-map-0" input_semantic="TEXCOORD" input_set="0"/>
              </instance_material>
              <instance_material symbol="mat_7-material" target="#mat_7-material">
                <bind_vertex_input semantic="SM_ScaniaR620_5thW-mesh-map-0" input_semantic="TEXCOORD" input_set="0"/>
              </instance_material>
            </technique_common>
          </bind_material>
        </instance_geometry>
      </node>
    </visual_scene>
  </library_visual_scenes>
  <scene>
    <instance_visual_scene url="#Scene"/>
  </scene>
</COLLADA>