<?xml version="1.0" encoding="utf-8"?>
<COLLADA xmlns="http://www.collada.org/2005/11/COLLADASchema" version="1.4.1" xmlns:xsi="http://www.w3.org/2001/XMLSchema-instance">
  <asset>
    <contributor>
      <author>Blender User</author>
      <authoring_tool>Blender 3.3.21 commit date:2024-07-15, commit time:08:57, hash:e016c21db151</authoring_tool>
    </contributor>
    <created>2025-08-08T13:06:47</created>
    <modified>2025-08-08T13:06:47</modified>
    <unit name="meter" meter="1"/>
    <up_axis>Z_UP</up_axis>
  </asset>
  <library_effects>
    <effect id="mat_13-effect">
      <profile_COMMON>
        <technique sid="common">
          <lambert>
            <emission>
              <color sid="emission">0 0 0 1</color>
            </emission>
            <diffuse>
              <color sid="diffuse">0.5149177 0.5028865 0.4910209 1</color>
            </diffuse>
            <reflectivity>
              <float sid="specular">1</float>
            </reflectivity>
            <index_of_refraction>
              <float sid="ior">1.5</float>
            </index_of_refraction>
          </lambert>
        </technique>
      </profile_COMMON>
    </effect>
    <effect id="mat_0-effect">
      <profile_COMMON>
        <technique sid="common">
          <lambert>
            <emission>
              <color sid="emission">0 0 0 1</color>
            </emission>
            <diffuse>
              <color sid="diffuse">0.05126946 0.05126946 0.05126946 1</color>
            </diffuse>
            <reflectivity>
              <float sid="specular">1</float>
            </reflectivity>
            <index_of_refraction>
              <float sid="ior">1.5</float>
            </index_of_refraction>
          </lambert>
        </technique>
      </profile_COMMON>
    </effect>
    <effect id="mat_7-effect">
      <profile_COMMON>
        <technique sid="common">
          <lambert>
            <emission>
              <color sid="emission">0 0 0 1</color>
            </emission>
            <diffuse>
              <color sid="diffuse">0.9046612 0.9046612 0.9046612 1</color>
            </diffuse>
            <reflectivity>
              <float sid="specular">1</float>
            </reflectivity>
            <index_of_refraction>
              <float sid="ior">1.5</float>
            </index_of_refraction>
          </lambert>
        </technique>
      </profile_COMMON>
    </effect>
    <effect id="mat_9-effect">
      <profile_COMMON>
        <technique sid="common">
          <lambert>
            <emission>
              <color sid="emission">0 0 0 1</color>
            </emission>
            <diffuse>
              <color sid="diffuse">0.5271151 0.5271151 0.5271151 1</color>
            </diffuse>
            <reflectivity>
              <float sid="specular">1</float>
            </reflectivity>
            <index_of_refraction>
              <float sid="ior">1.5</float>
            </index_of_refraction>
          </lambert>
        </technique>
      </profile_COMMON>
    </effect>
    <effect id="mat_10-effect">
      <profile_COMMON>
        <technique sid="common">
          <lambert>
            <emission>
              <color sid="emission">0 0 0 1</color>
            </emission>
            <diffuse>
              <color sid="diffuse">0 0 0 1</color>
            </diffuse>
            <reflectivity>
              <float sid="specular">1</float>
            </reflectivity>
            <index_of_refraction>
              <float sid="ior">1.5</float>
            </index_of_refraction>
          </lambert>
        </technique>
      </profile_COMMON>
    </effect>
    <effect id="mat_26-effect">
      <profile_COMMON>
        <technique sid="common">
          <lambert>
            <emission>
              <color sid="emission">0 0 0 1</color>
            </emission>
            <diffuse>
              <color sid="diffuse">0.7454042 0.7379104 0.7083758 1</color>
            </diffuse>
            <reflectivity>
              <float sid="specular">1</float>
            </reflectivity>
            <index_of_refraction>
              <float sid="ior">1.5</float>
            </index_of_refraction>
          </lambert>
        </technique>
      </profile_COMMON>
    </effect>
    <effect id="mat_27-effect">
      <profile_COMMON>
        <technique sid="common">
          <lambert>
            <emission>
              <color sid="emission">0 0 0 1</color>
            </emission>
            <diffuse>
              <color sid="diffuse">0.01599629 0.01599629 0.01599629 1</color>
            </diffuse>
            <reflectivity>
              <float sid="specular">1</float>
            </reflectivity>
            <index_of_refraction>
              <float sid="ior">1.5</float>
            </index_of_refraction>
          </lambert>
        </technique>
      </profile_COMMON>
    </effect>
    <effect id="mat_11-effect">
      <profile_COMMON>
        <technique sid="common">
          <lambert>
            <emission>
              <color sid="emission">0 0 0 1</color>
            </emission>
            <diffuse>
              <color sid="diffuse">0.4452012 0 0 1</color>
            </diffuse>
            <reflectivity>
              <float sid="specular">1</float>
            </reflectivity>
            <index_of_refraction>
              <float sid="ior">1.5</float>
            </index_of_refraction>
          </lambert>
        </technique>
      </profile_COMMON>
    </effect>
    <effect id="mat_2-effect">
      <profile_COMMON>
        <technique sid="common">
          <lambert>
            <emission>
              <color sid="emission">0 0 0 1</color>
            </emission>
            <diffuse>
              <color sid="diffuse">0.5209956 0.5209956 0.5209956 1</color>
            </diffuse>
            <reflectivity>
              <float sid="specular">1</float>
            </reflectivity>
            <index_of_refraction>
              <float sid="ior">1.5</float>
            </index_of_refraction>
          </lambert>
        </technique>
      </profile_COMMON>
    </effect>
    <effect id="mat_28-effect">
      <profile_COMMON>
        <technique sid="common">
          <lambert>
            <emission>
              <color sid="emission">0 0 0 1</color>
            </emission>
            <diffuse>
              <color sid="diffuse">0.7454042 0.1144354 0.002731743 1</color>
            </diffuse>
            <reflectivity>
              <float sid="specular">1</float>
            </reflectivity>
            <index_of_refraction>
              <float sid="ior">1.5</float>
            </index_of_refraction>
          </lambert>
        </technique>
      </profile_COMMON>
    </effect>
    <effect id="mat_3-effect">
      <profile_COMMON>
        <technique sid="common">
          <lambert>
            <emission>
              <color sid="emission">0 0 0 1</color>
            </emission>
            <diffuse>
              <color sid="diffuse">1 1 1 1</color>
            </diffuse>
            <reflectivity>
              <float sid="specular">1</float>
            </reflectivity>
            <index_of_refraction>
              <float sid="ior">1.5</float>
            </index_of_refraction>
          </lambert>
        </technique>
      </profile_COMMON>
    </effect>
    <effect id="mat_29-effect">
      <profile_COMMON>
        <technique sid="common">
          <lambert>
            <emission>
              <color sid="emission">0 0 0 1</color>
            </emission>
            <diffuse>
              <color sid="diffuse">0.02955684 0.2422811 0.7681512 1</color>
            </diffuse>
            <reflectivity>
              <float sid="specular">1</float>
            </reflectivity>
            <index_of_refraction>
              <float sid="ior">1.5</float>
            </index_of_refraction>
          </lambert>
        </technique>
      </profile_COMMON>
    </effect>
    <effect id="mat_30-effect">
      <profile_COMMON>
        <technique sid="common">
          <lambert>
            <emission>
              <color sid="emission">0 0 0 1</color>
            </emission>
            <diffuse>
              <color sid="diffuse">0.07421357 0.07618538 0.06847817 1</color>
            </diffuse>
            <reflectivity>
              <float sid="specular">1</float>
            </reflectivity>
            <index_of_refraction>
              <float sid="ior">1.5</float>
            </index_of_refraction>
          </lambert>
        </technique>
      </profile_COMMON>
    </effect>
    <effect id="mat_31-effect">
      <profile_COMMON>
        <technique sid="common">
          <lambert>
            <emission>
              <color sid="emission">0 0 0 1</color>
            </emission>
            <diffuse>
              <color sid="diffuse">0.9301109 0.8549926 0.5906188 1</color>
            </diffuse>
            <reflectivity>
              <float sid="specular">1</float>
            </reflectivity>
            <index_of_refraction>
              <float sid="ior">1.5</float>
            </index_of_refraction>
          </lambert>
        </technique>
      </profile_COMMON>
    </effect>
    <effect id="mat_32-effect">
      <profile_COMMON>
        <technique sid="common">
          <lambert>
            <emission>
              <color sid="emission">0 0 0 1</color>
            </emission>
            <diffuse>
              <color sid="diffuse">0.8307699 0.8307699 0.8307699 1</color>
            </diffuse>
            <reflectivity>
              <float sid="specular">1</float>
            </reflectivity>
            <index_of_refraction>
              <float sid="ior">1.5</float>
            </index_of_refraction>
          </lambert>
        </technique>
      </profile_COMMON>
    </effect>
    <effect id="mat_24-effect">
      <profile_COMMON>
        <technique sid="common">
          <lambert>
            <emission>
              <color sid="emission">0 0 0 1</color>
            </emission>
            <diffuse>
              <color sid="diffuse">0.8879231 0.8879231 0.8879231 1</color>
            </diffuse>
            <reflectivity>
              <float sid="specular">1</float>
            </reflectivity>
            <index_of_refraction>
              <float sid="ior">1.5</float>
            </index_of_refraction>
          </lambert>
        </technique>
      </profile_COMMON>
    </effect>
    <effect id="mat_33-effect">
      <profile_COMMON>
        <technique sid="common">
          <lambert>
            <emission>
              <color sid="emission">0 0 0 1</color>
            </emission>
            <diffuse>
              <color sid="diffuse">0.1022417 0.1221388 0.1328683 1</color>
            </diffuse>
            <reflectivity>
              <float sid="specular">1</float>
            </reflectivity>
            <index_of_refraction>
              <float sid="ior">1.5</float>
            </index_of_refraction>
          </lambert>
        </technique>
      </profile_COMMON>
    </effect>
    <effect id="mat_34-effect">
      <profile_COMMON>
        <technique sid="common">
          <lambert>
            <emission>
              <color sid="emission">0 0 0 1</color>
            </emission>
            <diffuse>
              <color sid="diffuse">0.2195262 0.2195262 0.2383976 1</color>
            </diffuse>
            <reflectivity>
              <float sid="specular">1</float>
            </reflectivity>
            <index_of_refraction>
              <float sid="ior">1.5</float>
            </index_of_refraction>
          </lambert>
        </technique>
      </profile_COMMON>
    </effect>
    <effect id="mat_12-effect">
      <profile_COMMON>
        <technique sid="common">
          <lambert>
            <emission>
              <color sid="emission">0 0 0 1</color>
            </emission>
            <diffuse>
              <color sid="diffuse">0.4178851 0.4178851 0.4178851 1</color>
            </diffuse>
            <reflectivity>
              <float sid="specular">1</float>
            </reflectivity>
            <index_of_refraction>
              <float sid="ior">1.5</float>
            </index_of_refraction>
          </lambert>
        </technique>
      </profile_COMMON>
    </effect>
    <effect id="mat_1-effect">
      <profile_COMMON>
        <technique sid="common">
          <lambert>
            <emission>
              <color sid="emission">0 0 0 1</color>
            </emission>
            <diffuse>
              <color sid="diffuse">1 0.2158605 0 1</color>
            </diffuse>
            <reflectivity>
              <float sid="specular">1</float>
            </reflectivity>
            <index_of_refraction>
              <float sid="ior">1.5</float>
            </index_of_refraction>
          </lambert>
        </technique>
      </profile_COMMON>
    </effect>
    <effect id="mat_4-effect">
      <profile_COMMON>
        <technique sid="common">
          <lambert>
            <emission>
              <color sid="emission">0 0 0 1</color>
            </emission>
            <diffuse>
              <color sid="diffuse">0 0 1 1</color>
            </diffuse>
            <reflectivity>
              <float sid="specular">1</float>
            </reflectivity>
            <index_of_refraction>
              <float sid="ior">1.5</float>
            </index_of_refraction>
          </lambert>
        </technique>
      </profile_COMMON>
    </effect>
    <effect id="mat_5-effect">
      <profile_COMMON>
        <technique sid="common">
          <lambert>
            <emission>
              <color sid="emission">0 0 0 1</color>
            </emission>
            <diffuse>
              <color sid="diffuse">0.07818742 0.07818742 0.07818742 1</color>
            </diffuse>
            <reflectivity>
              <float sid="specular">1</float>
            </reflectivity>
            <index_of_refraction>
              <float sid="ior">1.5</float>
            </index_of_refraction>
          </lambert>
        </technique>
      </profile_COMMON>
    </effect>
    <effect id="mat_6-effect">
      <profile_COMMON>
        <technique sid="common">
          <lambert>
            <emission>
              <color sid="emission">0 0 0 1</color>
            </emission>
            <diffuse>
              <color sid="diffuse">0.9301109 0.9473065 0.9473065 1</color>
            </diffuse>
            <reflectivity>
              <float sid="specular">1</float>
            </reflectivity>
            <index_of_refraction>
              <float sid="ior">1.5</float>
            </index_of_refraction>
          </lambert>
        </technique>
      </profile_COMMON>
    </effect>
    <effect id="mat_15-effect">
      <profile_COMMON>
        <technique sid="common">
          <lambert>
            <emission>
              <color sid="emission">0 0 0 1</color>
            </emission>
            <diffuse>
              <color sid="diffuse">0.8631572 0.4735315 0.01680738 1</color>
            </diffuse>
            <reflectivity>
              <float sid="specular">1</float>
            </reflectivity>
            <index_of_refraction>
              <float sid="ior">1.5</float>
            </index_of_refraction>
          </lambert>
        </technique>
      </profile_COMMON>
    </effect>
    <effect id="mat_16-effect">
      <profile_COMMON>
        <technique sid="common">
          <lambert>
            <emission>
              <color sid="emission">0 0 0 1</color>
            </emission>
            <diffuse>
              <color sid="diffuse">0.7230551 0.7230551 0.7230551 1</color>
            </diffuse>
            <reflectivity>
              <float sid="specular">1</float>
            </reflectivity>
            <index_of_refraction>
              <float sid="ior">1.5</float>
            </index_of_refraction>
          </lambert>
        </technique>
      </profile_COMMON>
    </effect>
    <effect id="mat_17-effect">
      <profile_COMMON>
        <technique sid="common">
          <lambert>
            <emission>
              <color sid="emission">0 0 0 1</color>
            </emission>
            <diffuse>
              <color sid="diffuse">0.2158605 0.2158605 0.2158605 1</color>
            </diffuse>
            <reflectivity>
              <float sid="specular">1</float>
            </reflectivity>
            <index_of_refraction>
              <float sid="ior">1.5</float>
            </index_of_refraction>
          </lambert>
        </technique>
      </profile_COMMON>
    </effect>
    <effect id="mat_18-effect">
      <profile_COMMON>
        <technique sid="common">
          <lambert>
            <emission>
              <color sid="emission">0 0 0 1</color>
            </emission>
            <diffuse>
              <color sid="diffuse">0.9911021 0.7304608 0.5394795 1</color>
            </diffuse>
            <reflectivity>
              <float sid="specular">1</float>
            </reflectivity>
            <index_of_refraction>
              <float sid="ior">1.5</float>
            </index_of_refraction>
          </lambert>
        </technique>
      </profile_COMMON>
    </effect>
    <effect id="mat_19-effect">
      <profile_COMMON>
        <technique sid="common">
          <lambert>
            <emission>
              <color sid="emission">0 0 0 1</color>
            </emission>
            <diffuse>
              <color sid="diffuse">0.009721218 0.009721218 0.009721218 1</color>
            </diffuse>
            <reflectivity>
              <float sid="specular">1</float>
            </reflectivity>
            <index_of_refraction>
              <float sid="ior">1.5</float>
            </index_of_refraction>
          </lambert>
        </technique>
      </profile_COMMON>
    </effect>
    <effect id="mat_20-effect">
      <profile_COMMON>
        <technique sid="common">
          <lambert>
            <emission>
              <color sid="emission">0 0 0 1</color>
            </emission>
            <diffuse>
              <color sid="diffuse">0.5647115 0.5647115 0.6375968 1</color>
            </diffuse>
            <reflectivity>
              <float sid="specular">1</float>
            </reflectivity>
            <index_of_refraction>
              <float sid="ior">1.5</float>
            </index_of_refraction>
          </lambert>
        </technique>
      </profile_COMMON>
    </effect>
    <effect id="mat_21-effect">
      <profile_COMMON>
        <technique sid="common">
          <lambert>
            <emission>
              <color sid="emission">0 0 0 1</color>
            </emission>
            <diffuse>
              <color sid="diffuse">0.9734453 0.5028865 0.2269659 1</color>
            </diffuse>
            <reflectivity>
              <float sid="specular">1</float>
            </reflectivity>
            <index_of_refraction>
              <float sid="ior">1.5</float>
            </index_of_refraction>
          </lambert>
        </technique>
      </profile_COMMON>
    </effect>
    <effect id="mat_22-effect">
      <profile_COMMON>
        <technique sid="common">
          <lambert>
            <emission>
              <color sid="emission">0 0 0 1</color>
            </emission>
            <diffuse>
              <color sid="diffuse">0.9734453 0.496933 0.2269659 1</color>
            </diffuse>
            <reflectivity>
              <float sid="specular">1</float>
            </reflectivity>
            <index_of_refraction>
              <float sid="ior">1.5</float>
            </index_of_refraction>
          </lambert>
        </technique>
      </profile_COMMON>
    </effect>
    <effect id="mat_23-effect">
      <profile_COMMON>
        <technique sid="common">
          <lambert>
            <emission>
              <color sid="emission">0 0 0 1</color>
            </emission>
            <diffuse>
              <color sid="diffuse">0.04970657 0.04970657 0.04970657 1</color>
            </diffuse>
            <reflectivity>
              <float sid="specular">1</float>
            </reflectivity>
            <index_of_refraction>
              <float sid="ior">1.5</float>
            </index_of_refraction>
          </lambert>
        </technique>
      </profile_COMMON>
    </effect>
    <effect id="mat_25-effect">
      <profile_COMMON>
        <technique sid="common">
          <lambert>
            <emission>
              <color sid="emission">0 0 0 1</color>
            </emission>
            <diffuse>
              <color sid="diffuse">1 0 0 1</color>
            </diffuse>
            <reflectivity>
              <float sid="specular">1</float>
            </reflectivity>
            <index_of_refraction>
              <float sid="ior">1.5</float>
            </index_of_refraction>
          </lambert>
        </technique>
      </profile_COMMON>
    </effect>
  </library_effects>
  <library_images/>
  <library_materials>
    <material id="mat_13-material" name="mat_13">
      <instance_effect url="#mat_13-effect"/>
    </material>
    <material id="mat_0-material" name="mat_0">
      <instance_effect url="#mat_0-effect"/>
    </material>
    <material id="mat_7-material" name="mat_7">
      <instance_effect url="#mat_7-effect"/>
    </material>
    <material id="mat_9-material" name="mat_9">
      <instance_effect url="#mat_9-effect"/>
    </material>
    <material id="mat_10-material" name="mat_10">
      <instance_effect url="#mat_10-effect"/>
    </material>
    <material id="mat_26-material" name="mat_26">
      <instance_effect url="#mat_26-effect"/>
    </material>
    <material id="mat_27-material" name="mat_27">
      <instance_effect url="#mat_27-effect"/>
    </material>
    <material id="mat_11-material" name="mat_11">
      <instance_effect url="#mat_11-effect"/>
    </material>
    <material id="mat_2-material" name="mat_2">
      <instance_effect url="#mat_2-effect"/>
    </material>
    <material id="mat_28-material" name="mat_28">
      <instance_effect url="#mat_28-effect"/>
    </material>
    <material id="mat_3-material" name="mat_3">
      <instance_effect url="#mat_3-effect"/>
    </material>
    <material id="mat_29-material" name="mat_29">
      <instance_effect url="#mat_29-effect"/>
    </material>
    <material id="mat_30-material" name="mat_30">
      <instance_effect url="#mat_30-effect"/>
    </material>
    <material id="mat_31-material" name="mat_31">
      <instance_effect url="#mat_31-effect"/>
    </material>
    <material id="mat_32-material" name="mat_32">
      <instance_effect url="#mat_32-effect"/>
    </material>
    <material id="mat_24-material" name="mat_24">
      <instance_effect url="#mat_24-effect"/>
    </material>
    <material id="mat_33-material" name="mat_33">
      <instance_effect url="#mat_33-effect"/>
    </material>
    <material id="mat_34-material" name="mat_34">
      <instance_effect url="#mat_34-effect"/>
    </material>
    <material id="mat_12-material" name="mat_12">
      <instance_effect url="#mat_12-effect"/>
    </material>
    <material id="mat_1-material" name="mat_1">
      <instance_effect url="#mat_1-effect"/>
    </material>
    <material id="mat_4-material" name="mat_4">
      <instance_effect url="#mat_4-effect"/>
    </material>
    <material id="mat_5-material" name="mat_5">
      <instance_effect url="#mat_5-effect"/>
    </material>
    <material id="mat_6-material" name="mat_6">
      <instance_effect url="#mat_6-effect"/>
    </material>
    <material id="mat_15-material" name="mat_15">
      <instance_effect url="#mat_15-effect"/>
    </material>
    <material id="mat_16-material" name="mat_16">
      <instance_effect url="#mat_16-effect"/>
    </material>
    <material id="mat_17-material" name="mat_17">
      <instance_effect url="#mat_17-effect"/>
    </material>
    <material id="mat_18-material" name="mat_18">
      <instance_effect url="#mat_18-effect"/>
    </material>
    <material id="mat_19-material" name="mat_19">
      <instance_effect url="#mat_19-effect"/>
    </material>
    <material id="mat_20-material" name="mat_20">
      <instance_effect url="#mat_20-effect"/>
    </material>
    <material id="mat_21-material" name="mat_21">
      <instance_effect url="#mat_21-effect"/>
    </material>
    <material id="mat_22-material" name="mat_22">
      <instance_effect url="#mat_22-effect"/>
    </material>
    <material id="mat_23-material" name="mat_23">
      <instance_effect url="#mat_23-effect"/>
    </material>
    <material id="mat_25-material" name="mat_25">
      <instance_effect url="#mat_25-effect"/>
    </material>
  </library_materials>
  <library_geometries>
    <geometry id="fifth_wheel_base-mesh" name="fifth_wheel_base">
      <mesh>
        <source id="fifth_wheel_base-mesh-positions">
          <float_array id="fifth_wheel_base-mesh-positions-array" count="10458">-196.8861 27.00008 26.7757 -197.5701 27.00008 24.89627 -196.2982 27.00008 24.00557 -202.4264 40.50009 25.29114 -200.3064 40.50009 26.7757 -196.2982 40.50009 24.00558 -198.0753 40.50009 25.03163 -199.4644 -26.99994 27.00124 -194.766 -26.99994 25.29114 -200.8943 -26.99993 24.00557 -198.0753 -26.99994 25.03159 -200.3064 -40.49993 26.77563 -202.4264 -40.49993 25.29111 -198.0753 -40.49993 25.03159 -202.6386 40.50009 25.60252 -194.3327 40.50009 25.94127 -198.6194 27.00008 27.27386 -202.847 -40.49993 26.2842 -194.5294 -26.99994 25.85003 -198.4862 23.00008 25.34352 -196.5413 23.00008 19.56149 -201.739 23.00008 21.9394 -198.5962 23.00008 25.07721 -198.5962 27.00008 25.07721 -201.6925 27.00008 22.60812 -197.0408 27.00009 19.26189 -198.4862 44.50009 25.34352 -198.3969 40.50009 25.55956 -196.8448 40.50009 19.4988 -201.7896 40.50009 22.34029 -198.5962 40.50009 25.07721 -198.5962 44.50009 25.07721 -201.5978 44.50009 22.9991 -196.7083 44.50009 19.38515 -198.4862 -26.99994 25.34347 -196.1947 -26.99993 20.10422 -201.8777 -26.99993 21.64713 -198.5962 -26.99994 25.07716 -198.5962 -22.99993 25.07716 -201.7628 -22.99993 21.7437 -196.7972 -22.99993 19.56493 -198.3969 -22.99993 25.5595 -198.5962 -40.49993 25.07716 -198.4363 -44.49993 25.48945 -195.5752 -44.49993 20.74629 -201.2128 -44.49993 20.3227 -198.6451 -44.49993 25.37045 -198.6062 -40.49993 25.17747 -201.322 -40.49993 23.77822 -198.4296 -40.49993 18.58546 -195.4614 -40.49993 22.92028 -219.1983 46.48388 11.57722 -219.1776 46.48912 9.577225 -216.8471 45.46974 9.577225 -218.9532 46.56666 9.577225 -219.0914 46.56326 11.57722 -216.7427 45.70517 11.57722 -219.2484 29.90483 9.577226 -216.7735 29.25718 9.577225 -219.5253 30.19962 9.577225 -219.0962 30.00009 11.57722 -218.1852 31.31834 11.57722 -217.379 28.72484 11.57722 -177.9628 46.55355 9.577225 -180.7833 46.15571 9.577225 -177.8561 46.37749 9.577225 -177.8468 46.2969 11.57722 -180.7325 46.80554 11.57722 -177.9139 46.53313 11.57722 -177.9263 30.02595 9.577225 -180.7952 29.94187 9.577225 -177.9016 29.95191 9.577225 -177.9351 29.9634 11.57722 -180.5155 29.27581 11.57722 -178.0327 30.06592 11.57722 -178.0502 38.25463 9.577225 -178.8823 39.6071 9.577225 -180.9824 37.86748 9.577225 -177.9134 38.21739 9.577225 -177.9251 38.22487 11.57722 -179.9274 37.07966 11.57722 -180.2867 39.24699 11.57722 -177.9088 38.28153 11.57722 -181.6461 49.14287 11.57722 -180.8799 49.50009 11.57722 -180.8799 49.50009 9.577225 -177.3462 49.5001 11.57722 -177.3462 49.5001 9.577225 -187.5562 42.1646 11.57722 -209.5803 42.11025 11.57722 -215.763 49.33557 11.57722 -220.6053 49.21369 11.57722 -220.3462 27.13405 11.57722 -176.7034 27.23404 11.57722 -176.7536 49.36237 11.57722 -216.8777 45.61093 11.57722 -218.2737 45.32547 11.57722 -219.0535 46.06057 11.57722 -218.9288 47.12509 11.57722 -217.6291 47.7311 11.57722 -216.8886 47.30358 11.57722 -216.5962 38.25009 11.57722 -216.9216 37.35226 11.57722 -218.4712 37.16755 11.57722 -219.0772 38.03302 11.57722 -218.8663 39.01098 11.57722 -217.4187 39.42471 11.57722 -216.6394 29.51325 11.57722 -218.113 28.71489 11.57722 -219.1366 30.2949 11.57722 -217.1886 31.17583 11.57722 -180.5774 46.71714 11.57722 -179.5409 47.80648 11.57722 -178.1716 46.92761 11.57722 -178.9295 45.25059 11.57722 -180.3038 45.6966 11.57722 -180.0739 31.09143 11.57718 -178.5428 30.95764 11.57722 -178.238 29.29264 11.57722 -179.5634 28.76907 11.57722 -180.5774 29.78302 11.57722 -180.5774 38.46714 11.57722 -179.2877 39.5636 11.57722 -178.1716 38.6776 11.57722 -178.5428 37.29254 11.57722 -180.0739 37.15875 11.57722 -219.9003 26.89262 11.57722 -220.8462 28.00008 11.57722 -220.9367 27.96406 9.577225 -219.8462 27.00008 9.577225 -220.8462 28.00008 9.577225 -220.8462 48.50008 11.57722 -220.9367 48.5361 11.57722 -219.8462 49.50009 11.57722 -219.9004 49.60754 9.577225 -220.8462 48.50008 9.577225 -219.8462 49.50009 9.577225 -216.3125 49.50009 11.57722 -188.1058 42.00009 9.577225 -188.1058 42.00009 11.57722 -209.0866 42.00009 11.57722 -209.0866 42.00009 9.577225 -209.8527 42.35731 11.57722 -209.8527 42.35731 9.577225 -215.5465 49.14287 9.577225 -215.5465 49.14287 11.57722 -216.3125 49.50009 9.577225 -177.3426 49.53853 11.57722 -176.1482 48.54143 11.57722 -177.3164 49.68768 9.577225 -176.3462 48.5001 11.57722 -176.3462 48.5001 9.577225 -176.3462 28.00008 11.57722 -176.3462 28.00008 9.577225 -176.2151 27.97115 11.57722 -177.3462 27.00008 11.57722 -177.3462 27.00008 9.577225 -176.1867 27.96248 9.577225 -219.8462 27.00008 11.57722 -183.2588 27.00008 11.57718 -194.766 27.00008 25.29114 -202.4264 27.00008 25.29114 -195.7771 27.00008 21.05113 -198.5962 27.00008 19.07721 -201.4153 27.00008 21.05113 -200.8943 27.00008 24.00557 -198.7063 40.50009 25.34353 -200.3717 40.50009 19.54165 -198.4862 40.50009 25.34352 -198.3969 27.00008 25.55956 -200.202 27.00008 19.784 -198.7956 27.00008 25.55956 -183.2588 40.50009 11.57722 -213.9338 40.50009 11.57722 -213.9338 27.00008 11.57722 -194.766 40.50009 25.29114 -200.8943 40.50009 24.00558 -201.1944 40.50009 20.57722 -198.5962 40.50009 19.07721 -195.7771 40.50009 21.05117 -181.6461 49.14287 9.577225 -187.3397 42.35731 9.577225 -187.3397 42.35731 11.57722 -187.6833 42.09378 9.577225 -209.5094 42.09378 9.577225 -215.763 49.33557 9.577225 -220.3462 49.36611 9.577225 -220.6434 27.2486 9.577225 -176.5414 27.32614 9.577225 -176.5406 49.17247 9.577225 -181.4294 49.33557 9.577225 -218.9288 45.8751 9.577225 -217.5823 45.20592 9.577225 -216.5852 46.88012 9.577225 -217.6291 47.7311 9.577225 -218.9288 47.12509 9.577225 -218.6035 37.16871 9.577225 -216.612 37.76749 9.577225 -217.5059 39.52051 9.577225 -218.9288 38.87508 9.577225 -219.0772 29.78302 9.577225 -218.4712 28.91755 9.577225 -217.0272 28.9685 9.577225 -216.8886 30.80357 9.577225 -218.6298 31.07628 9.577225 -178.0962 46.50009 9.577225 -178.5428 47.45765 9.577225 -180.0048 47.64076 9.577225 -180.5774 46.28302 9.577225 -179.5634 45.26908 9.577225 -178.4015 45.63798 9.577225 -178.1716 30.42761 9.577225 -179.1292 31.23109 9.577225 -180.3038 30.80357 9.577225 -180.5774 29.78302 9.577225 -179.5634 28.76907 9.577225 -178.5428 29.04253 9.577225 -178.5428 39.20765 9.577225 -179.3462 39.50009 9.577225 -180.5774 38.46714 9.577225 -180.3038 37.4466 9.577225 -179.1292 37.01908 9.577225 -178.1716 37.82256 9.577225 -178.0962 -46.49991 11.57718 -177.8245 -46.28879 9.577195 -180.285 -47.44412 9.577195 -178.0962 -46.49991 9.577195 -177.957 -46.63288 11.57718 -180.4503 -47.19758 11.57718 -179.3934 -45.05836 11.57718 -180.2525 -37.71387 9.577196 -177.9538 -38.28143 9.577211 -177.9657 -38.27231 11.57718 -180.4086 -38.09162 11.57718 -219.1902 -46.50993 9.577195 -216.5834 -47.29574 9.577195 -219.1937 -46.53941 11.57718 -216.3125 -49.49992 11.57718 -216.3125 -49.49992 9.577195 -219.8462 -49.49992 11.57718 -219.8462 -49.49992 9.577195 -215.5465 -49.14271 11.57718 -209.5094 -42.09362 11.57718 -187.5562 -42.16443 11.57718 -181.4294 -49.33541 11.57718 -176.5347 -49.16639 11.57718 -176.7034 -27.23389 11.57718 -183.2588 -26.99992 11.57718 -183.2588 -40.49992 11.57718 -220.6094 -27.29348 11.57718 -220.3462 -49.36595 11.57718 -180.1497 -45.54236 11.57718 -178.7649 -45.32406 11.57718 -178.1152 -46.71697 11.57718 -179.1291 -47.73093 11.57718 -180.5074 -47.12955 11.57718 -179.6885 -37.02284 11.57718 -178.5428 -37.29237 11.57718 -178.1716 -38.67744 11.57718 -179.1291 -39.48093 11.57718 -180.6457 -38.5107 11.57718 -180.487 -29.34142 11.57718 -179.1291 -28.76891 11.57718 -178.1716 -29.5724 11.57718 -178.5428 -30.95747 11.57718 -180.0052 -31.14594 11.57718 -216.6152 -46.71697 11.57718 -217.6291 -47.73094 11.57718 -218.9288 -47.12493 11.57718 -218.6739 -45.46488 11.57718 -216.8886 -45.69644 11.57718 -216.8886 -30.8034 11.57718 -218.5621 -31.0593 11.57718 -219.0222 -29.4067 11.57718 -217.8462 -28.74991 11.57718 -216.6715 -29.5724 11.57718 -216.8886 -39.05341 11.57718 -218.0632 -39.48094 11.57718 -219.1101 -38.39884 11.57718 -218.6137 -37.20611 11.57718 -216.8886 -37.44644 11.57718 -177.3102 -26.90948 11.57718 -176.2388 -27.94583 9.57721 -177.3462 -26.99992 9.57721 -176.3462 -27.99991 11.57718 -176.3462 -27.99991 9.57721 -176.3462 -48.4999 11.57718 -176.2388 -48.55397 11.57718 -177.3462 -49.49992 11.57718 -177.3102 -49.59036 9.577195 -176.3462 -48.4999 9.577195 -177.3462 -49.49992 9.577195 -180.8799 -49.49992 11.57718 -180.8799 -49.49992 9.577195 -209.8527 -42.35713 11.57718 -209.0866 -41.99993 9.577195 -209.0866 -41.99993 11.57718 -188.1058 -41.99993 11.57718 -188.1058 -41.99993 9.577195 -187.3397 -42.35713 11.57718 -187.3397 -42.35713 9.577195 -181.6461 -49.14269 11.57718 -181.6461 -49.14269 9.577195 -219.8487 -49.526 11.57718 -221.0102 -48.52788 11.57718 -221.014 -48.53234 9.577195 -219.8491 -49.53174 9.577195 -220.8462 -48.49992 11.57718 -220.8462 -48.49992 9.577195 -220.8462 -27.99991 11.57718 -220.8462 -27.99992 9.577195 -220.9367 -27.96389 11.57718 -219.8462 -26.99992 11.57718 -219.8462 -26.99993 9.577195 -221.004 -27.93709 9.577195 -177.3462 -26.99992 11.57718 -202.4264 -26.99994 25.29111 -201.4153 -26.99993 21.05113 -198.5962 -26.99993 19.07719 -195.7771 -26.99993 21.05113 -196.2982 -26.99993 24.00557 -198.3969 -40.49993 25.5595 -195.7771 -40.49993 21.05113 -199.7794 -40.49993 19.27385 -198.7922 -40.49993 25.53933 -198.7024 -26.99994 25.32749 -200.5399 -26.99993 19.72319 -213.9338 -26.99992 11.57718 -194.766 -40.49993 25.29111 -213.9338 -40.49992 11.57718 -196.2982 -40.49993 24.00554 -199.1172 -40.49993 19.12277 -201.1944 -40.49993 20.57717 -200.8943 -40.49993 24.00554 -215.5465 -49.14271 9.577195 -209.8527 -42.35713 9.577195 -209.5681 -42.10599 9.577195 -187.5564 -42.16443 9.577195 -181.4294 -49.33541 9.577195 -176.5406 -49.17229 9.577182 -176.5421 -27.32463 9.577203 -220.6124 -27.35714 9.577195 -220.606 -49.20832 9.577195 -178.051 -46.67663 9.577204 -178.8263 -45.30495 9.577196 -180.1497 -45.54236 9.577195 -180.5074 -47.12955 9.577195 -179.1291 -47.73093 9.577195 -179.4608 -36.93967 9.57721 -180.5774 -38.03286 9.577195 -179.6071 -39.54926 9.577215 -178.0227 -38.24991 9.577202 -178.1152 -29.78286 9.57721 -179.1291 -28.76891 9.57721 -180.1497 -29.04236 9.57721 -180.5774 -30.21697 9.57721 -179.9712 -31.08246 9.57721 -178.5428 -30.95747 9.57721 -218.6347 -47.55492 9.577195 -217.0428 -47.45747 9.577195 -216.5999 -46.08828 9.577195 -217.6291 -45.26891 9.577195 -219.0374 -45.99507 9.577195 -218.9288 -30.62492 9.577195 -217.9333 -31.27219 9.577195 -216.6716 -30.42745 9.577195 -216.6715 -29.5724 9.577195 -217.8462 -28.74991 9.577195 -218.6497 -29.04236 9.577195 -218.9288 -38.87493 9.577195 -217.6291 -39.48094 9.577195 -216.5312 -38.33824 9.577195 -217.8462 -36.94657 9.577195 -219.0772 -38.03286 9.577195 -195.8387 23.00008 21.59098 -196.7964 23.00008 19.93231 -199.0825 23.00008 19.31973 -201.3537 23.00008 21.59098 -200.3961 23.00008 24.22212 -197.6385 23.00008 24.70836 -197.6385 44.50009 24.70836 -200.7411 44.50009 23.87703 -201.3537 44.50009 21.591 -199.5538 44.50009 19.44606 -197.6385 44.50009 19.44606 -195.8387 44.50009 21.591 -198.1616 -44.3519 24.92116 -195.8829 -44.05172 21.9487 -196.6678 -44.29993 24.37532 -197.6385 -44.49993 19.44604 -199.9962 -44.49993 19.6523 -201.3537 -44.49993 22.56339 -199.9962 -44.49993 24.50204 -198.11 -44.49993 24.83464 -195.8387 -44.49993 22.56339 -195.8829 -23.44814 21.9487 -198.1157 -23.27322 24.78011 -196.6678 -23.19993 24.37534 -195.8387 -22.99994 22.56339 -196.7964 -22.99994 24.22208 -199.0825 -22.99994 24.83467 -200.7411 -22.99994 23.87698 -201.3537 -22.99994 21.59097 -199.9962 -22.99994 19.65234 -197.6385 -22.99994 19.44604 -211.4362 15.05134 9.577225 -206.0962 20.00008 9.577225 -211.5851 15.08144 6.577209 -211.0962 -14.99993 9.577195 -211.0962 -14.99992 6.577209 -211.0962 15.00009 9.577225 -211.0962 15.00009 6.577209 -206.0962 -19.99992 9.577195 -206.0962 -19.99992 6.577194 -211.5484 -15.18005 9.577204 -211.8851 -15.31412 6.577212 -191.0962 -19.99992 9.577195 -191.0962 -19.99992 6.577209 -190.9161 -20.45211 9.577195 -190.7821 -20.78874 6.57721 -186.0962 15.00009 6.577209 -186.0962 -14.99993 9.577195 -186.0962 -14.99992 6.577209 -190.9161 20.45229 9.577225 -186.0962 15.00009 9.577225 -185.559 15.27049 6.577209 -206.0962 20.00008 6.577209 -191.0962 20.00009 6.577209 -174.5772 57.21249 6.577209 -177.4276 56.77845 6.577209 -174.6078 56.93248 6.577209 -174.7146 56.98796 9.577225 -177.3823 56.4691 9.577225 -174.6187 57.21179 9.577225 -180.697 -29.96358 9.577195 -177.9937 -30.44399 9.577195 -180.8566 -30.0851 9.577195 -180.7646 -30.04786 6.577194 -178.0914 -30.72305 6.577194 -180.6309 -29.95159 6.577194 -219.3513 -29.91823 9.577204 -216.4855 -29.86886 9.577196 -219.3566 -30.0851 9.577195 -219.2646 -30.04786 6.577191 -216.6747 -29.88101 6.577206 -219.2638 -29.95309 6.577192 -228.5962 -58.05614 9.577195 -226.0962 -60.55616 6.577194 -226.0962 -60.55616 9.577195 -171.0962 -60.55616 9.577195 -168.5962 -58.05614 9.577195 -168.5962 58.05635 9.577225 -187.8822 -18.83014 9.577195 -190.3334 -19.9603 9.577195 -206.9644 -19.92396 9.577195 -209.9264 -18.21386 9.57721 -209.9264 18.21403 9.577225 -207.8064 19.69854 9.577225 -191.0962 20.00009 9.577225 -187.8822 18.83031 9.577225 -207.0538 -56.25268 9.577195 -205.8293 -55.78621 9.577195 -204.8462 -57.05613 9.577195 -205.1386 -57.85964 9.577195 -206.7212 -58.1387 9.577195 -207.3272 -57.27321 9.577195 -222.0538 -56.25268 9.577195 -220.8791 -55.82514 9.577195 -219.8462 -57.05613 9.577195 -220.503 -58.23205 9.577195 -222.0538 -57.85964 9.577195 -191.3206 -55.78374 9.577195 -189.8769 -56.57024 9.577195 -190.1386 -57.85964 9.577195 -191.3134 -58.28717 9.577195 -192.4167 -57.0913 9.577195 -177.3294 -56.65143 9.577195 -176.3134 -55.82514 9.577195 -175.2928 -56.09859 9.577195 -174.9216 -57.48368 9.577195 -175.9074 -58.35506 9.577195 -177.1788 -57.68115 9.577195 -206.8997 58.0139 9.577225 -205.6687 58.23097 9.577225 -204.8234 56.70436 9.577225 -205.8791 55.82533 9.577225 -207.1787 56.43135 9.577225 -177.1788 57.68135 9.577225 -176.0962 58.30638 9.577225 -174.7743 57.12258 9.577225 -175.6687 55.88174 9.577225 -176.9961 56.08713 9.577225 -191.5237 58.23097 9.577225 -190.1386 57.85982 9.577225 -189.8462 57.05635 9.577225 -190.7747 55.81711 9.577225 -192.4183 56.96297 9.577225 -222.2708 57.48386 9.577225 -221.5237 58.23097 9.577225 -220.4712 58.13887 9.577225 -219.8352 56.67634 9.577225 -220.8791 55.82533 9.577225 -222.0538 56.25287 9.577225 -180.3421 -29.16429 9.577195 -179.3462 -28.69991 9.57721 -178.1246 -29.55528 9.577195 -178.1246 -30.44454 9.577195 -179.5077 -31.3601 9.577195 -180.662 -30.23193 9.577195 -219.1266 -29.77417 9.577195 -217.8462 -28.69991 9.577195 -216.6246 -29.55528 9.577195 -216.8503 -30.83553 9.577195 -218.5012 -31.20741 9.577195 -180.628 46.84344 9.577225 -179.3462 47.85037 9.577225 -178.1246 46.94473 9.577225 -178.2401 45.72563 9.577225 -179.8865 45.2414 9.577225 -218.8421 47.33573 9.577225 -217.3318 47.75859 9.577225 -216.5659 46.72583 9.577225 -217.1962 45.37427 9.577225 -218.0719 45.21984 9.577225 -219.1266 46.27435 9.577225 -226.0962 60.55635 9.577225 -226.0962 60.55635 6.577209 -171.0962 60.55635 6.577209 -171.0962 60.55635 9.577225 -168.5962 58.05635 6.577209 -228.5962 58.05634 9.577225 -171.0962 -60.55616 6.577194 -168.5962 -58.05614 6.577194 -228.5962 58.05634 6.577209 -228.5962 -58.05615 6.577194 -208.5962 -19.33004 6.577194 -208.5962 19.33022 6.577209 -186.1721 15.86832 6.577209 -189.6062 19.86017 6.577209 -186.7661 -17.49992 6.577209 -204.8462 -57.05613 6.577194 -205.6687 -55.88153 6.577194 -206.8997 -56.0986 6.577194 -207.3249 -57.5408 6.577194 -205.503 -58.23205 6.577194 -220.728 -55.79722 6.577194 -222.0538 -56.25268 6.577194 -222.0538 -57.85964 6.577194 -220.8791 -58.28717 6.577194 -219.8352 -57.43616 6.577195 -190.1386 -56.25268 6.577194 -191.5809 -55.82746 6.577194 -192.3272 -57.27321 6.577194 -191.3134 -58.28717 6.577194 -190.1386 -57.85964 6.577194 -175.8791 -55.82514 6.577194 -176.8997 -56.09859 6.577194 -177.1788 -57.68115 6.577194 -175.8791 -58.28717 6.577194 -174.783 -56.89184 6.577194 -204.8166 56.74615 6.577209 -205.8293 58.32628 6.577209 -207.0538 57.85982 6.577209 -207.0538 56.25287 6.577209 -206.0222 55.76553 6.577209 -176.0568 58.36833 6.577209 -177.1788 57.68135 6.577209 -177.1788 56.43136 6.577209 -176.4102 55.82575 6.577209 -175.2928 56.0988 6.577209 -174.8014 57.20359 6.577209 -190.1386 57.85982 6.577209 -191.3434 58.3277 6.577209 -192.3272 57.27342 6.577209 -191.8044 55.98221 6.577209 -190.2933 56.00848 6.577209 -220.1386 57.85982 6.577209 -221.5237 58.23097 6.577209 -222.3272 57.2734 6.577209 -221.6521 55.86432 6.577209 -220.1386 56.25287 6.577209 -180.5692 -30.60442 6.577197 -179.1205 -31.28017 6.577194 -178.1246 -30.44454 6.577194 -178.1246 -29.55528 6.577194 -179.3462 -28.69991 6.577194 -180.3421 -29.16429 6.577194 -218.5012 -31.20741 6.577194 -216.8503 -30.83555 6.577194 -216.6599 -29.31498 6.577169 -218.0719 -28.71967 6.577194 -219.1266 -29.77418 6.577194 -180.3231 45.57361 6.577209 -179.3462 45.20009 6.577209 -178.2205 45.85009 6.577209 -178.1246 46.94473 6.577209 -178.7889 47.69541 6.577209 -179.791 47.7217 6.577209 -180.6266 46.72583 6.577209 -219.1266 46.27435 6.577209 -218.4962 45.37425 6.577209 -216.8846 45.56631 6.577209 -216.5462 46.50009 6.577209 -217.2979 47.74924 6.577209 -218.8421 47.33573 6.577209 -217.9441 44.31746 12.08137 -218.03 44.15893 11.58942 -219.2121 48.11294 12.07803 -215.6302 46.45588 12.11747 -215.6374 46.71968 11.61301 -218.9424 48.29891 11.58135 -217.9614 45.00996 12.07443 -217.558 47.92616 12.06724 -216.4011 46.70032 11.58816 -218.7131 47.52857 11.57597 -217.9089 45.10773 11.58187 -219.0415 46.05623 12.07722 -218.5375 47.65955 12.07722 -216.8872 47.34033 12.07722 -216.5852 46.31142 12.07722 -216.175 46.13875 12.07722 -217.6461 45.24091 12.07722 -217.1721 44.61714 12.07722 -219.3598 45.19275 12.07722 -219.7462 47.12471 12.07722 -218.2888 48.45051 12.07722 -216.6595 48.10996 12.07722 -215.8551 46.31142 12.07722 -217.8462 45.2251 11.57722 -216.5155 46.35451 11.57522 -216.632 46.11141 12.07722 -217.7927 45.07734 12.0855 -216.523 46.72461 11.8863 -217.7545 44.18149 11.59732 -217.8078 44.36547 12.08024 -216.0864 46.53931 11.57722 -217.6945 47.76604 11.57722 -218.8532 47.28215 11.57722 -219.0352 46.03973 11.57722 -217.795 45.15274 11.57722 -216.5751 46.4001 11.57722 -215.8488 46.4001 11.57722 -216.8752 44.7516 11.57722 -218.1898 44.52984 11.57722 -219.567 45.48089 11.57722 -219.8219 46.81084 11.57722 -217.9129 48.49898 11.57722 -216.3702 47.84976 11.57722 -217.7222 47.47571 3.838609 -218.3677 46.84256 3.940628 -218.0742 45.44901 3.660136 -216.9635 46.78234 3.652782 -217.8462 47.60814 3.669178 -216.3108 46.04837 4.126114 -218.4015 46.84741 4.231931 -217.7926 45.17776 3.761261 -217.8462 45.30009 3.761261 -218.7437 47.64583 3.761261 -217.8462 45.30009 11.17721 -218.4383 47.65509 11.17721 -217.805 45.16027 11.17721 -218.3542 47.37995 3.577225 -218.6855 45.82523 3.577225 -217.1931 45.72181 3.577225 -216.8302 46.50009 3.577225 -217.1931 47.27836 3.577225 -216.9462 48.05895 13.57725 -216.0462 47.53933 13.41646 -216.0462 46.50009 13.57725 -217.8462 44.42163 13.41646 -218.7462 44.94125 13.57725 -216.9462 44.94125 13.57725 -218.7462 48.05895 13.57725 -219.6462 45.46087 13.41646 -219.6462 46.50009 13.57725 -219.6462 45.46087 12.15723 -219.6462 47.53933 13.41646 -217.8462 48.57855 13.41646 -217.8462 48.57855 12.15723 -219.6462 47.53933 12.15723 -216.0462 47.53933 12.15723 -216.267 47.4939 12.15723 -216.2115 46.21183 12.15723 -216.8802 45.12061 12.15723 -217.8991 44.62284 12.15723 -216.0462 45.46087 12.15723 -216.0462 45.46087 13.41646 -217.8462 44.42163 12.15723 -216.2873 45.60009 13.57725 -218.4618 44.80864 13.57725 -219.6261 46.23181 13.57725 -219.3336 47.51407 13.57725 -218.1587 48.27276 13.57725 -216.2245 47.28109 13.57725 -216.4147 47.46688 12.13723 -216.1505 46.67089 12.07722 -216.3893 45.55883 12.13056 -216.5746 47.56713 12.07722 -216.2115 46.21183 12.07722 -217.5579 44.86531 12.07722 -218.9132 45.22845 12.07722 -219.529 46.90449 12.07722 -218.4139 48.05999 12.07722 -217.8462 47.6189 12.07722 -216.663 46.55937 12.07722 -217.4635 45.44875 12.07722 -218.8906 45.95753 12.07722 -218.7034 47.21925 12.07722 -179.3892 44.35784 12.07884 -179.4224 44.24804 11.5812 -181.3114 47.26645 12.07787 -177.1111 46.4754 12.08998 -177.2079 46.64479 11.59313 -180.4943 48.34384 11.58531 -179.2016 45.56893 12.05121 -177.9361 46.39362 12.07208 -178.5681 46.5662 11.57009 -179.4432 45.10519 11.57296 -180.1622 45.52035 12.07722 -180.6043 46.98138 12.07722 -178.7271 47.6963 12.07722 -178.0854 46.31143 12.07722 -177.675 46.13875 12.07722 -179.1461 45.24091 12.07722 -178.6721 44.61714 12.07722 -180.8598 45.19275 12.07722 -181.325 46.79095 12.07722 -180.4196 48.18769 12.07722 -178.1595 48.10996 12.07722 -177.3553 46.31143 12.07722 -179.4081 45.36948 11.83205 -178.0123 46.36053 11.57857 -178.0385 46.05883 12.07514 -179.4129 44.61877 11.82367 -177.1063 46.30572 11.56416 -177.2926 46.0752 12.07286 -177.3488 46.60009 11.57722 -178.0753 46.60009 11.57722 -178.5907 47.52719 11.57722 -180.205 47.44264 11.57722 -180.5964 46.24954 11.57722 -180.1544 45.51391 11.57722 -178.5612 45.49539 11.57722 -178.0753 46.4001 11.57722 -177.3488 46.4001 11.57722 -177.8504 45.17245 11.57722 -179.3462 44.50009 11.57722 -181.2166 45.79175 11.57722 -180.6711 47.99834 11.57722 -178.1241 48.08329 11.57722 -179.3462 47.60801 3.669305 -179.925 46.68227 3.938627 -178.6754 46.79457 3.868354 -179.4691 47.47706 3.836302 -178.5303 46.7933 4.088584 -179.2028 45.80333 4.048163 -180.0116 46.72188 4.245067 -179.7129 47.74323 3.761261 -179.3189 45.20753 3.761261 -179.3705 45.15839 3.761261 -179.3774 45.15426 11.17721 -179.2351 47.72643 11.17721 -179.3329 45.19161 11.17721 -179.7402 47.49872 3.577225 -180.3468 46.32366 3.577225 -179.6808 45.48709 3.577225 -178.5679 45.84705 3.577225 -178.5679 47.15313 3.577225 -177.5462 46.5001 13.57725 -177.5462 45.46087 13.41646 -180.2462 48.05895 13.57722 -178.4463 48.05895 13.57725 -180.2462 44.94125 13.57722 -178.4463 44.94126 13.57725 -181.1462 45.46087 13.41646 -181.1462 46.50009 13.57722 -181.1462 45.46087 12.15723 -181.1462 47.53933 13.41646 -179.3462 48.57856 13.41646 -179.3462 48.57856 12.15723 -181.1462 47.53933 12.15723 -177.5462 47.53933 12.15723 -180.9255 47.4939 12.15723 -177.671 47.32224 12.15723 -178.1655 45.21382 12.15723 -180.4134 45.22845 12.15723 -180.981 46.21183 12.15723 -177.5462 45.46087 12.15723 -177.5462 47.53933 13.41646 -179.3462 44.42163 13.41646 -179.3462 44.42163 12.15723 -177.6548 45.88446 13.57725 -179.2358 44.6131 13.57721 -181.0663 45.96953 13.57722 -180.6657 47.7244 13.57722 -179.6588 48.27276 13.57722 -178.0267 47.72441 13.57725 -180.3427 48.05453 12.09055 -179.2219 48.22356 12.15723 -178.2668 47.88053 12.10389 -179.3462 48.1601 12.07722 -177.7863 47.06784 12.07722 -178.1655 45.21382 12.07722 -180.4134 45.22845 12.07722 -180.981 46.78834 12.07722 -180.4134 47.77172 12.07722 -178.4891 47.21925 12.07722 -178.2444 46.30582 12.07722 -179.4587 45.32337 12.07722 -180.3976 46.11743 12.07722 -179.7767 47.58385 12.07722 -178.2228 46.95897 11.36128 -179.2886 45.2654 11.36128 -179.3462 45.38129 11.36128 -180.4597 46.91032 11.36128 -179.3462 45.38129 12.07722 -180.46 46.91228 12.07722 -178.2437 46.93479 12.07722 -179.2474 45.18259 12.07722 -217.951 -32.20081 12.07997 -218.0387 -32.36789 11.58566 -219.2821 -28.4646 12.07886 -215.6095 -30.09907 12.10311 -218.8917 -28.19207 11.58401 -215.6734 -29.84438 11.59982 -217.8462 -31.27492 12.07718 -218.9179 -29.15018 12.06944 -217.0467 -29.00666 12.07718 -216.4011 -29.79968 11.58812 -218.6653 -28.938 11.576 -217.9632 -31.42505 11.58525 -219.0415 -30.44376 12.07718 -218.5664 -28.86163 12.07718 -216.5852 -30.18859 12.07718 -216.2212 -30.37532 12.07718 -217.7673 -31.33416 12.07718 -217.1721 -31.88287 12.07718 -219.3598 -31.30727 12.07718 -219.8249 -29.70908 12.07718 -218.2888 -28.0495 12.07718 -216.6595 -28.39004 12.07718 -215.8551 -30.18859 12.07718 -216.5229 -29.77548 11.88628 -217.7545 -32.31852 11.59728 -217.8078 -32.13455 12.0802 -215.8488 -29.89991 11.57718 -216.5751 -29.89991 11.57718 -217.0907 -28.9728 11.57718 -218.6606 -28.93546 11.57718 -219.0352 -30.46029 11.57718 -217.795 -31.34727 11.57718 -216.5751 -30.09992 11.57718 -215.8488 -30.09992 11.57718 -216.8752 -31.74839 11.57718 -219.3664 -31.29963 11.57718 -219.6001 -29.03866 11.57718 -218.2554 -28.04221 11.57718 -216.3702 -28.65025 11.57718 -218.8055 -29.44609 3.669416 -218.2759 -30.37345 3.966446 -217.2669 -29.89153 4.038795 -218.0585 -29.07045 4.281363 -217.224 -30.12385 4.248898 -218.3829 -30.4972 4.219201 -217.8201 -31.28314 3.76123 -218.0541 -31.45916 3.761231 -217.1588 -28.91558 3.76123 -218.0597 -31.5041 11.17717 -217.5443 -28.76286 11.17717 -217.7989 -31.35064 11.17717 -218.0226 -28.9994 3.577179 -218.9194 -29.97132 3.577179 -218.1938 -30.95464 3.577179 -217.1931 -30.77821 3.577179 -216.9025 -29.48814 3.577179 -216.9462 -28.44109 13.57719 -216.0462 -28.96069 13.41644 -216.0462 -29.99992 13.57719 -216.0462 -31.03915 13.41644 -218.7462 -28.44109 13.57719 -217.8462 -27.92145 13.41644 -217.8462 -32.07836 13.41644 -219.6462 -29.99992 13.57719 -218.7462 -31.55876 13.57719 -219.6462 -31.03915 13.41644 -219.6462 -28.96069 12.15718 -219.6462 -28.96069 13.41644 -217.8462 -27.92145 12.15718 -217.8077 -28.12948 12.15718 -219.4795 -30.90534 12.15718 -219.481 -29.71165 12.15718 -218.6762 -28.56232 12.15718 -216.0462 -28.96069 12.15718 -217.8462 -32.07836 12.15718 -216.0462 -31.03915 12.15718 -219.6462 -31.03915 12.15718 -216.9462 -31.55876 13.57719 -219.6261 -30.2682 13.57719 -218.9685 -31.40721 13.57719 -219.3336 -28.98594 13.57719 -217.2306 -28.30846 13.57719 -216.0663 -29.73164 13.57719 -216.5746 -28.93289 12.07718 -216.2115 -30.28818 12.07718 -217.5579 -31.63469 12.07718 -218.6762 -31.43752 12.07718 -219.5063 -29.99992 12.07718 -218.3353 -28.32807 12.07718 -216.6673 -29.99992 12.07718 -217.4635 -31.05125 12.07718 -218.9613 -30.40579 12.07718 -217.9008 -28.81763 12.07718 -217.951 -27.79904 6.074403 -218.0387 -27.63193 6.568709 -219.2821 -31.53525 6.075506 -215.6094 -29.90077 6.051255 -218.8917 -31.80779 6.570359 -215.6734 -30.15546 6.554547 -217.7468 -29.08625 6.086382 -216.2732 -30.02524 6.076691 -216.5751 -30.09992 6.577209 -218.2434 -31.34085 6.571258 -217.9108 -28.60397 6.572086 -218.9468 -29.35628 6.077194 -219.0487 -30.42374 6.077194 -218.3 -31.19142 6.077194 -216.8872 -30.84016 6.077194 -216.5852 -29.81126 6.077194 -216.1751 -29.63859 6.077194 -217.6461 -28.74074 6.077194 -217.1721 -28.11697 6.077194 -219.3598 -28.69259 6.077194 -219.8249 -30.29078 6.077194 -218.2888 -31.95035 6.077194 -216.6595 -31.60981 6.077194 -215.8551 -29.81125 6.077194 -217.8003 -28.55821 6.568024 -217.2633 -30.27682 6.29366 -217.8244 -28.64368 6.0798 -217.8873 -28.09127 6.327823 -215.5651 -29.75485 6.59498 -215.7612 -29.5457 6.080059 -215.8488 -30.09992 6.577194 -217.0907 -31.02704 6.577194 -218.5992 -31.11598 6.577194 -219.0352 -29.53955 6.577194 -217.6357 -28.74241 6.577209 -216.1367 -29.93251 6.577022 -216.8752 -28.25144 6.577209 -219.3664 -28.70021 6.577194 -219.6001 -30.96117 6.577194 -217.2322 -31.90337 6.577194 -179.4549 -32.21635 12.07807 -179.5377 -32.38078 11.58027 -181.2451 -29.09181 12.07778 -178.7707 -28.0845 12.07718 -177.3551 -30.18859 12.07718 -177.1081 -29.69068 11.64027 -181.075 -28.80798 11.57935 -179.4693 -31.51664 12.07632 -179.225 -28.59782 12.06714 -178.0854 -30.18859 12.07718 -177.9429 -29.8103 11.58191 -180.481 -29.28011 11.57621 -179.4151 -31.41027 11.58029 -180.3191 -30.82401 12.07718 -180.1182 -28.89038 12.07718 -178.5468 -29.00666 12.07718 -177.6842 -30.35988 12.07718 -178.951 -31.21209 12.07718 -178.36 -31.73982 12.07718 -180.8598 -31.30727 12.07718 -181.325 -29.70908 12.07718 -180.4196 -28.31233 12.07718 -178.1595 -28.39004 12.07718 -179.3462 -31.27492 11.57718 -177.9283 -30.20124 11.57005 -178.132 -30.38859 12.07718 -179.3108 -31.37626 12.07412 -179.3874 -31.90843 11.82656 -177.0651 -30.245 11.55941 -177.2613 -30.45414 12.07433 -177.3488 -29.89991 11.57718 -178.0753 -29.89991 11.57718 -178.5907 -28.9728 11.57718 -180.205 -29.05737 11.57718 -180.5964 -30.25047 11.57718 -179.0009 -31.30535 11.57718 -177.7987 -30.14048 11.57718 -179.0099 -31.97144 11.57718 -181.2166 -30.70827 11.57718 -181.2393 -29.35432 11.57718 -179.7554 -28.04221 11.57718 -178.1241 -28.41672 11.57718 -179.3462 -28.89202 3.669283 -179.8021 -29.90071 4.028798 -179.2173 -30.69869 3.869519 -178.6677 -29.7393 4.043045 -179.2073 -30.82759 4.106568 -179.8861 -29.87539 4.361431 -179.1385 -31.45915 3.76123 -179.3462 -31.19992 3.76123 -180.0784 -28.79858 3.76123 -179.5176 -31.33786 11.17717 -178.3128 -29.01848 11.17717 -179.3462 -31.19991 11.17717 -179.9994 -29.22164 3.577179 -180.29 -30.51172 3.577179 -178.8409 -30.93946 3.577179 -178.3302 -29.99992 3.577179 -178.9987 -29.04522 3.577179 -178.4463 -28.44109 13.57719 -177.5462 -31.03915 13.41644 -178.4463 -31.55876 13.57719 -177.5462 -29.99992 13.57719 -179.3462 -32.07836 13.41644 -180.2462 -31.55876 13.57719 -180.2462 -28.44109 13.57719 -181.1462 -31.03915 13.41644 -181.1462 -29.99992 13.57719 -181.1462 -28.96069 13.41644 -181.1462 -28.96069 12.15718 -181.1462 -31.03915 12.15718 -179.3462 -27.92145 13.41644 -177.5462 -28.96069 13.41644 -177.5462 -28.96069 12.15718 -179.3462 -27.92145 12.15718 -180.9434 -31.01327 12.15718 -177.7188 -29.06878 12.15718 -180.981 -30.28818 12.15718 -179.9321 -28.39029 12.15718 -179.3462 -32.07836 12.15718 -177.5462 -31.03915 12.15718 -177.9673 -31.15694 13.57719 -179.0336 -31.77258 13.57719 -180.6657 -31.22423 13.57719 -181.0663 -29.46935 13.57719 -178.7306 -28.30846 13.57719 -179.9618 -28.30846 13.57719 -177.5663 -29.73164 13.57719 -177.9086 -29.16991 12.07718 -177.9086 -30.82992 12.07718 -178.7785 -31.5598 12.07718 -180.4134 -31.27155 12.07718 -180.9062 -29.43216 12.07718 -179.6345 -28.36514 12.07718 -178.4891 -29.28076 12.07718 -178.5932 -30.90263 12.07718 -179.7289 -31.05125 12.07718 -180.5252 -29.99992 12.07718 -179.7289 -28.94857 12.07718 -179.3462 -31.11873 11.36125 -179.4571 -31.33216 11.36125 -178.5101 -29.34056 11.36125 -179.4463 -31.25473 12.07718 -178.2539 -29.53172 12.07718 -179.3462 -31.11873 12.07718 -179.3321 -28.03083 6.326976 -181.3748 -30.23125 6.073589 -177.1094 -29.90077 6.051253 -181.4326 -29.75192 6.574965 -177.2593 -30.17141 6.540256 -179.1293 -29.15373 6.089816 -177.9366 -29.90217 6.07181 -177.8941 -30.21709 6.573928 -179.3057 -28.87675 6.548208 -180.5415 -29.55606 6.077194 -180.3329 -30.80762 6.077194 -178.7271 -31.19613 6.077194 -178.0854 -29.81125 6.077194 -177.675 -29.63859 6.077194 -179.1461 -28.74072 6.077194 -178.6721 -28.11696 6.077194 -180.8598 -28.69257 6.077194 -181.325 -30.29076 6.077194 -179.7888 -31.95034 6.077194 -177.9019 -31.38339 6.077194 -177.3551 -29.81125 6.077194 -179.4081 -28.86919 6.322365 -178.0122 -29.86034 6.57585 -178.0384 -29.55867 6.079265 -179.3874 -28.09154 6.327817 -177.0651 -29.75482 6.594961 -177.2612 -29.5457 6.080048 -177.3488 -30.09992 6.577194 -178.0753 -30.09992 6.577194 -178.5907 -31.02702 6.577194 -180.205 -30.94245 6.577194 -180.5964 -29.74935 6.577194 -179.4949 -28.65745 6.577194 -177.7042 -29.90278 6.577194 -179.0099 -28.0284 6.577194 -181.2166 -29.29156 6.577194 -181.2393 -30.64552 6.577194 -179.4129 -31.9988 6.577194 -178.1241 -31.58311 6.577194 -217.9653 36.07398 12.08224 -217.8462 36.25009 11.57722 -217.5064 40.45674 12.04705 -215.5842 38.49912 11.63021 -219.5302 39.04496 11.58705 -217.8462 36.97509 12.07722 -217.7728 39.24571 12.04391 -216.5852 38.0614 12.07722 -216.4427 38.43971 11.58195 -217.8379 37.0774 11.58182 -218.6622 37.27035 12.07722 -219.1043 38.73137 12.07721 -217.2271 39.44631 12.07722 -216.175 37.88874 12.07722 -217.6461 36.9909 12.07722 -217.1721 36.36714 12.07722 -218.5195 36.36682 12.07722 -219.8074 37.85784 12.07722 -219.1921 39.7295 12.07722 -216.6595 39.85996 12.07722 -215.8551 38.0614 12.07722 -217.9081 37.11947 11.83205 -216.5121 38.11047 11.57857 -216.5384 37.80881 12.07515 -217.9152 36.37422 11.82597 -215.613 38.05616 11.56725 -215.7969 37.82573 12.07487 -215.8488 38.35008 11.57722 -216.5751 38.35008 11.57722 -217.0907 39.27719 11.57722 -218.1295 39.49324 11.57722 -218.972 38.84868 11.57722 -218.6544 37.26393 11.57722 -217.0612 37.24538 11.57722 -216.2986 38.10954 11.57722 -217.5099 36.27857 11.57722 -219.5671 37.2309 11.57722 -219.8219 38.56083 11.57722 -218.2554 40.20779 11.57722 -216.6241 39.83329 11.57722 -218.0028 39.69276 3.384792 -219.0849 38.74481 3.517855 -218.5078 37.40112 3.625946 -217.6247 37.57529 3.868898 -216.8048 38.6291 3.669094 -217.5644 37.434 4.111732 -217.7432 36.92132 3.761261 -217.9046 36.94345 3.761261 -217.8494 39.50477 3.761261 -217.7179 37.45413 11.17721 -216.8 38.9111 11.17721 -217.8462 37.05009 11.17721 -218.8009 38.59755 3.577225 -218.4994 37.47181 3.577225 -217.1931 37.47181 3.577225 -216.8302 38.25009 3.577225 -217.7924 39.32449 3.577225 -216.9462 39.80892 13.57722 -216.0462 38.25009 13.57722 -216.9462 36.69123 13.57722 -218.7462 36.69123 13.57722 -219.6462 38.25009 13.57725 -218.7462 39.80892 13.57725 -219.6462 39.28932 12.15723 -219.6462 37.21086 12.15723 -219.6462 39.28932 13.41646 -217.8462 40.32855 12.15723 -217.8462 40.32855 13.41646 -216.0462 39.28932 13.41646 -216.0462 37.21086 13.41646 -216.0462 39.28932 12.15723 -217.8462 36.17163 13.41646 -217.8462 36.17163 12.15723 -216.0462 37.21086 12.15723 -219.6462 37.21086 13.41646 -216.1548 37.63444 13.57722 -218.4618 36.55864 13.57722 -219.6261 38.51836 13.57725 -218.4618 39.94153 13.57725 -216.5267 39.47439 13.57722 -216.5746 39.3171 12.07722 -216.5746 37.18306 12.07722 -217.8462 36.59008 12.07722 -219.1179 37.18306 12.07722 -219.5063 38.25009 12.07722 -218.2008 39.93656 12.07722 -217.9114 39.38723 12.07722 -216.6603 38.27811 12.07722 -217.6519 37.14827 12.07722 -218.7034 37.53092 12.07722 -218.7034 38.96925 12.07722 -217.8462 37.13128 11.36128 -217.3991 38.14472 11.36128 -217.3895 38.17735 12.07722 -217.8462 37.13128 12.07722 -217.8227 40.20866 6.326781 -219.8954 38.51266 6.075525 -216.7133 36.30418 6.088653 -215.8551 38.43876 6.077209 -219.291 36.91432 6.563721 -215.7078 38.10534 6.561294 -219.0415 38.69394 6.077209 -218.5664 37.1118 6.077208 -217.0467 37.25684 6.077209 -216.5852 38.43876 6.077209 -216.175 38.61142 6.077209 -217.6461 39.50927 6.077209 -217.1721 40.13304 6.077209 -218.5195 40.13335 6.077209 -219.8074 38.64234 6.077209 -219.1921 36.77066 6.077209 -217.9492 36.25273 6.077209 -216.1868 37.13368 6.077209 -217.8462 39.52509 6.577209 -216.4282 38.45141 6.584336 -216.632 38.63876 6.077209 -217.8108 39.6264 6.080267 -217.7545 40.56867 6.557106 -216.523 38.02556 6.268131 -217.8078 40.38471 6.074188 -215.8488 38.15008 6.577209 -216.5751 38.15008 6.577209 -217.0907 37.22299 6.577209 -218.705 37.30754 6.577209 -219.0185 38.91185 6.577209 -217.6357 39.50761 6.577209 -216.2042 38.3472 6.577209 -217.5099 40.22161 6.577209 -219.5671 39.26928 6.577209 -219.1711 36.75185 6.577209 -216.6241 36.66688 6.577209 -179.4549 36.03366 12.07811 -179.5377 35.86923 11.58031 -181.2613 39.10965 12.0776 -177.1111 38.22539 12.08999 -177.2079 38.39479 11.59313 -180.4501 40.16456 11.58245 -179.2016 37.31893 12.0512 -177.9361 38.1436 12.07208 -178.5681 38.31618 11.57009 -179.4432 36.85518 11.57296 -180.1622 37.27035 12.07722 -180.613 38.69659 12.07722 -179.3675 39.52491 12.07722 -178.3872 39.09033 12.07722 -178.0854 38.06141 12.07722 -178.132 37.86141 12.07722 -178.7655 37.11501 12.07722 -177.3844 37.86141 12.07722 -178.36 36.51021 12.07722 -180.8598 36.94274 12.07722 -181.2462 38.87469 12.07722 -180.1155 40.09623 12.07722 -178.7707 40.1655 12.07722 -177.3553 38.06141 12.07722 -179.3002 36.8083 11.58641 -178.7635 38.52706 11.86095 -179.3244 36.89386 12.07463 -179.4129 36.36877 11.82367 -177.1063 38.05572 11.56416 -177.2926 37.8252 12.07286 -177.3488 38.35008 11.57722 -178.0753 38.35008 11.57722 -178.5907 39.27719 11.57722 -180.205 39.19264 11.57722 -180.5964 37.99954 11.57722 -180.1544 37.26393 11.57722 -178.5612 37.24538 11.57722 -178.0753 38.1501 11.57722 -177.3488 38.1501 11.57722 -177.8504 36.92245 11.57722 -179.3462 36.25009 11.57722 -181.2166 37.54174 11.57722 -181.2393 38.89568 11.57722 -179.7554 40.20779 11.57722 -178.1241 39.83329 11.57722 -178.0078 38.31833 3.761261 -179.3462 37.0501 3.761261 -180.0643 39.41989 3.761261 -179.5401 36.80794 11.17721 -178.6723 39.395 11.17721 -179.3462 37.0501 11.17721 -178.4463 39.80894 13.57725 -178.4463 36.69125 13.57722 -177.5462 38.25009 13.57722 -180.2462 39.80892 13.57722 -180.2462 36.69123 13.57722 -181.1462 39.28932 13.41646 -181.1462 38.25009 13.57722 -181.1462 37.21086 13.41646 -181.1462 37.21086 12.15723 -179.3462 40.32855 12.15723 -181.1462 39.28932 12.15723 -179.3462 40.32855 13.41646 -177.5462 39.28932 12.15723 -177.7357 37.32022 12.15723 -178.5162 39.6877 12.15723 -177.7863 38.81785 12.15723 -179.3848 40.12052 12.15723 -177.5462 39.28932 13.41646 -177.5462 37.21086 12.15723 -177.5462 37.21086 13.41646 -179.3462 36.17163 12.15723 -179.3462 36.17163 13.41646 -179.6588 36.47744 13.57722 -181.0663 37.71953 13.57722 -180.6657 39.47439 13.57722 -178.7306 39.94155 13.57725 -177.6262 38.78066 13.57722 -178.5162 39.6877 12.07722 -177.7115 37.96184 12.07722 -178.2792 36.97846 12.07722 -180.3127 36.8008 12.07722 -180.981 38.53833 12.07722 -180.4134 39.52172 12.07722 -178.4891 38.96925 12.07722 -178.2938 37.72974 12.07722 -179.5406 37.14827 12.07722 -180.3976 37.86743 12.07722 -179.9057 39.219 12.07722 -179.1198 36.71034 11.36128 -179.4801 36.97941 11.36128 -179.1051 39.42168 11.36128 -179.3462 37.13128 12.07722 -179.3253 39.33361 12.07722 -179.14 36.72854 12.07722 -178.5042 39.47527 11.43375 -178.3099 38.63919 11.11625 -178.5973 37.61003 11.1814 -179.3462 37.0907 11.26924 -180.4739 37.83967 11.17721 -180.4759 38.63299 11.27451 -179.3321 40.21925 6.326992 -181.3359 38.92386 6.076123 -178.6717 36.02929 6.089699 -177.9664 38.58513 6.462902 -181.4326 38.4981 6.57498 -178.7279 36.18906 6.588277 -179.3243 39.30314 6.096668 -178.1244 38.37243 6.117245 -179.774 36.96472 6.590589 -179.3931 39.64053 6.574618 -179.8072 39.51116 6.077209 -180.6212 38.26074 6.077209 -179.5874 36.99811 6.077209 -178.3872 37.40985 6.077209 -178.0854 38.43876 6.077209 -177.3844 38.63876 6.077209 -178.6721 40.13304 6.077209 -179.688 40.22068 6.077209 -181.3074 38.64234 6.077209 -180.6921 36.77066 6.077209 -178.1595 36.64021 6.077209 -177.3553 38.43876 6.077209 -179.4113 39.36881 6.325441 -177.9406 38.42687 6.580201 -178.0259 38.70316 6.07481 -177.3488 38.1501 6.577209 -178.0753 38.1501 6.577209 -178.5907 37.22299 6.577209 -180.205 37.30755 6.577209 -180.5964 38.50064 6.577209 -180.1544 39.23626 6.577209 -178.5612 39.2548 6.577209 -178.0753 38.35008 6.577209 -177.3488 38.35008 6.577209 -178.6831 40.13695 6.577209 -180.0233 40.132 6.577209 -181.2166 38.95845 6.577209 -181.2393 37.60449 6.577209 -179.7554 36.29239 6.577209 -178.1241 36.6669 6.577209 -217.9441 -40.43253 12.08133 -217.8462 -40.24991 11.57718 -217.6512 -35.90246 12.05624 -215.4802 -37.89178 11.62371 -219.7547 -37.90245 11.57884 -217.7524 -39.16967 12.05686 -216.4791 -38.32402 12.07176 -216.5751 -38.1499 11.57718 -218.1093 -36.8502 11.56174 -217.9086 -39.64136 11.57343 -219.0415 -38.69377 12.07718 -218.6303 -37.1618 12.07718 -217.0467 -37.25667 12.07718 -216.5852 -38.43858 12.07718 -216.1751 -38.61125 12.07718 -217.6461 -39.50911 12.07718 -217.1721 -40.13287 12.07718 -218.5195 -40.1332 12.07718 -219.7115 -38.97143 12.07718 -219.7462 -37.62532 12.07718 -218.6155 -36.40379 12.07718 -216.6595 -36.64004 12.07718 -215.8551 -38.43858 12.07718 -217.9153 -40.12561 11.82593 -215.613 -38.44384 11.56722 -215.7969 -38.67427 12.07483 -215.8488 -38.1499 11.57718 -217.4611 -36.96395 11.57718 -218.8532 -37.46785 11.57718 -219.0352 -38.71029 11.57718 -217.795 -39.59727 11.57718 -216.5751 -38.34992 11.57718 -215.8488 -38.34992 11.57718 -216.8752 -39.99839 11.57718 -219.3664 -39.54963 11.57718 -219.6001 -37.28866 11.57718 -217.9129 -36.25102 11.57718 -216.3702 -36.90025 11.57718 -218.8929 -38.21056 3.687619 -217.2789 -38.98294 3.652574 -216.8051 -37.87099 3.669254 -217.7885 -39.88254 4.144552 -217.0373 -37.18149 3.76123 -217.8201 -39.53522 3.76123 -218.1225 -39.70253 3.761231 -217.8462 -39.44992 11.17717 -218.0897 -37.16052 11.17717 -217.7998 -39.60149 11.17717 -218.3542 -37.37007 3.577179 -218.8009 -38.59741 3.577179 -217.8784 -39.31627 3.577179 -216.9664 -38.7579 3.577179 -217.1345 -37.44622 3.577179 -216.0462 -37.2107 13.41644 -216.0462 -38.24992 13.57719 -218.7462 -36.69107 13.57719 -217.8462 -36.17147 13.41644 -216.9462 -36.69107 13.57719 -217.8462 -40.32839 13.41644 -216.9462 -39.80876 13.57719 -219.6462 -38.24992 13.57719 -219.6462 -37.2107 13.41644 -219.6462 -39.28915 13.41644 -218.7462 -39.80876 13.57719 -219.6462 -39.28915 12.15718 -216.0462 -37.2107 12.15718 -217.8462 -36.17147 12.15718 -216.2964 -37.1597 12.15718 -216.2964 -39.34014 12.15718 -219.6462 -37.2107 12.15718 -218.7646 -39.66996 12.15718 -219.5311 -38.3601 12.15718 -218.6762 -36.81231 12.15718 -216.0462 -39.28915 12.15718 -216.0462 -39.28915 13.41644 -217.8462 -40.32839 12.15718 -216.1548 -38.86555 13.57719 -218.0171 -40.13678 13.57719 -219.6261 -38.5182 13.57719 -218.4618 -36.55847 13.57719 -216.4774 -36.95018 13.57719 -217.3992 -36.57221 12.10385 -216.2902 -38.99377 12.11718 -216.6636 -37.01796 12.15718 -216.7586 -36.87996 12.07718 -216.5746 -39.31695 12.07718 -217.8462 -39.90991 12.07718 -219.4061 -38.81768 12.07718 -219.4061 -37.68215 12.07718 -218.6762 -36.81231 12.07718 -216.9499 -37.49783 12.07718 -216.7948 -38.63257 12.07718 -217.4635 -39.30126 12.07718 -218.7034 -38.96908 12.07718 -218.8975 -37.86727 12.07718 -218.0406 -37.1481 12.07718 -216.8863 -37.30577 11.36125 -217.8462 -39.36874 11.36125 -217.8622 -39.27677 11.36125 -217.8462 -39.36874 12.07718 -218.7341 -37.37763 12.07718 -217.3276 -39.94505 12.07718 -217.951 -36.04904 6.074405 -218.0387 -35.88193 6.568701 -219.2821 -39.78524 6.075508 -215.6094 -38.15076 6.051262 -218.8917 -40.05778 6.570358 -215.6734 -38.40545 6.55455 -217.8462 -36.97491 6.077194 -219.0484 -38.53687 6.079298 -216.4629 -38.17664 6.068967 -216.986 -38.1035 6.545442 -217.9108 -36.85395 6.572075 -218.8191 -37.42584 6.077194 -218.8329 -39.05763 6.077194 -218.0874 -39.5019 6.077194 -216.8872 -39.09016 6.077194 -216.5852 -38.06124 6.077194 -216.2212 -37.87451 6.077194 -217.4509 -37.03775 6.077194 -217.1721 -36.36697 6.077194 -219.3598 -36.94258 6.077194 -219.8249 -38.54077 6.077194 -218.2888 -40.20034 6.077194 -216.6595 -39.8598 6.077194 -215.8551 -38.06124 6.077194 -217.9551 -37.1875 6.323641 -216.5023 -38.11748 6.57722 -216.5625 -37.83182 6.078803 -216.5229 -38.47434 6.26811 -217.7545 -35.93133 6.557088 -217.8078 -36.11529 6.074169 -216.3014 -38.39046 6.577194 -217.0907 -39.27703 6.577194 -218.5992 -39.36597 6.577194 -219.0352 -37.78955 6.577194 -217.795 -36.90258 6.577194 -216.5751 -38.1499 6.577194 -215.8488 -38.1499 6.577194 -216.8752 -36.50144 6.577194 -219.3664 -36.9502 6.577194 -219.6001 -39.21116 6.577194 -217.5684 -40.23053 6.577194 -179.4549 -40.46634 12.07807 -179.5377 -40.63077 11.58027 -181.2451 -37.34182 12.07778 -178.7706 -36.33451 12.07718 -177.3551 -38.43858 12.07718 -177.1082 -37.94078 11.64019 -181.075 -37.05801 11.57934 -179.2524 -39.16967 12.05686 -177.9793 -38.32403 12.07174 -179.6092 -36.85015 11.56173 -179.4086 -39.64136 11.57343 -180.3191 -39.07399 12.07718 -180.3329 -37.44222 12.07718 -178.9326 -37.04391 12.07718 -178.0854 -38.43858 12.07718 -177.6842 -38.60987 12.07718 -178.951 -39.46208 12.07718 -178.36 -39.9898 12.07718 -180.8598 -39.55727 12.07718 -181.325 -37.95907 12.07718 -180.4196 -36.56233 12.07718 -178.1595 -36.64003 12.07718 -179.3462 -39.52492 11.57718 -177.9283 -38.45124 11.57005 -178.132 -38.63859 12.07718 -179.3108 -39.62625 12.07412 -179.3874 -40.15829 11.82656 -177.0651 -38.49501 11.55942 -177.2613 -38.70413 12.07433 -177.3488 -38.1499 11.57718 -178.0753 -38.1499 11.57718 -179.0234 -36.93981 11.57718 -180.5577 -37.85238 11.57718 -180.1752 -39.31013 11.57718 -178.5612 -39.25462 11.57718 -177.7987 -38.39048 11.57718 -179.0099 -40.22143 11.57718 -181.2166 -38.95827 11.57718 -181.2393 -37.60431 11.57718 -179.4129 -36.25102 11.57718 -178.1241 -36.66672 11.57718 -179.2555 -39.53639 3.761231 -179.3462 -39.44992 3.76123 -180.0676 -37.3903 3.761231 -179.5762 -39.70609 11.17717 -178.7335 -37.22174 11.17717 -179.3462 -39.44992 11.17717 -178.4463 -36.69107 13.57719 -177.5462 -37.21068 13.41644 -178.4463 -39.80874 13.57719 -177.5462 -38.24991 13.57719 -180.2462 -36.69107 13.57719 -181.1462 -38.24992 13.57719 -180.2462 -39.80876 13.57719 -181.1462 -37.2107 13.41644 -181.1462 -39.28915 12.15718 -179.3462 -36.17145 12.15718 -181.1462 -37.2107 12.15718 -179.3462 -36.17145 13.41644 -177.5462 -37.21068 12.15718 -179.4153 -36.36675 12.15718 -177.6495 -39.07554 12.15718 -179.2637 -40.12158 12.15718 -178.5162 -36.8123 12.15718 -180.4134 -39.52156 12.15718 -180.981 -37.96166 12.15718 -179.3462 -40.32837 12.15718 -177.5462 -39.28915 12.15718 -177.5462 -39.28915 13.41644 -181.1462 -39.28915 13.41644 -179.3462 -40.32837 13.41644 -177.9673 -39.40694 13.57719 -179.0336 -40.02256 13.57719 -180.9828 -39.18232 13.57719 -180.6657 -37.0256 13.57719 -179.6588 -36.47727 13.57719 -177.5663 -37.98162 13.57719 -178.2239 -36.84261 13.57719 -179.0153 -36.57141 12.07718 -177.7863 -37.68215 12.07718 -177.7863 -38.81768 12.07718 -178.5162 -39.68752 12.07718 -180.4134 -39.52156 12.07718 -180.981 -37.96166 12.07718 -180.4134 -36.9783 12.07718 -179.0685 -37.13978 12.07718 -178.2444 -38.05564 12.07718 -178.4891 -38.96907 12.07718 -179.7289 -39.30126 12.07718 -180.5295 -38.16632 12.07718 -179.4571 -39.58218 11.36125 -179.7727 -38.35148 11.36125 -179.4075 -39.48658 12.07718 -179.7838 -38.33862 12.07718 -179.4188 -36.06781 6.075771 -179.3462 -36.24992 6.577194 -180.9757 -39.44517 6.088403 -177.1729 -38.14393 6.072449 -181.4069 -37.94719 6.575486 -177.3044 -38.41573 6.554611 -179.1304 -37.39935 6.091654 -177.9366 -38.15217 6.071806 -177.8941 -38.46709 6.573937 -179.3175 -37.10865 6.548622 -180.3191 -37.42584 6.077194 -180.3329 -39.05763 6.077194 -178.9326 -39.45593 6.077194 -178.0854 -38.06124 6.077194 -177.6842 -37.88996 6.077194 -178.951 -37.03775 6.077194 -178.36 -36.51002 6.077194 -180.8598 -36.94258 6.077194 -181.325 -38.54077 6.077194 -179.7888 -40.20034 6.077194 -178.4519 -40.03885 6.077194 -177.3551 -38.06124 6.077194 -179.3462 -36.97491 6.577194 -178.0157 -38.10433 6.579195 -178.132 -37.86125 6.077194 -179.2927 -36.82711 6.068909 -179.3874 -36.34154 6.327816 -177.0651 -38.00481 6.594955 -177.2613 -37.7957 6.080045 -177.3488 -38.34992 6.577194 -178.0753 -38.34992 6.577194 -178.5907 -39.27701 6.577194 -180.205 -39.19245 6.577194 -180.4391 -37.59325 6.577194 -179.7754 -37.04929 6.577194 -178.5612 -37.2452 6.577194 -178.0753 -38.1499 6.577194 -177.3488 -38.1499 6.577194 -178.3752 -36.50143 6.577194 -180.3366 -36.51233 6.577194 -181.2393 -38.89551 6.577194 -179.7554 -40.20763 6.577194 -178.1241 -39.83311 6.577194 -217.7936 28.06398 11.82851 -219.9577 30.01597 12.07803 -217.0926 32.16117 12.06693 -216.4662 29.66508 11.69167 -218.5446 32.02333 11.55839 -217.9242 28.52688 12.07737 -219.0523 30.60669 12.07519 -217.1155 29.50359 11.8937 -218.7975 30.94367 11.58958 -217.8916 28.60955 11.57889 -218.6622 29.02033 12.07722 -219.0954 30.51168 12.07722 -217.4326 31.20609 12.07722 -216.5852 29.81142 12.07722 -216.1751 29.63875 12.07722 -217.6461 28.74088 12.07722 -217.1721 28.11713 12.07722 -218.5195 28.11682 12.07722 -219.8074 29.60783 12.07722 -219.1921 31.4795 12.07722 -217.9492 31.99744 12.07722 -216.1868 31.11649 12.07722 -215.8551 29.81141 12.07722 -217.9082 28.86955 11.83206 -216.5121 29.86049 11.57857 -216.5384 29.55881 12.07515 -217.913 28.11897 11.82366 -215.6062 29.8057 11.56415 -215.7925 29.57521 12.07287 -216.1046 30.05183 11.57722 -217.6945 31.26603 11.57722 -218.705 30.94263 11.57722 -219.0185 29.33833 11.57722 -217.6357 28.74257 11.57722 -216.1367 29.93269 11.57722 -216.8752 28.2516 11.57722 -218.1898 28.02982 11.57722 -219.5671 28.98089 11.57722 -219.8219 30.31083 11.57722 -218.2554 31.95779 11.57722 -216.6241 31.58328 11.57722 -218.0028 31.44275 3.3848 -219.0849 30.49485 3.517857 -218.5157 29.1831 3.640105 -217.1264 30.9185 3.761261 -217.8462 28.80008 3.761261 -218.1614 28.28086 3.761261 -217.8462 28.80008 11.17721 -218.8318 30.55713 11.17721 -217.7432 28.67132 11.17721 -218.7148 30.63179 3.577225 -218.4994 29.2218 3.577225 -217.1931 29.2218 3.577225 -216.8302 30.00009 3.577225 -217.1931 30.77836 3.577225 -216.9462 31.55893 13.57722 -216.0462 31.03932 13.41646 -216.0462 30.00009 13.57722 -217.8462 32.07855 13.41646 -217.8462 27.92163 13.41646 -218.7462 28.44124 13.57722 -216.9462 28.44124 13.57722 -219.6462 31.03932 13.41646 -218.7462 31.55893 13.57722 -219.6462 30.00009 13.57722 -219.6462 28.96085 13.41646 -219.6462 31.03932 12.15723 -219.6462 28.96085 12.15723 -217.8462 32.07855 12.15723 -216.2455 29.03838 12.15723 -217.8462 27.92163 12.15723 -217.2785 28.44019 12.15723 -219.3944 28.92172 12.15723 -216.0462 28.96085 13.41646 -216.0462 31.03932 12.15723 -216.0462 28.96085 12.15723 -216.1548 29.38445 13.57722 -218.4618 28.30862 13.57722 -219.6261 29.73181 13.57722 -219.3336 31.01406 13.57722 -217.5336 31.77274 13.57722 -216.5267 31.22439 13.57722 -217.8462 31.66009 12.07722 -216.5746 31.06712 12.07722 -216.5746 28.93306 12.07722 -217.8462 28.34007 12.07722 -219.1179 28.93305 12.07722 -219.5063 30.00009 12.07722 -218.9132 31.27172 12.07722 -216.7948 30.38274 12.07722 -217.127 29.14302 12.07722 -218.2289 28.94874 12.07722 -218.9651 30.00009 12.07722 -218.052 31.16676 12.07722 -217.8066 28.78769 11.36128 -217.8462 28.88127 11.36128 -218.8535 30.56639 11.36128 -217.8462 28.88127 12.07722 -218.6292 30.81053 12.07722 -217.8167 28.76754 12.07722 -217.99 32.22605 6.075298 -217.8462 32.00009 6.577209 -219.3127 28.49006 6.076651 -215.4961 29.97496 6.037786 -219.9033 29.82878 6.575204 -215.4232 29.59921 6.545686 -217.9242 31.47327 6.07705 -219.0781 29.47619 6.07753 -216.2732 29.97478 6.07671 -216.5751 29.90009 6.577209 -218.6289 28.791 6.571083 -217.8916 31.39062 6.575538 -218.3072 31.26115 6.077209 -219.1212 30.01074 6.077209 -218.0874 28.7481 6.077209 -217.0467 29.00683 6.077209 -216.5852 30.18875 6.077209 -215.8844 30.38876 6.077209 -217.1721 31.88304 6.077209 -218.5195 31.88335 6.077209 -219.8074 30.39233 6.077209 -219.1921 28.52066 6.077209 -216.6595 28.39022 6.077209 -215.8551 30.18876 6.077209 -217.8462 31.27508 6.577209 -216.4282 30.20142 6.58433 -216.632 30.38876 6.077209 -217.8108 31.37641 6.080268 -217.9153 31.87584 6.328456 -215.613 30.19401 6.587171 -215.7969 30.42444 6.079556 -215.8488 29.90009 6.577209 -217.0907 28.97298 6.577209 -218.705 29.05754 6.577209 -219.0185 30.66184 6.577209 -217.6357 31.25761 6.577209 -216.2042 30.09722 6.577209 -217.5099 31.9716 6.577209 -219.5671 31.01928 6.577209 -219.8219 29.68934 6.577209 -218.2554 28.04238 6.577209 -216.6241 28.41688 6.577209 -179.4187 27.818 12.07457 -179.4735 27.68075 11.5776 -181.2903 30.80821 12.07698 -177.1111 29.9754 12.08999 -177.2079 30.14479 11.59313 -180.4691 31.88789 11.58066 -179.4242 28.5269 12.07736 -180.5781 30.52395 12.0769 -177.9792 29.92598 12.0718 -178.0753 30.10009 11.57722 -180.005 31.28932 11.56273 -179.3916 28.60954 11.57889 -180.1622 29.02035 12.07722 -180.613 30.4466 12.07721 -179.3675 31.27492 12.07722 -178.2565 30.66204 12.07722 -178.0854 29.81142 12.07722 -177.6403 29.65306 12.07722 -179.1461 28.74089 12.07722 -178.36 28.26019 12.07722 -180.8598 28.69275 12.07722 -181.325 30.29094 12.07722 -180.4196 31.68768 12.07722 -178.1595 31.60996 12.07722 -177.3553 29.81142 12.07722 -179.4081 28.86946 11.83205 -178.0123 29.86052 11.57857 -178.0385 29.55884 12.07514 -179.3874 28.09164 11.8266 -177.065 29.755 11.55946 -177.2613 29.54587 12.07437 -177.3488 30.10009 11.57722 -178.5907 31.02719 11.57722 -180.205 30.94263 11.57722 -180.5964 29.74954 11.57722 -180.1544 29.01392 11.57722 -178.5612 28.99538 11.57722 -178.0753 29.90009 11.57722 -177.3488 29.90009 11.57722 -177.8504 28.67243 11.57722 -179.3462 28.00009 11.57722 -181.2166 29.29174 11.57722 -181.2393 30.64569 11.57722 -179.7554 31.95779 11.57722 -177.6603 31.07609 11.57722 -179.0757 29.93049 4.284769 -179.3462 31.10822 3.669101 -178.4716 30.33247 4.037343 -179.0204 29.30641 4.205877 -179.998 29.20058 3.658143 -178.8885 30.86731 3.761261 -179.3462 28.80008 3.761261 -179.456 28.59956 3.761261 -179.4046 28.69346 11.1772 -179.7535 31.21043 11.17721 -179.2027 28.63718 11.17721 -179.7402 30.99874 3.577225 -180.2779 29.4622 3.577225 -178.9987 29.04539 3.577225 -178.3029 30.24714 3.577225 -177.5462 30.00009 13.57722 -178.4463 31.55894 13.57722 -180.2462 28.44124 13.57722 -178.4463 28.44124 13.57722 -180.2462 31.55893 13.57722 -181.1462 30.00009 13.57722 -181.1462 28.96085 13.41646 -181.1462 31.03932 13.41646 -181.1462 28.96085 12.15723 -179.3462 32.07855 13.41646 -181.1462 31.03932 12.15723 -179.3462 32.07855 12.15723 -177.7465 30.95479 12.15723 -177.6862 30.00009 12.15723 -178.5162 28.56249 12.15723 -180.4134 28.72845 12.15723 -181.024 29.85329 12.15723 -180.9456 30.98452 12.15723 -177.5462 28.96085 13.41646 -177.5462 28.96085 12.15723 -177.5462 31.03932 12.15723 -177.5462 31.03932 13.41646 -179.3462 27.92163 13.41646 -179.3462 27.92163 12.15723 -181.0663 29.46953 13.57722 -180.6657 31.22439 13.57722 -178.7306 31.69154 13.57722 -177.6262 30.53065 13.57722 -179.058 31.63488 12.07722 -177.9086 30.8301 12.07722 -178.1112 28.76502 12.07722 -180.1762 28.56249 12.07722 -180.981 29.71183 12.07722 -180.6179 31.06712 12.07722 -178.3513 30.64307 12.07721 -178.6748 29.04126 12.07722 -180.3064 29.30357 12.07722 -179.9057 30.969 12.07722 -179.3513 29.06385 11.36128 -179.3462 28.88127 11.36128 -180.6421 29.97471 11.36128 -179.3462 28.88127 12.07722 -180.6406 29.92422 12.07722 -179.4602 29.32044 12.07722 -178.2573 30.39655 11.26909 -180.3367 29.74343 11.23057 -179.9945 31.27468 10.99556 -179.4947 30.91012 11.26365 -179.4188 32.1822 6.075786 -179.4746 32.32188 6.573245 -181.289 29.19007 6.076697 -177.1111 30.02478 6.064436 -180.4754 28.12102 6.570565 -177.2079 29.85539 6.561297 -179.3248 31.05413 6.103251 -177.9498 30.03905 6.106141 -179.9468 28.76124 6.570324 -179.3932 31.39042 6.578988 -180.1622 30.97983 6.077209 -180.6043 29.51881 6.07721 -179.147 28.74074 6.077209 -178.2565 29.33814 6.077209 -178.0854 30.18876 6.077209 -178.132 30.38876 6.077209 -178.7655 31.13517 6.077209 -177.3844 30.38876 6.077209 -178.36 31.73997 6.077209 -180.8598 31.30743 6.077209 -181.325 29.70924 6.077209 -180.4196 28.3125 6.077209 -178.1595 28.39022 6.077209 -177.3553 30.18876 6.077209 -179.415 31.87628 6.328447 -177.1131 30.19399 6.587173 -177.2969 30.42444 6.079562 -177.3488 29.90009 6.577209 -178.0753 29.90009 6.577209 -178.5907 28.97298 6.577209 -180.205 29.05754 6.577209 -180.5964 30.25064 6.577209 -180.1544 30.98625 6.577209 -178.5612 31.00478 6.577209 -178.0753 30.10009 6.577209 -177.3488 30.10009 6.577209 -177.8504 31.32775 6.577209 -179.3462 32.00009 6.577209 -181.2166 30.70844 6.577209 -181.2393 29.35449 6.577209 -179.7554 28.04238 6.577209 -178.1241 28.41688 6.577209 -217.951 -48.70079 12.07997 -217.8462 -48.4999 11.57718 -219.3542 -45.02627 12.07796 -215.6301 -46.54411 12.11746 -215.5124 -46.15104 11.62653 -219.864 -46.38873 11.57838 -218.0374 -47.9391 12.07457 -216.5553 -46.599 12.05799 -216.5159 -46.29856 11.58458 -218.0986 -48.06393 11.59402 -218.6622 -47.47965 12.07718 -219.1212 -46.51056 12.07718 -218.0874 -45.24793 12.07718 -216.8872 -45.65967 12.07718 -216.5852 -46.68859 12.07718 -216.2212 -46.87531 12.07718 -217.4509 -47.71208 12.07718 -217.1721 -48.38286 12.07718 -219.1143 -48.0466 12.07718 -219.8074 -46.89216 12.07718 -219.1921 -45.02049 12.07718 -216.6595 -44.89005 12.07718 -215.8551 -46.68859 12.07718 -216.5229 -46.27545 11.88626 -217.7545 -48.81848 11.59728 -217.8078 -48.63453 12.0802 -215.8488 -46.3999 11.57718 -216.5751 -46.3999 11.57718 -217.0907 -45.4728 11.57718 -218.705 -45.55737 11.57718 -219.0352 -46.96028 11.57718 -218.2754 -47.70053 11.57718 -217.0612 -47.50461 11.57718 -216.5751 -46.59992 11.57718 -215.8488 -46.59992 11.57718 -216.8752 -48.24839 11.57718 -218.1898 -48.47016 11.57718 -219.567 -47.5191 11.57718 -219.1711 -45.00167 11.57718 -216.6241 -44.91672 11.57718 -217.7236 -45.52282 3.836183 -218.6174 -46.23743 3.8125 -218.3542 -47.37975 3.577179 -217.5591 -47.30111 3.811478 -218.8313 -46.21242 3.977245 -217.5956 -48.08963 3.76123 -217.8462 -47.69989 3.76123 -218.8138 -45.73588 3.766354 -217.9248 -47.83597 11.18125 -216.9307 -45.7088 11.17717 -217.8462 -47.6999 11.17717 -218.8622 -46.49991 3.577179 -217.1931 -47.27817 3.577179 -216.8302 -46.49991 3.577179 -217.8462 -45.42234 3.577179 -216.0462 -46.49991 13.57719 -216.9462 -44.94107 13.57719 -218.7462 -48.05875 13.57718 -218.7462 -44.94107 13.57719 -219.6462 -46.49991 13.57719 -219.6462 -47.53913 13.41644 -219.6462 -45.46068 13.41644 -219.6462 -47.53913 12.15718 -217.8462 -44.42144 13.41644 -219.6462 -45.46068 12.15718 -216.0462 -45.46068 13.41644 -217.8462 -44.42144 12.15718 -216.2692 -45.51768 12.15718 -216.2115 -46.78817 12.15718 -217.4005 -48.17145 12.15718 -219.3875 -47.55927 12.15718 -216.0462 -47.53913 13.41644 -216.0462 -45.46068 12.15718 -216.0462 -47.53913 12.15718 -217.8462 -48.57836 12.15718 -217.8462 -48.57836 13.41644 -216.9462 -48.05875 13.57718 -216.1548 -47.11553 13.57719 -218.4618 -48.19136 13.57718 -219.6261 -46.23163 13.57719 -218.4618 -44.80846 13.57719 -216.5267 -45.2756 13.57719 -216.5746 -45.43288 12.07718 -216.5746 -47.56693 12.07718 -217.8462 -48.15991 12.07718 -219.1179 -47.56693 12.07718 -219.4061 -45.93215 12.07718 -218.6762 -45.06231 12.07718 -217.4635 -45.44857 12.07718 -216.7948 -46.11726 12.07718 -217.127 -47.35697 12.07718 -218.4358 -47.52083 12.07718 -218.948 -46.30563 12.07718 -218.4056 -45.53099 12.07718 -216.6382 -46.4548 11.36125 -217.8403 -47.65031 11.36125 -217.9518 -47.82844 11.36125 -218.8928 -45.91504 11.36125 -217.9978 -47.71572 12.07718 -216.7279 -45.98852 12.07718 -217.8321 -47.69362 12.07718 -179.4187 -48.68199 12.07453 -179.4735 -48.81924 11.57756 -181.2753 -45.64536 12.0771 -178.7706 -44.5845 12.07718 -177.3551 -46.68859 12.07718 -177.0748 -46.15559 11.60951 -181.1047 -45.34258 11.57829 -179.5373 -47.93904 12.07451 -178.0555 -46.59903 12.05795 -178.0161 -46.29861 11.58454 -179.5986 -48.06396 11.59398 -180.3191 -47.32398 12.07718 -180.3329 -45.6922 12.07718 -179.5874 -45.24791 12.07718 -178.3872 -45.65967 12.07718 -178.0854 -46.68859 12.07718 -177.6842 -46.85986 12.07718 -178.951 -47.71207 12.07718 -178.36 -48.2398 12.07718 -180.8598 -47.80725 12.07718 -181.325 -46.20906 12.07718 -179.7888 -44.54949 12.07718 -177.9019 -45.11643 12.07718 -179.3462 -47.7749 11.57718 -177.9283 -46.70124 11.57005 -178.132 -46.88858 12.07718 -179.3108 -47.87623 12.07412 -179.3874 -48.40827 11.82656 -177.0651 -46.745 11.55942 -177.2613 -46.95412 12.07433 -177.3488 -46.3999 11.57718 -178.0753 -46.3999 11.57718 -178.5907 -45.4728 11.57718 -179.6295 -45.25675 11.57718 -180.5577 -46.10237 11.57718 -180.1752 -47.5601 11.57718 -178.5612 -47.50461 11.57718 -178.0753 -46.59992 11.57718 -177.3488 -46.59992 11.57718 -177.8504 -47.82755 11.57718 -179.3462 -48.4999 11.57718 -181.2166 -47.20825 11.57718 -180.6711 -45.00167 11.57718 -178.1241 -44.91672 11.57718 -179.9994 -45.72163 3.577179 -180.29 -47.01171 3.577179 -179.1698 -47.50044 3.577179 -178.3302 -46.4999 3.577179 -178.9987 -45.5452 3.577179 -178.4463 -44.94107 13.57719 -177.5462 -45.46067 13.41644 -178.4463 -48.05872 13.57718 -177.5462 -46.4999 13.57719 -180.2462 -48.05872 13.57718 -180.2462 -44.94107 13.57719 -181.1462 -46.4999 13.57718 -181.1462 -45.46067 13.41644 -179.3462 -44.42144 13.41644 -179.3462 -44.42144 12.15718 -177.5462 -45.46067 12.15718 -177.5462 -47.53913 12.15718 -179.3462 -48.57836 12.15718 -181.1462 -45.46067 12.15718 -178.2792 -45.22827 12.15718 -177.6862 -46.4999 12.15718 -178.5162 -47.93751 12.15718 -180.2843 -47.90389 12.15718 -181.0524 -46.4999 12.15718 -180.4134 -45.22827 12.15718 -179.3462 -48.57836 13.41644 -177.5462 -47.53913 13.41644 -181.1462 -47.53913 13.41644 -181.1462 -47.53913 12.15718 -177.9673 -47.65691 13.57719 -179.9618 -48.19136 13.57718 -181.0663 -47.03047 13.57718 -180.6657 -45.27559 13.57719 -179.6588 -44.72726 13.57718 -177.5663 -46.23162 13.57719 -178.2239 -45.09261 13.57719 -178.2792 -45.22827 12.07718 -177.6862 -46.4999 12.07718 -178.5162 -47.93751 12.07718 -179.7421 -48.16198 12.07718 -180.981 -46.78816 12.07718 -180.4134 -45.22827 12.07718 -178.4891 -45.78075 12.07718 -178.4891 -47.21905 12.07718 -179.4573 -47.63471 12.07718 -180.5281 -46.53138 12.07718 -179.7289 -45.44857 12.07718 -178.2171 -46.06354 11.36125 -179.2886 -47.7346 11.36125 -179.3462 -47.61871 11.36125 -180.4826 -46.01085 11.36122 -179.3462 -47.61871 12.07718 -180.4944 -45.98952 12.07718 -178.2393 -46.08394 12.07718 -179.2474 -47.81741 12.07718 -176.1392 -59.19837 10.07881 -176.1724 -59.30819 9.581184 -178.0124 -56.17846 10.07797 -175.5207 -55.14073 10.07719 -173.8744 -56.76053 9.63276 -177.7797 -55.81497 9.58076 -177.3538 -57.5511 10.07719 -176.7491 -55.96094 10.07719 -175.1372 -56.21591 10.07719 -174.8354 -57.24481 10.07719 -174.4712 -57.43154 10.07719 -175.701 -58.26831 10.07719 -175.4221 -58.9391 10.07719 -177.8109 -58.08571 10.07719 -177.675 -55.82839 10.07719 -176.5388 -55.10572 10.07719 -174.9095 -55.44627 10.07719 -174.1051 -57.24481 10.07719 -174.0988 -56.95613 9.577195 -174.8253 -56.95613 9.577195 -175.1764 -56.17314 9.577195 -176.3795 -55.81298 9.577195 -177.3077 -56.6586 9.577195 -176.7241 -58.16584 9.577195 -175.3112 -58.06085 9.577195 -174.5487 -57.19672 9.577195 -175.7599 -59.02766 9.577195 -177.0866 -58.79373 9.577195 -178.0605 -57.43259 9.577195 -177.144 -55.35253 9.577195 -175.4822 -55.1527 9.577195 -175.1963 -55.49729 11.57718 -174.2962 -57.05613 11.57718 -174.2962 -58.09537 11.41641 -176.9962 -55.49729 11.57718 -176.0962 -54.97769 11.41641 -177.8962 -56.01692 11.41643 -177.8962 -57.05613 11.57718 -176.9962 -58.61499 11.57718 -177.8962 -56.01692 10.15718 -174.2962 -56.01692 10.15718 -176.0962 -54.97769 10.15718 -174.555 -55.99677 10.15718 -174.2962 -58.09537 10.15718 -177.8962 -58.09537 10.15718 -174.977 -58.35427 10.15718 -177.1634 -58.32777 10.15718 -177.731 -56.76787 10.15718 -177.6934 -56.0428 10.15718 -174.2962 -56.01692 11.41641 -176.0962 -59.13459 11.41641 -177.8962 -58.09537 11.41641 -176.0962 -59.13459 10.15718 -175.1963 -58.61499 11.57718 -174.3235 -57.36871 11.57718 -176.7119 -58.7476 11.57718 -177.8761 -56.78786 11.57718 -176.7119 -55.3647 11.57718 -177.6469 -57.85387 10.13432 -177.8695 -56.57939 10.07719 -176.5752 -55.40509 10.1229 -176.0962 -55.39614 10.07719 -174.8246 -55.98911 10.07719 -174.8246 -58.12317 10.07719 -175.8079 -58.69093 10.07719 -177.1634 -58.32777 10.07719 -177.6562 -56.48838 10.07719 -175.3126 -56.16572 10.07719 -175.2393 -57.7753 10.07719 -176.0962 -58.17497 10.07719 -176.9534 -57.7753 10.07719 -176.9996 -56.32151 10.07719 -174.9225 -56.79369 9.361222 -176.0962 -58.17497 9.361222 -177.2822 -56.77965 9.361222 -177.1553 -56.39703 10.07719 -175.6507 -58.78747 10.07719 -176.2153 54.88026 10.08228 -176.3212 54.72664 9.593814 -176.1272 59.4306 10.05975 -174.7901 56.52127 9.604089 -176.1019 59.20547 9.564517 -176.0819 55.93202 10.07044 -174.7291 56.98224 10.07183 -174.6113 57.32316 9.59166 -176.2206 55.69436 9.597463 -177.0691 56.23226 10.07721 -177.3539 57.26608 10.07721 -176.1175 58.33119 10.07721 -175.0065 57.71831 10.07721 -174.8354 56.86767 10.07721 -174.5117 56.6663 10.07721 -175.5155 55.92128 10.07721 -175.9152 54.96172 10.07721 -177.9616 56.33483 10.07721 -177.4421 58.53578 10.07721 -174.9095 58.66623 10.07721 -174.1051 56.86767 10.07721 -176.0502 55.61457 9.586419 -175.5135 57.33329 9.860932 -176.0744 55.70013 10.07462 -175.951 54.67586 9.600555 -174.7217 57.16601 9.872138 -176.0304 54.8828 10.08193 -174.0988 57.15635 9.577225 -174.8274 57.35832 9.577225 -176.5823 58.31187 9.577225 -177.3296 56.50949 9.577227 -175.6811 55.85082 9.577225 -174.4548 56.9595 9.577225 -175.4331 55.16949 9.577225 -177.0866 55.31876 9.577225 -178.0605 56.6799 9.577225 -177.8502 58.0176 9.577225 -176.5054 59.01407 9.577225 -174.4103 58.13234 9.577225 -174.2962 57.05636 11.57724 -174.2962 56.01712 11.41647 -175.1963 55.49751 11.57724 -176.0962 59.13483 11.41647 -175.1963 58.6152 11.57724 -176.9962 55.49751 11.57724 -176.9962 58.6152 11.57724 -177.8962 57.05636 11.57724 -177.8962 56.01712 11.41647 -177.8962 56.01712 10.15723 -177.8962 58.09558 11.41647 -177.8962 58.09558 10.15723 -174.2962 58.09558 11.41647 -174.2962 58.09558 10.15723 -176.0962 59.13483 10.15723 -174.4714 57.96454 10.15723 -176.0001 55.1783 10.15724 -177.7925 57.87177 10.15723 -174.4615 56.76808 10.15723 -177.1634 55.78471 10.15723 -176.0962 54.97791 10.15723 -174.2962 56.01712 10.15723 -176.0962 54.97791 11.41647 -174.7173 55.89933 11.57724 -176.7119 55.36489 11.57724 -177.8761 56.78807 11.57724 -177.5836 58.07033 11.57724 -176.4088 58.82901 11.57724 -174.3163 57.32463 11.57724 -174.7767 58.28066 11.57724 -176.0962 58.71634 10.07721 -174.6586 57.88635 10.07721 -174.8246 55.98931 10.07721 -176.0962 55.39635 10.07721 -177.1634 55.78471 10.07721 -177.731 56.76808 10.07721 -177.1634 58.32798 10.07721 -175.0173 56.57953 10.07721 -176.6887 56.03038 10.07721 -177.1476 57.43902 10.07721 -175.8627 58.21931 10.07721 -176.0874 55.86373 9.361283 -176.0962 55.93753 9.361283 -176.5784 57.77427 9.361283 -176.636 55.30343 10.07721 -175.5008 58.07645 10.07721 -176.0837 55.84495 10.07721 -191.2019 -59.25937 10.07172 -191.0962 -59.05615 9.577195 -190.8634 -54.90789 10.04459 -189.1051 -57.24483 10.07719 -193.1143 -56.81022 9.583831 -188.8722 -56.84868 9.610753 -192.2915 -57.5 10.07719 -192.0829 -56.24845 10.07719 -191.1175 -55.78131 10.07719 -190.1372 -56.21591 10.07719 -189.8352 -57.24483 10.07719 -189.5227 -57.44889 10.07719 -190.8961 -58.31536 10.07719 -191.0962 -59.05615 10.07719 -192.6098 -58.36348 10.07719 -192.8616 -56.11614 10.07719 -190.8563 -55.07058 10.07719 -189.2704 -56.23963 10.07719 -190.1963 -55.49732 11.57718 -189.2962 -57.05613 11.57718 -189.2962 -58.09538 11.41641 -190.1963 -58.61499 11.57718 -191.0962 -59.13459 11.41641 -191.9962 -58.61499 11.57718 -191.9962 -55.49732 11.57718 -192.8962 -57.05613 11.57718 -192.8962 -58.09538 11.41641 -192.8962 -56.01692 11.41641 -191.0962 -54.97769 11.41641 -191.0962 -54.97769 10.15718 -192.8962 -56.01692 10.15718 -189.2962 -56.01692 11.41641 -189.2962 -56.01692 10.15718 -191.0962 -59.13459 10.15718 -192.8962 -58.09538 10.15718 -190.9852 -55.17245 10.15718 -189.4362 -57.05613 10.15718 -190.2662 -58.49376 10.15718 -192.0525 -58.4518 10.15718 -192.7781 -56.92933 10.15718 -192.1634 -55.78453 10.15718 -189.2962 -58.09538 10.15718 -189.4048 -57.67179 11.57718 -190.7836 -58.82881 11.57718 -192.8761 -57.32443 11.57718 -192.2185 -58.46346 11.57718 -191.7118 -55.3647 11.57718 -189.7274 -55.75645 11.57718 -190.8079 -55.42137 10.07719 -189.4362 -57.05613 10.07719 -190.2662 -58.49376 10.07719 -192.1634 -58.32777 10.07719 -192.7781 -56.92933 10.07719 -192.1634 -55.78453 10.07719 -190.7135 -56.00482 10.07719 -189.9173 -57.05614 10.07719 -190.7135 -58.10749 10.07719 -191.6556 -58.02508 10.07719 -192.2318 -56.98185 10.07719 -191.8154 -56.1991 10.07719 -191.1668 54.87639 10.07797 -191.2393 54.86368 9.596649 -193.0325 57.81678 10.07752 -188.9502 57.04153 10.12208 -189.0988 57.15635 9.577225 -190.9465 59.22785 9.568306 -191.0019 56.04203 10.05373 -189.8268 56.90003 10.07431 -189.6211 57.33863 9.61413 -191.1671 55.77349 9.590124 -192.1507 56.2192 10.07721 -192.0829 57.86405 10.07721 -190.6826 58.26235 10.07721 -189.8354 56.86767 10.07721 -189.3826 56.72417 10.07721 -190.701 55.84418 10.07721 -189.5812 55.75074 10.07721 -191.7695 55.17308 10.07721 -193.0574 56.6641 10.07721 -192.1696 58.74394 10.07721 -190.5207 58.97176 10.07721 -189.1051 56.86767 10.07721 -191.0502 55.61456 9.586419 -190.5135 57.3333 9.860938 -191.0744 55.70013 10.07462 -191.1375 55.14805 9.826595 -188.8151 56.81125 9.559463 -189.0113 56.60212 10.07436 -189.8253 57.15635 9.577225 -191.1002 58.40562 9.577225 -192.3077 57.45388 9.577225 -192.0609 56.22267 9.577225 -190.8858 55.79883 9.577225 -189.4542 56.95921 9.577225 -190.7599 55.08483 9.577225 -192.9666 56.34799 9.577225 -192.9893 57.70194 9.577225 -191.1629 59.05524 9.577225 -189.8741 58.63956 9.577225 -190.1963 58.61518 11.57724 -189.2962 57.05635 11.57724 -189.2962 56.01712 11.41647 -190.1963 55.49751 11.57724 -191.9962 55.49751 11.57722 -191.9962 58.61518 11.57722 -192.8962 56.01712 11.41647 -192.8962 57.05635 11.57722 -192.8962 58.09558 10.15723 -192.8962 56.01712 10.15723 -192.8962 58.09558 11.41647 -191.0962 59.13481 11.41647 -189.2962 58.09558 11.41647 -191.0962 59.13481 10.15723 -189.4761 58.0002 10.15723 -191.0962 54.97789 10.15723 -192.6755 58.05011 10.15723 -190.0636 55.64318 10.15723 -192.1634 55.78471 10.15723 -192.731 56.76808 10.15723 -189.2962 56.01712 10.15723 -189.2962 58.09558 10.15723 -191.0962 54.97789 11.41647 -189.4048 56.44072 11.57724 -190.7836 55.28369 11.57724 -192.2185 55.64905 11.57722 -192.8163 57.58691 11.57722 -191.4088 58.82901 11.57722 -189.4745 57.83734 11.57724 -191.0962 58.71634 10.07721 -189.6586 57.88635 10.07721 -190.0636 55.64318 10.07721 -192.1634 55.78471 10.07721 -192.6562 57.6241 10.07721 -191.0962 58.17515 10.07721 -190.1273 57.61575 10.07721 -190.2393 56.33718 10.07721 -191.7135 56.04336 10.07721 -192.0652 57.61575 10.07721 -191.0375 55.82688 9.361272 -191.3986 55.41841 9.361268 -190.7032 58.20246 9.361271 -191.0962 55.93753 10.07721 -192.3427 57.58893 10.07721 -191.0547 55.93333 10.07721 -206.0436 -58.99225 9.828487 -208.1881 -56.8255 10.07186 -205.5207 -55.14075 10.07719 -204.1051 -57.24483 10.07719 -203.9835 -56.83486 9.600982 -208.0705 -56.39438 9.579367 -207.2914 -57.5 10.07719 -207.2987 -56.63232 10.07719 -206.1175 -55.78131 10.07719 -205.1372 -56.21591 10.07719 -204.8352 -57.24483 10.07719 -204.3903 -57.40318 10.07719 -205.8961 -58.31536 10.07719 -205.1098 -58.79605 10.07719 -207.3643 -58.60283 10.07719 -208.0574 -57.44841 10.07719 -207.675 -55.82839 10.07719 -206.1992 -55.05879 10.07719 -204.4368 -55.93973 10.07719 -204.0988 -56.95615 9.577195 -204.8251 -56.95615 9.577195 -205.3407 -56.02904 9.577195 -206.3795 -55.81299 9.577195 -207.3708 -57.08952 9.577195 -206.3141 -58.31241 9.577195 -205.1562 -57.91751 9.577195 -204.8251 -57.15616 9.577195 -204.0988 -57.15616 9.577195 -205.1252 -58.80464 9.577195 -206.4398 -59.02641 9.577195 -207.817 -58.07534 9.577195 -208.0719 -56.7454 9.577195 -206.8356 -55.19786 9.577195 -205.4822 -55.1527 9.577195 -205.7868 -55.85683 2.761231 -206.0179 -58.44102 2.76123 -206.1224 -58.21244 2.76123 -206.1157 -58.35198 9.177186 -206.771 -55.9916 9.177186 -206.0762 -58.20966 9.177185 -205.1962 -55.49732 11.57718 -204.2962 -56.01692 11.41641 -204.2962 -57.05613 11.57718 -204.2962 -58.09538 11.41641 -205.1962 -58.61499 11.57718 -206.9962 -55.49732 11.57718 -206.0962 -59.13459 11.41641 -206.9962 -58.61499 11.57718 -207.8962 -57.05613 11.57718 -207.8962 -58.09538 11.41641 -207.8962 -58.09538 10.15718 -207.8962 -56.01692 11.41641 -206.0962 -54.97769 11.41641 -206.0962 -54.97769 10.15718 -204.499 -58.06943 10.15718 -206.0962 -59.13459 10.15718 -207.8962 -56.01692 10.15718 -205.2662 -55.61856 10.15718 -204.4113 -57.16646 10.15718 -206.6261 -58.70941 10.15718 -207.7563 -57.05613 10.15718 -206.6639 -55.49626 10.15718 -204.2962 -58.09538 10.15718 -204.2962 -56.01692 10.15718 -204.7173 -58.21318 11.57718 -205.7836 -58.82881 11.57718 -207.4157 -58.28047 11.57718 -207.8077 -56.25568 11.57718 -206.0962 -55.25614 11.57718 -204.3761 -56.52559 11.57718 -204.6586 -56.22614 10.07719 -204.6586 -57.88615 10.07719 -206.5483 -58.74329 10.07719 -207.7563 -57.05613 10.07719 -206.5483 -55.36902 10.07719 -205.3384 -56.15307 10.07719 -205.0448 -57.43879 10.07719 -207.2546 -57.29237 10.07719 -206.6556 -56.08723 10.07719 -206.0962 -58.17497 9.361222 -206.5188 -58.75968 9.361222 -205.3217 -56.00468 9.361222 -206.5355 -58.81961 10.07719 -205.4077 -55.9447 10.07719 -206.0962 -58.17497 10.07719 -206.0439 55.11989 9.828498 -208.1432 57.3456 10.07903 -203.858 57.36562 9.640374 -207.9522 57.89322 9.583585 -206.0962 55.78135 10.07721 -207.2762 57.7718 10.07325 -204.7634 56.9047 10.08223 -204.9062 57.19046 9.590208 -206.3754 55.45148 9.59209 -207.0691 56.23226 10.07721 -207.2987 57.48017 10.07721 -205.6879 58.34483 10.07721 -204.8352 56.86767 10.07721 -204.1344 56.66767 10.07721 -205.7541 55.08583 10.07721 -207.3643 55.50965 10.07721 -207.9962 57.68096 10.07721 -206.8655 58.90248 10.07721 -205.5207 58.97176 10.07721 -204.1051 56.86767 10.07721 -206.0962 55.78135 9.577225 -204.7655 56.91075 9.575234 -204.882 56.66767 10.07721 -206.0427 55.6336 10.08549 -206.136 55.14398 9.82545 -203.8077 56.80987 9.556322 -204.0074 56.60148 10.07223 -204.0988 57.15635 9.577225 -204.8251 57.15635 9.577225 -205.1764 57.93934 9.577225 -206.6136 58.29505 9.577225 -207.3296 56.50949 9.577225 -205.681 55.85082 9.577225 -204.8251 56.95634 9.577225 -204.0988 56.95634 9.577225 -204.6004 55.7287 9.577225 -206.0962 55.05635 9.577225 -207.9666 56.34799 9.577225 -207.9893 57.70194 9.577225 -206.1629 59.05524 9.577225 -204.8741 58.63956 9.577225 -205.1962 58.61518 11.57722 -204.2962 57.05635 11.57722 -204.2962 56.01712 11.41647 -206.9962 58.61518 11.57722 -206.0962 59.13481 11.41647 -206.0962 54.97789 11.41647 -205.1962 55.49751 11.57722 -207.8962 57.05635 11.57722 -206.9962 55.49751 11.57722 -207.8962 58.09558 11.41647 -207.8962 58.09558 10.15723 -204.2962 58.09558 10.15723 -206.0962 59.13481 10.15723 -206.1348 58.92678 10.15723 -204.2962 56.01712 10.15723 -206.0563 55.16488 10.15723 -207.7113 57.97127 10.15723 -205.2662 58.49396 10.15723 -204.4615 56.76808 10.15723 -206.664 55.49645 10.15723 -207.731 56.76808 10.15723 -204.2962 58.09558 11.41647 -206.0962 54.97789 10.15723 -207.8962 56.01712 11.41647 -207.8962 56.01712 10.15723 -204.7173 55.89933 11.57722 -205.7836 55.28369 11.57722 -207.8761 56.78807 11.57722 -207.4157 55.83204 11.57722 -207.4157 58.28066 11.57722 -205.7836 58.82901 11.57722 -204.3761 57.58691 11.57722 -205.2662 58.49396 10.07721 -204.4615 56.76808 10.07721 -205.154 55.62091 10.07721 -206.664 55.49645 10.07721 -207.731 56.76808 10.07721 -206.664 58.61622 10.07721 -205.7135 58.1077 10.07721 -204.9774 57.05635 10.07721 -205.4432 56.12358 10.07721 -206.4789 56.005 10.07721 -207.1492 57.60348 10.07721 -206.042 55.75465 9.361268 -206.8186 57.89396 9.361268 -206.5513 58.14135 10.07721 -206.0534 55.77106 10.07721 -221.0821 -59.02539 9.827407 -223.0937 -57.59868 10.07846 -220.3075 -54.92853 10.06868 -218.7667 -56.71741 9.628479 -223.1701 -57.05298 9.580074 -221.1421 -58.48585 10.07672 -221.0453 -55.80648 10.05804 -219.8354 -57.24484 10.07719 -219.6928 -56.86656 9.581941 -221.0666 -57.96029 9.582969 -222.2111 -57.80567 10.07719 -221.9284 -56.09019 10.07719 -220.4804 -55.93973 10.07719 -219.5697 -57.46337 10.07719 -220.7009 -58.26834 10.07719 -221.0962 -59.05616 10.07719 -222.3643 -58.60286 10.07719 -222.8616 -56.11617 10.07719 -221.1992 -55.0588 10.07719 -219.4368 -55.93973 10.07719 -219.1051 -57.24484 10.07719 -220.1962 -55.49732 11.57718 -219.2962 -57.05615 11.57718 -221.0962 -54.97769 11.41641 -220.1962 -58.61499 11.57718 -222.8962 -57.05615 11.57718 -221.9962 -55.49732 11.57718 -221.9962 -58.61499 11.57718 -222.8962 -58.09539 11.41641 -222.8962 -56.01693 11.41641 -222.8962 -56.01693 10.15718 -222.8962 -58.09539 10.15718 -221.0962 -54.97769 10.15718 -219.2962 -56.01692 11.41643 -221.1348 -55.18571 10.15718 -220.2662 -55.61856 10.15718 -219.4615 -57.34442 10.15718 -220.0292 -58.3278 10.15718 -221.664 -58.61605 10.15718 -222.6952 -58.00923 10.15719 -219.2962 -58.09539 11.41641 -219.2962 -58.09539 10.15718 -219.2962 -56.01692 10.15718 -221.0962 -59.13462 11.41641 -221.0962 -59.13462 10.15718 -219.7173 -58.21318 11.57718 -221.7118 -58.74761 11.57718 -222.718 -57.83715 11.57718 -222.718 -56.27518 11.57718 -220.7836 -55.2835 11.57718 -219.3163 -56.78787 11.57718 -220.2662 -55.61856 10.07719 -219.4615 -57.34442 10.07719 -220.5284 -58.61605 10.07719 -222.1632 -58.3278 10.07719 -222.731 -57.34443 10.07719 -221.664 -55.49628 10.07719 -220.7135 -56.00482 10.07719 -219.9373 -56.92426 10.07719 -220.377 -57.91322 10.07719 -221.2906 -58.15798 10.07719 -222.198 -57.25042 10.07719 -221.9534 -56.33701 10.07719 -220.5173 -58.83201 9.361222 -221.1539 -58.29087 9.361222 -222.0217 -56.2224 9.361222 -222.2563 -56.83843 10.07719 -219.9892 -56.63317 10.07719 -221.0962 -58.17497 10.07719 -221.0436 55.12024 9.828514 -223.1671 57.31376 10.07988 -220.2019 58.84527 10.07721 -218.8257 57.34882 9.643065 -223.0354 57.79973 9.584545 -220.8993 56.25318 10.03164 -219.9673 56.83594 10.01912 -219.7157 57.25698 9.581382 -221.1071 55.85375 9.567191 -221.53 55.85742 10.07721 -222.1968 56.4127 10.07721 -221.9284 58.02231 10.07721 -220.4803 58.17275 10.07721 -219.8352 56.86766 10.07721 -220.3445 56.02649 10.07721 -219.1344 56.66767 10.07721 -219.5811 55.75072 10.07721 -221.7695 55.17308 10.07721 -223.0574 56.6641 10.07721 -222.8615 57.99632 10.07721 -221.5388 59.00675 10.07721 -219.1051 56.86766 10.07721 -221.0962 55.78135 9.577225 -219.7655 56.91075 9.575233 -219.882 56.66767 10.07721 -221.0427 55.6336 10.08549 -221.1373 55.14768 9.826601 -218.8152 56.8113 9.559453 -219.0112 56.60212 10.07435 -219.0988 57.15635 9.577225 -219.8251 57.15635 9.577225 -220.1764 57.93934 9.577225 -221.1629 58.32961 9.577225 -222.1032 57.8384 9.577225 -222.1891 56.39968 9.577225 -220.8858 55.79882 9.577225 -219.3867 56.98895 9.577225 -220.1252 55.30786 9.577225 -222.6164 55.75662 9.577225 -223.0719 57.36708 9.577225 -221.5054 59.01403 9.577225 -219.8741 58.63955 9.577225 -220.1962 58.61518 11.57724 -219.2962 57.05635 11.57724 -221.9962 58.61518 11.57722 -221.0962 54.97788 11.41647 -221.9962 55.49749 11.57722 -220.1962 55.49749 11.57724 -222.8962 57.05635 11.57722 -222.8962 56.01711 11.41647 -222.8962 58.09556 11.41647 -221.0962 59.13481 10.15723 -221.0962 59.13481 11.41647 -219.4819 56.09922 10.15723 -221.0962 54.97788 10.15723 -222.8962 56.01711 10.15723 -222.8962 58.09556 10.15723 -220.0291 58.32798 10.15723 -221.2876 55.32495 10.15723 -222.731 56.76808 10.15723 -221.664 58.61622 10.15723 -219.2962 56.01712 11.41647 -219.2962 58.09558 10.15723 -219.2962 58.09558 11.41647 -219.2962 56.01712 10.15723 -219.5373 56.15635 11.57724 -221.0962 55.25635 11.57722 -222.2185 55.64905 11.57722 -222.2185 58.46363 11.57722 -222.8761 57.3246 11.57722 -220.7836 58.82901 11.57722 -219.3163 57.32463 11.57724 -220.0291 58.32798 10.07721 -219.4615 57.34461 10.07721 -220.3363 55.54684 10.07721 -221.664 55.49645 10.07721 -222.731 56.76808 10.07721 -221.664 58.61622 10.07721 -220.7135 58.10768 10.07721 -220.0448 57.439 10.07721 -220.4151 56.14339 10.07721 -221.2906 55.95452 10.07721 -222.198 56.86206 10.07721 -221.9534 57.77551 10.07721 -221.0962 55.93753 9.361268 -221.1985 55.75057 9.361268 -220.1031 57.63277 9.36128 -221.1506 55.83812 10.07721 -220.2594 57.77296 10.07721 -221.0962 55.93753 10.07721 -199.8178 23.20008 25.0452 -198.5029 23.20008 18.85868 -195.5962 23.20008 22.07722 -195.5962 44.30009 22.07722 -199.2374 44.30009 18.81984 -200.5303 44.30009 24.42821 -195.02 44.30009 22.37146 -195.095 -44.29993 22.35139 -201.2474 -44.29993 23.57358 -199.3644 -44.29993 19.08421 -195.5962 -44.29993 22.07717 -195.5962 -23.19993 22.07717 -197.5701 -23.19993 19.25812 -201.6909 -23.19993 22.71233 -195.3297 -23.19993 22.22298 -216.8087 46.50009 5.983444 -216.8087 46.50009 4.27095 -218.8921 46.87211 4.27095 -216.7061 46.44559 4.27095 -216.6192 46.39947 5.983444 -218.7984 47.01116 5.983444 -217.736 48.18498 4.177231 -216.5746 47.56711 4.177231 -219.4061 45.93233 4.177231 -219.2838 47.3301 4.177231 -216.7316 45.89556 4.177231 -217.9256 45.05829 4.177231 -219.0462 46.50009 4.177231 -218.1593 47.73392 4.177231 -217.0748 47.41933 4.177231 -217.1715 45.92798 6.419722 -217.274 47.24771 6.204764 -216.0983 47.47102 4.494948 -217.8462 44.42162 4.418838 -218.6623 45.30756 4.859199 -219.5063 46.50009 4.177231 -218.7193 47.44063 4.819222 -218.0428 47.83612 4.985116 -216.1862 46.50009 4.177231 -216.5746 45.43307 4.177231 -219.6462 45.46085 5.835617 -219.6462 47.53932 4.418838 -219.6462 45.46085 4.418838 -216.0462 45.46085 5.835617 -217.8462 44.42162 5.835617 -216.0462 45.46085 4.418838 -216.0462 47.53932 4.418838 -216.0462 47.53932 5.835617 -219.6462 47.53932 5.835617 -217.8462 48.57854 4.418838 -217.8462 48.57854 5.835617 -179.0368 47.42304 3.880976 -179.7011 47.47513 4.27095 -180.2884 46.73665 4.045568 -180.3488 46.28555 4.14413 -179.865 45.6015 4.27095 -178.8662 45.57529 4.06938 -178.2147 46.57812 4.27095 -180.4156 45.79288 4.27095 -178.2449 46.48814 4.27095 -178.2794 46.4946 5.983444 -180.2271 45.6249 5.983444 -178.129 46.64932 5.983444 -179.3462 48.1601 4.177231 -179.3462 44.84008 4.177231 -180.3124 45.41111 4.177231 -181.0063 46.50009 4.177231 -180.6994 47.50084 4.177231 -178.1103 45.76826 4.177231 -179.1283 45.26417 4.177231 -180.3675 47.17047 4.177231 -179.5547 47.68185 4.177231 -178.0208 47.05596 4.177231 -178.4772 47.44127 4.820032 -179.3969 44.57734 4.593868 -181.0843 45.47464 4.467305 -179.2168 47.83938 4.835514 -180.6538 46.46638 5.102704 -180.4134 47.77172 4.177231 -177.6862 46.5001 4.177231 -178.856 45.0102 4.470954 -178.8453 45.13124 5.557573 -177.9226 46.58248 5.310979 -178.5162 47.93771 6.077209 -179.4293 47.8682 5.500432 -179.3357 48.27117 5.832534 -180.4134 47.77172 6.077209 -180.8298 46.14767 5.733222 -181.1464 45.46087 5.835617 -181.2282 47.67818 6.119405 -179.3676 44.35332 6.007749 -179.3462 44.42163 4.418838 -179.3462 44.42163 5.835617 -181.1464 47.53933 4.418838 -181.1464 45.46087 4.418838 -181.1464 47.53933 5.835617 -177.5464 45.46087 4.418838 -177.5464 47.53933 4.418838 -177.5464 45.46087 5.835617 -179.3462 48.57855 4.418838 -179.3462 48.57855 5.835617 -177.5464 47.53933 5.835617 -216.9654 -30.00137 4.270935 -218.736 -30.60947 4.270935 -216.6192 -30.10054 4.270935 -216.7061 -30.05442 5.983444 -218.8608 -30.47159 5.983444 -216.6198 -29.87092 5.983444 -216.7791 -28.7283 4.177185 -216.2115 -29.71166 4.177185 -218.6762 -31.43754 4.177185 -219.4061 -30.5677 4.177185 -219.027 -28.71365 4.177185 -216.8217 -31.00123 4.177185 -218.8012 -30.8405 4.177184 -218.5918 -28.98518 4.177184 -216.8332 -29.23293 4.177185 -216.2115 -29.71166 6.077194 -217.2784 -28.44004 6.077194 -218.8352 -28.5875 6.077194 -219.5063 -29.99992 6.077194 -218.5536 -31.23449 6.077194 -219.0462 -29.99992 6.077194 -216.8217 -31.00123 6.077195 -216.8525 -29.2054 6.077194 -218.6071 -29.02131 6.077194 -216.0462 -31.03915 4.418793 -216.0983 -29.02899 4.494905 -219.5568 -30.91449 4.581332 -217.7632 -28.63191 4.754141 -218.3711 -31.23019 5.216888 -219.2699 -29.91751 4.943615 -218.6762 -28.56233 4.177185 -218.0428 -28.6639 4.985095 -216.5746 -28.9329 4.177185 -216.1862 -29.99992 4.177185 -216.5746 -31.06696 4.177185 -216.5746 -31.06696 6.077194 -216.4728 -29.59323 5.256437 -216.5746 -28.9329 6.077194 -218.0427 -28.66387 5.269289 -218.6187 -31.21389 5.327672 -218.7154 -29.05901 5.43413 -217.774 -31.93559 5.660301 -216.0639 -31.052 5.876222 -217.8462 -32.07839 4.418793 -219.6462 -31.03915 4.418793 -219.6462 -31.03915 5.835602 -217.8462 -32.07839 5.835602 -216.0462 -28.96069 4.418793 -216.0462 -31.03915 5.835602 -217.8462 -27.92147 4.418793 -219.6462 -28.96069 4.418793 -219.6462 -28.96069 5.835602 -217.8462 -27.92147 5.835602 -216.0462 -28.96069 5.835602 -178.1976 -29.97847 4.270935 -180.4564 -30.38665 4.270935 -178.1576 -30.02947 4.270935 -178.2401 -30.00754 5.983444 -180.0696 -30.8169 5.983444 -178.2101 -29.97004 5.983444 -179.3462 -28.33992 4.177185 -177.7863 -29.43216 4.177185 -177.9086 -30.82992 4.177185 -180.981 -30.28818 4.177185 -180.4376 -29.04675 4.177185 -179.8013 -31.35502 4.177185 -180.2655 -30.77125 4.177185 -179.0213 -28.78723 4.177185 -178.1076 -30.28296 4.177185 -178.7785 -31.55982 6.077194 -178.0733 -30.67494 6.077194 -178.1339 -28.73757 6.077194 -181.0281 -29.87312 6.077194 -180.4134 -31.27155 6.077194 -180.5595 -29.85697 6.077194 -179.8913 -31.14463 6.077194 -178.3571 -29.21935 6.077194 -179.5547 -28.81818 6.077194 -177.5462 -28.96069 4.418793 -177.4645 -31.07882 4.2008 -181.0818 -30.97983 4.480079 -179.2168 -28.66058 4.835335 -180.6179 -31.06694 4.177185 -180.7336 -29.80085 4.957296 -180.4134 -28.72829 4.177185 -179.3463 -28.13071 4.298027 -177.9086 -29.16992 4.177185 -178.4619 -31.08383 4.783486 -178.7027 -31.22126 4.991177 -178.0571 -30.96261 5.485428 -177.9086 -29.16992 6.077194 -179.3463 -28.13071 5.956361 -179.3356 -28.22909 5.832115 -180.4134 -28.72829 6.077194 -181.0063 -29.99992 6.077194 -180.6179 -31.06694 6.077194 -181.1113 -28.98154 5.792446 -177.5462 -28.96069 5.835602 -181.1462 -31.03915 4.418793 -181.1462 -28.96069 4.418793 -181.1462 -31.03915 5.835602 -179.3462 -32.07836 4.418793 -177.5462 -31.03915 4.418793 -179.3462 -32.07836 5.835602 -177.5462 -31.03915 5.835602 -181.1462 -28.96069 5.835602 -179.3462 -27.92146 4.418793 -179.3462 -27.92146 5.835602 -216.8087 38.25009 5.983444 -216.6824 38.32915 4.27095 -218.58 39.08449 4.27095 -218.0039 37.14664 4.27095 -216.7449 38.23812 4.27095 -216.6532 38.21419 5.983444 -218.2407 37.24434 5.983444 -218.4514 39.17924 5.983444 -217.736 39.93496 4.177231 -216.5746 39.3171 4.177231 -216.2115 37.96182 4.177231 -217.2785 36.69018 4.177231 -219.2839 37.42008 4.177231 -219.2839 39.08009 4.177231 -217.6253 36.99669 4.177231 -219.028 38.04171 4.177231 -218.7655 39.02143 4.177231 -217.7165 39.46741 4.177231 -216.6644 38.45846 4.177231 -217.4577 37.32733 6.20816 -218.6731 37.57113 6.111334 -217.0832 36.70797 6.077209 -216.2115 37.96182 6.077209 -217.558 39.88487 6.077209 -219.2839 37.42008 6.077209 -219.028 38.04171 6.077209 -218.0547 37.06832 6.077209 -216.7753 37.53793 6.077209 -217.2418 39.36467 6.077209 -219.0575 39.00342 6.077209 -216.5509 37.4938 4.833106 -216.0225 39.39158 4.278159 -217.8205 36.1048 4.252735 -219.6125 37.21133 4.413951 -217.7168 39.58942 4.835392 -217.8462 36.59007 4.177231 -218.6762 36.81248 4.177231 -219.2542 38.42337 4.952838 -218.9134 39.52171 4.177231 -218.0428 39.5861 4.985164 -216.4873 38.71579 4.673834 -216.4728 38.65684 5.256496 -216.5746 39.3171 6.077209 -218.0427 39.58613 5.269281 -219.6462 37.21085 4.418838 -217.8462 36.17163 4.418838 -219.6462 37.21085 5.835617 -216.0462 37.21085 4.418838 -217.8462 36.17163 5.835617 -216.0462 39.28931 4.418838 -216.0462 37.21085 5.835617 -217.8462 40.32855 4.418838 -219.6462 39.28931 4.418838 -219.6462 39.28931 5.835617 -217.8462 40.32855 5.835617 -216.0462 39.28931 5.835617 -178.6053 39.49987 4.177231 -180.3425 36.82744 4.177231 -180.981 38.53833 4.177231 -179.914 39.80998 4.177231 -179.0279 37.0229 4.177231 -180.2655 37.47876 4.177231 -180.2655 39.02143 4.177231 -177.9734 38.6569 4.177231 -178.6158 37.0422 6.077208 -177.7863 38.81783 6.077209 -179.914 39.80998 6.077209 -180.981 38.53833 6.077209 -180.3425 36.82744 6.077209 -180.0664 37.2217 6.077209 -178.1645 38.04171 6.077209 -178.6191 39.52132 6.077209 -180.458 38.85247 6.077209 -177.705 37.22877 4.592124 -181.054 37.33358 4.581001 -179.2168 39.58942 4.835401 -180.1762 36.81248 4.177231 -180.7241 38.3641 5.023789 -180.4134 39.52171 4.177231 -179.3322 40.0466 4.365711 -178.5162 39.68769 4.177231 -177.6862 38.25009 4.177231 -178.5162 36.81248 4.177231 -178.5162 36.81248 6.077209 -177.6862 38.25009 6.077209 -178.5162 39.68769 6.077209 -179.3354 40.03457 5.868695 -181.0063 38.25009 6.077209 -180.1371 37.05554 5.338513 -180.3216 39.11475 5.442079 -179.2823 36.31813 5.66229 -177.7106 39.24518 5.65437 -179.3462 36.17163 4.418838 -179.3462 36.17163 5.835617 -181.1462 37.21086 4.418838 -181.1462 37.21086 5.835617 -181.1462 39.28932 5.835617 -177.5462 37.21086 4.418838 -177.5462 39.28932 4.418838 -177.5462 37.21086 5.835617 -181.1462 39.28932 4.418838 -179.3462 40.32855 5.835617 -179.3462 40.32855 4.418838 -177.5462 39.28932 5.835617 -216.8087 -38.24993 4.270935 -218.6882 -37.31811 4.270935 -216.6358 -38.33188 4.270935 -216.6911 -38.34305 5.983444 -218.7162 -37.2824 5.983444 -217.5579 -36.61515 4.177185 -216.2115 -37.96166 4.177185 -216.85 -39.67256 4.177185 -218.6762 -39.68753 4.177185 -219.5274 -37.76288 4.177186 -216.6644 -38.45831 4.177185 -218.0375 -39.5077 4.177185 -219.0402 -37.81538 4.177185 -217.3126 -37.1056 4.177185 -216.8087 -38.24993 5.983444 -217.1715 -38.82204 6.419789 -217.274 -37.5023 6.204771 -216.4086 -37.41992 6.077194 -217.5579 -36.61515 6.077194 -218.6762 -36.81231 6.077194 -219.2762 -38.24993 6.077194 -216.7738 -39.18687 6.077194 -216.6125 -37.99393 6.077194 -218.0996 -37.00752 6.077195 -216.0983 -37.27901 4.494904 -219.5567 -39.16443 4.581418 -217.7632 -36.88188 4.754073 -218.371 -39.48015 5.216947 -219.2699 -38.16753 4.94354 -218.6762 -36.81231 4.177185 -218.0428 -36.9139 4.985066 -216.5746 -37.18289 4.177185 -216.1862 -38.24993 4.177185 -216.5746 -39.31695 4.177185 -216.5746 -39.31695 6.077194 -216.4728 -37.84327 5.256434 -216.5746 -37.18289 6.077194 -218.0427 -36.91387 5.269317 -219.5063 -38.24993 6.077194 -218.6187 -39.46387 5.327669 -218.7155 -37.309 5.434172 -217.774 -40.18555 5.660254 -216.0639 -39.30201 5.876245 -219.6462 -39.28916 4.418793 -219.6462 -39.28916 5.835602 -219.6462 -37.2107 5.835602 -217.8462 -40.32839 4.418793 -216.0462 -39.28916 5.835602 -217.8462 -40.32839 5.835602 -216.0462 -39.28916 4.418793 -216.0462 -37.2107 4.418793 -216.0462 -37.2107 5.835602 -217.8462 -36.17147 4.418793 -219.6462 -37.2107 4.418793 -217.8462 -36.17147 5.835602 -178.2449 -38.23796 5.983444 -178.2132 -38.23097 4.270935 -179.6112 -37.09952 4.270935 -180.0332 -39.20679 4.270935 -178.3087 -38.24992 4.270935 -178.3087 -38.24992 5.983444 -179.5011 -39.3844 5.983444 -180.0872 -37.16992 5.983444 -178.8726 -37.38663 6.319487 -178.3791 -38.57866 6.182702 -178.307 -37.64992 6.077194 -178.7785 -39.80981 6.077194 -177.7863 -38.81768 6.077194 -177.7863 -37.68215 6.077194 -179.1738 -36.8268 6.077194 -180.7838 -37.41992 6.077194 -180.981 -38.53818 6.077194 -179.914 -39.80981 6.077194 -180.2655 -39.02126 6.077194 -178.4318 -39.13433 6.077194 -180.4738 -37.8395 6.077194 -178.5162 -39.68752 6.077194 -177.8329 -38.34124 5.44279 -179.3563 -36.38885 5.965599 -180.6179 -37.18289 6.077194 -181.0063 -38.24993 6.077194 -180.6179 -39.31695 6.077194 -181.2246 -37.10178 6.082469 -180.5446 -39.35499 5.05777 -179.3462 -40.32839 5.835602 -181.1462 -37.2107 4.418793 -181.1462 -39.28916 4.418793 -181.1462 -39.28916 5.835602 -181.1462 -37.2107 5.835602 -179.3462 -40.32839 4.418793 -177.5462 -39.28915 4.418793 -177.5462 -39.28915 5.835602 -177.5462 -37.2107 4.418793 -179.3462 -36.17147 4.418793 -179.3462 -36.17147 5.835602 -177.5462 -37.2107 5.835602 -216.8087 30.00009 5.983444 -216.8087 30.00009 4.27095 -218.4737 30.83765 4.27095 -216.7083 29.97124 4.27095 -216.6743 29.95533 5.983444 -218.348 30.96663 5.983444 -216.5746 31.0671 4.177231 -218.1093 28.30959 4.177231 -219.2839 29.17008 4.177231 -217.2462 28.96087 4.177231 -218.1879 28.82828 4.177231 -219.028 29.79171 4.177231 -219.0575 30.75341 4.177231 -217.6364 31.42403 4.177231 -216.6644 30.20845 4.177231 -216.0983 30.971 4.49496 -219.5545 29.09133 4.592338 -217.7168 31.33943 4.835366 -218.3394 28.75941 5.192354 -219.3289 30.20189 4.890084 -218.9134 31.27172 4.177231 -218.0428 31.3361 4.985167 -216.1862 30.00009 4.177231 -216.5746 28.93306 4.177231 -219.6462 28.96085 4.418838 -217.8462 27.92163 4.418838 -219.6462 28.96085 5.835617 -219.6462 31.03931 4.418838 -219.6462 31.03931 5.835617 -216.0462 28.96085 4.418838 -216.0462 28.96085 5.835617 -217.8462 27.92163 5.835617 -217.8462 32.07855 4.418838 -217.8462 32.07855 5.835617 -216.0462 31.03931 4.418838 -216.0462 31.03931 5.835617 -178.1535 30.03076 4.27095 -180.6183 29.48246 4.27095 -178.1855 29.9837 4.27095 -178.1938 29.98628 5.983444 -180.569 29.35528 5.983444 -178.1652 30.03896 5.983444 -177.9086 30.8301 4.177231 -177.7863 29.43235 4.177231 -178.5162 28.56248 4.177231 -180.4134 28.72846 4.177231 -180.981 29.71184 4.177231 -180.6179 31.06711 4.177231 -179.4014 31.72272 4.177231 -178.307 29.40009 4.177231 -179.5547 28.81834 4.177231 -180.5682 29.66218 4.177231 -179.4819 31.25801 4.177231 -178.2187 30.4105 4.177231 -178.5162 28.56248 6.077209 -177.7863 29.43235 6.077209 -177.9086 30.8301 6.077209 -180.9062 30.56784 6.077209 -180.3777 28.59635 6.077212 -180.0664 28.97169 6.077209 -178.4585 29.11233 6.077209 -178.3571 30.78065 6.07721 -179.3777 31.43666 6.077209 -180.5279 30.20845 6.077209 -177.5462 28.96085 4.418838 -177.4963 31.09932 4.244466 -179.3462 27.92163 4.418838 -181.0539 29.08362 4.581058 -179.2168 31.33944 4.835359 -180.1762 28.56248 4.177231 -180.7241 30.11408 5.023743 -180.4134 31.27172 4.177231 -179.2444 32.03743 3.987145 -177.8807 30.27219 4.637794 -177.811 30.32221 5.784087 -179.3463 31.86923 5.956264 -181.0063 30.00009 6.077209 -180.1371 28.80556 5.338506 -180.3216 30.86474 5.442099 -179.2823 28.06817 5.662238 -177.5624 28.94466 5.877641 -177.5462 31.03931 5.835617 -181.1462 28.96085 4.418838 -181.1462 28.96085 5.835617 -179.3462 27.92163 5.835617 -177.5462 31.03931 4.418838 -177.5462 28.96085 5.835617 -179.3462 32.07855 4.418838 -181.1462 31.03931 4.418838 -181.1462 31.03931 5.835617 -179.3462 32.07855 5.835617 -217.8462 -44.83992 4.177185 -217.0162 -47.93751 4.177185 -218.414 -48.05979 4.177185 -219.5301 -46.424 4.177185 -219.1179 -45.43288 4.177185 -216.4306 -46.77415 4.177186 -217.6267 -47.74512 4.177185 -219.126 -46.63272 4.177185 -218.4462 -45.4607 4.177185 -217.2462 -45.4607 4.177185 -216.0983 -45.52898 4.494902 -219.5539 -47.4163 4.581031 -218.3711 -47.73021 5.216889 -219.5063 -46.49991 4.177185 -219.1908 -45.98845 4.948264 -218.0427 -45.16389 4.985085 -216.5746 -45.43288 4.177185 -216.1862 -46.49991 4.177185 -216.5746 -47.56692 4.177185 -217.8462 -48.57836 5.835602 -219.6462 -47.53913 4.418793 -219.6462 -47.53913 5.835602 -219.6462 -45.46068 5.835602 -217.8462 -48.57836 4.418793 -216.0462 -47.53913 4.418793 -216.0462 -45.46068 5.835602 -216.0462 -47.53913 5.835602 -219.6462 -45.46068 4.418793 -217.8462 -44.42146 5.835602 -216.0462 -45.46068 4.418793 -217.8462 -44.42146 4.418793 -178.5162 -45.06231 4.177185 -177.6862 -46.4999 4.177185 -178.4466 -47.98996 4.177185 -180.981 -46.21165 4.177185 -178.6843 -47.58633 4.177185 -180.4329 -47.44881 4.177185 -180.3087 -45.40904 4.177185 -179.3462 -45.29991 4.177185 -178.307 -45.89991 4.177185 -177.4645 -47.57878 4.2008 -181.0818 -47.47979 4.480091 -179.2168 -45.16057 4.835331 -180.6179 -47.56692 4.177185 -180.7337 -46.30083 4.957277 -180.4134 -45.22827 4.177185 -179.3463 -44.63079 4.298168 -177.9086 -45.6699 4.177185 -178.4619 -47.5838 4.783485 -181.1462 -47.53912 4.418793 -179.3462 -48.57835 4.418793 -179.3462 -48.57836 5.835602 -181.1462 -47.53913 5.835602 -181.1462 -45.46068 5.835602 -177.5462 -47.53912 4.418793 -177.5462 -47.53913 5.835602 -177.5462 -45.46067 4.418793 -177.5462 -45.46068 5.835602 -181.1462 -45.46067 4.418793 -179.3462 -44.42144 4.418793 -179.3462 -44.42144 5.835602 -178.0962 -38.2499 11.57718 -178.0962 -38.2499 9.57721 -180.2525 -37.71386 9.577196 -180.4086 -38.09162 11.57718 -177.8499 -29.86381 9.57721 -180.7198 -30.67194 9.57721 -177.9352 -30.02507 9.57721 -178.1268 -30.10466 11.57718 -180.3789 -29.02846 11.57718 -178.0558 -29.98068 11.57718 -219.0962 -29.99992 9.577195 -217.9673 -31.45118 9.577195 -217.7458 -28.48224 9.577195 -219.11 -29.9986 9.577195 -219.2722 -29.95093 11.57718 -216.7556 -29.2229 11.57718 -217.8511 -31.40608 11.57718 -219.1988 -30.02893 11.57718 -218.1872 -39.60458 9.577195 -216.6229 -37.7023 9.577195 -219.1315 -38.21669 11.57718 -216.4856 -38.57141 11.57718 -219.5249 -38.42029 11.57718 -217.9552 -31.06221 11.83074 -216.461 -30.15245 11.57735 -216.5581 -30.42405 12.07846 -218.0079 -30.75107 11.36125 -217.8462 -31.11873 11.36125 -219.0769 -29.99809 11.36125 -219.0517 -30.00107 12.07718 -216.932 -29.26481 12.07718 -217.8462 -31.11873 12.07718 -178.5101 -29.34056 11.36125 -179.4463 -31.25472 12.07718 -178.2539 -29.53172 12.07718 -178.427 -29.22857 11.17717 -178.1264 -29.86304 11.33331 -179.7427 -28.91043 11.2692 -217.9552 -39.31213 11.83074 -216.4611 -38.40245 11.57735 -216.5581 -38.67404 12.07846 -217.2634 -37.78601 11.05289 -216.7185 -38.66035 11.17717 -217.8463 -39.40924 11.26917 -179.3463 -37.14185 3.669121 -179.8056 -38.43929 4.070648 -178.7922 -39.20951 3.669163 -178.6754 -37.95547 3.868308 -179.4691 -37.27299 3.836292 -178.5303 -37.95673 4.088537 -180.4739 -37.8395 3.76123 -179.9994 -37.47163 3.577179 -180.29 -38.76174 3.577179 -179.1698 -39.25045 3.577179 -178.3477 -38.61332 3.577179 -178.8408 -37.31039 3.577179 -178.7471 -37.26847 4.266508 -180.1883 -37.58126 4.122782 -179.5547 -37.06815 4.177185 -178.5747 -36.67892 4.177185 -178.7785 -39.80981 4.177185 -179.914 -39.80981 4.177185 -180.981 -38.53817 4.177185 -180.4411 -37.30099 4.177185 -178.0134 -38.73954 4.177185 -178.7462 -39.28912 4.177185 -180.2655 -39.02125 4.177185 -178.711 -37.14952 4.177185 -178.4769 -37.30908 4.820232 -179.4185 -40.1855 4.594176 -181.1286 -39.302 4.378163 -179.1498 -36.91391 4.985062 -180.6179 -39.31694 4.177185 -180.7196 -37.8432 4.997855 -180.6179 -37.18288 4.177185 -177.6862 -38.24991 4.177185 -178.5738 -39.46379 4.926822 -217.8462 28.34008 6.077209 -216.4334 30.92741 6.077209 -217.6115 31.40391 6.077209 -219.0575 30.75341 6.077209 -219.2839 29.17008 6.077209 -219.028 29.79171 6.077209 -217.6885 28.73931 6.077209 -216.5983 30.31279 6.077209 -216.5746 28.93306 6.077209 -216.4728 30.40684 5.256493 -216.5746 31.0671 6.077209 -218.0427 31.33613 5.269278 -219.5063 30.00009 6.077209 -218.6743 28.82552 5.363402 -218.8216 30.86476 5.442102 -217.8686 28.12066 5.664188 -216.1107 29.02012 5.774369 -219.2017 38.17706 9.577225 -216.558 38.01667 9.577225 -219.3039 38.31446 9.577225 -219.3006 38.29667 11.57722 -216.5561 38.39387 11.57722 -219.2979 38.11041 11.57722 -216.5834 -47.29574 9.577195 -219.4454 -46.32767 9.577195 -219.1586 -46.48228 11.57718 -216.988 -45.22444 11.57718 -219.1937 -46.53941 11.57718 -219.0962 -38.24991 9.577195 -218.1872 -39.60458 9.577195 -216.6229 -37.7023 9.577195 -219.1715 -38.22524 9.577195 -219.1315 -38.21669 11.57718 -216.4856 -38.57141 11.57718 -219.5249 -38.42029 11.57718 -180.9808 46.61407 9.577225 -178.0462 46.17982 9.577225 -180.6464 46.50008 9.577225 -180.6464 46.50008 6.577209 -178.1558 45.87771 6.577209 -180.9458 46.61347 6.577209 -219.1705 46.50236 6.577209 -219.2324 46.51215 9.577225 -217.2227 47.76361 9.577225 -217.1232 45.12411 9.577225 -219.1462 46.50008 9.577225 -219.2646 46.45214 6.577209 -216.7504 45.5385 6.577209 -217.926 47.94266 6.577209 -217.2783 44.71176 11.36128 -217.8462 45.38129 11.36128 -219.0164 46.88365 11.36128 -217.8462 45.38129 12.07722 -219.0603 46.83871 12.07722 -217.3086 44.79741 12.07722 -217.0608 47.1699 11.04846 -216.8237 46.68169 11.19163 -217.962 47.46664 11.16454 -217.8462 -47.77489 11.57718 -216.4282 -46.70124 11.57006 -216.632 -46.88858 12.07718 -217.8108 -47.87623 12.07412 -179.3462 -47.69989 3.76123 -179.8371 -48.29929 3.76123 -178.5449 -45.63536 3.76123 -179.807 -48.21231 11.17717 -178.585 -45.60056 11.17717 -179.3462 -47.69989 11.17717</float_array>
          <technique_common>
            <accessor source="#fifth_wheel_base-mesh-positions-array" count="3486" stride="3">
              <param name="X" type="float"/>
              <param name="Y" type="float"/>
              <param name="Z" type="float"/>
            </accessor>
          </technique_common>
        </source>
        <source id="fifth_wheel_base-mesh-normals">
          <float_array id="fifth_wheel_base-mesh-normals-array" count="9072">0 -1 -1.46738e-6 0 -1 -5.01446e-7 0 -1 -1.97061e-6 -0.1583231 0.3916064 -0.9064096 -0.7947183 0.03701174 0.605849 -0.7501981 -0.6486075 -0.1284958 -0.258839 0.9656853 -0.02131891 -0.2853173 0.9569658 -0.05301672 -0.9483488 -0.1713666 0.2669608 0.839872 0.5379408 -0.07235169 0.946667 -0.3216682 -0.01874065 0.3167484 0.9001175 0.299097 0.3635269 -0.9303369 -0.04818278 -0.8964172 -0.4425719 0.02379715 -0.9654518 -0.2473624 0.08194351 0 0 1 -6.27254e-7 0 1 0 0 1 -6.64927e-6 -0.8613673 0.5079827 0.04084974 -0.07075357 0.9966571 0.8660195 -0.5000103 -4.60005e-5 0.9681039 0.02862054 0.2489091 0.553843 0.07206678 -0.8294965 0.9318449 -0.009537696 0.3627315 0.220189 -0.9721739 -0.07996731 -0.8000116 -0.5886501 -0.1160715 0.2961935 -0.9550025 0.01548475 -0.3407885 -0.5168218 0.7853398 -0.8498018 0.1023665 -0.5170667 -0.6798167 0.7318258 0.04775279 -7.54004e-5 1 2.63391e-5 0.7459642 0.4306828 0.5079861 0.8660007 -0.5000429 5.15657e-5 -0.0814203 0.1960701 0.9772038 -0.720019 0.1313664 0.681407 -0.2604463 0.9160993 -0.3048439 -0.002912282 -0.9947094 -0.1026881 -0.002912282 -0.9947094 -0.1026881 -0.002912282 -0.9947094 -0.1026881 0.1869164 -0.9521858 0.2416707 0.9371546 -0.2875139 0.1976791 0.2347546 -0.9176945 0.3205106 -0.9864332 -0.09672945 0.1326385 -0.2065017 0.977052 0.05221521 -0.150534 0.9886032 -0.001860857 -0.3239117 -0.9457604 -0.0248714 -0.9010237 0.1273899 0.4146423 0.1430658 -0.2702015 0.9521152 0.7172828 -0.2971062 -0.6302645 0.2971106 -0.717283 -0.6302623 0 0 -1 -0.04972821 0.7854352 0.616943 -0.02133512 0.9035343 0.4279845 0.40196 0.8555318 -0.3263338 0.9360131 0.3497425 0.039496 -0.8739778 0.4834799 -0.04909431 -0.9026036 0.4292206 -0.03280776 -0.9026036 0.4292206 -0.03280776 0.7819616 -0.3664461 -0.5042355 0.1200577 0.2134563 -0.9695477 0.1030783 0.1832574 0.9776459 0.9029763 -0.4278005 0.04025572 -0.1308473 -0.7232675 0.6780584 0.9746581 -0.2185938 -0.04752355 0.6841105 0.4152544 -0.5996304 -0.6346117 0.3663881 -0.6804614 0.129408 -0.2241411 -0.9659267 0.2588179 -1.66294e-6 -0.9659262 -0.7298798 -0.2325971 0.6427862 -0.9272873 -0.02195626 0.3737061 -0.8317639 -0.1831786 -0.5240367 0.223675 0.01621532 -0.974529 -0.0225405 -0.1039313 -0.994329 -0.01748323 -0.06588459 -0.9976741 -5.55915e-6 0.732789 -0.680456 0.6982799 0.4031553 -0.5914989 -4.65245e-6 0.7924062 -0.6099939 -0.6346147 0.3663918 -0.6804568 0.1294118 -0.2241422 -0.965926 0.2588049 -1.6283e-6 -0.9659297 -1.019e-5 -5.20072e-6 1 -1.14892e-5 1.31072e-6 1 -1.01669e-5 5.16084e-6 1 0.3609148 0.1143705 0.9255592 0.2573364 -0.2953502 0.9200795 -0.2944402 -0.05142217 0.9542855 0.1600241 0.1205583 -0.9797235 0.1600241 0.1205583 -0.9797235 0.1600241 0.1205583 -0.9797235 -0.8896948 0.4357446 0.1362711 -0.0744425 0.8332028 -0.5479337 -0.9994872 0.0215491 0.02368408 -8.59256e-7 0 -1 -4.01952e-7 0 -1 -1.15486e-6 0 -1 -9.84779e-6 3.76195e-6 1 -6.74336e-6 9.62747e-7 1 -7.19996e-6 4.70534e-6 1 -0.441597 -0.8003837 -0.4054356 -0.4415971 -0.8003837 -0.4054356 -0.4415971 -0.8003838 -0.4054356 0.8660582 -0.4999432 -3.41292e-5 -0.6346099 -0.3663824 -0.6804662 0.2588353 -1.60751e-6 -0.9659216 -0.5698528 -0.8138858 -0.1133919 -0.5698529 -0.8138858 -0.1133919 -0.5698528 -0.8138858 -0.1133919 0.1294071 0.2241348 -0.9659283 -0.6346131 -0.3663905 -0.6804589 -2.43756e-6 -0.8613656 0.5079856 0.1294027 -0.2241346 0.965929 0.8659813 -0.5000765 7.42004e-7 -2.03649e-6 0.8613623 0.5079911 0.8660326 0.4999876 8.45901e-5 -0.866029 0.499994 8.42215e-5 -1.0572e-5 -1 -3.59818e-5 -0.06624197 0.03824651 -0.9970704 0.6346102 0.3663901 -0.6804618 -0.08143538 0.1960696 0.9772027 -0.7199711 0.1313469 0.6814615 -0.2617833 0.9206289 -0.2896761 0.8660628 0.4999353 -2.67096e-5 0.7459658 -0.4306896 0.5079779 1.56724e-5 -1 -1.66925e-5 -0.1714556 -0.9816585 0.0833646 -0.6081548 0.7834878 0.1276507 -0.610442 -0.7784591 -0.1461573 0.2858441 -0.7503164 -0.596086 0.2956335 -0.8680199 -0.3989266 -0.3184408 -0.5894872 0.7423614 0.5706363 -0.8056546 -0.1590436 0.5706363 -0.8056546 -0.1590437 0.5706363 -0.8056547 -0.1590436 -5.55901e-6 0.7327938 -0.6804508 -0.1293925 -0.2241094 -0.9659362 0.1293898 -0.2241104 -0.9659363 -0.2446925 0.03505086 0.968967 -0.9877685 0.06391727 0.1422253 -0.05726438 0.570505 -0.8192954 2.40409e-6 0 -1 -3.55009e-6 -0.7924054 -0.6099948 -0.9291628 -0.06525188 0.3638665 -0.9721896 0.1106104 -0.2064293 -0.8482843 -0.5060841 0.1558619 -0.829874 -0.5075681 0.2316974 0.2587769 -4.0881e-7 0.9659371 0.7459611 0.4306805 0.5079926 0.8660483 -0.4999603 1.33567e-5 0.06584441 -0.8814597 -0.4676467 0.05745118 -0.9195529 -0.3887441 -0.6598426 -0.6528525 0.3720099 0.8660336 0.4999858 6.27008e-5 0.7459599 -0.4306825 0.5079926 -2.78257e-6 -1 -1.03882e-5 -8.71651e-7 -0.8613708 0.5079768 -0.866022 -0.5000061 -8.60646e-5 0.8660247 -0.5000012 -8.6804e-5 -0.9468467 0.3211663 -0.01826548 0.2760608 0.913967 -0.2974137 -0.9518117 -0.3066577 -0.003944098 -0.7578231 0.2105878 -0.6175409 -0.550812 0.3323612 -0.7655993 -0.1438574 -0.1957001 0.970055 -0.6221191 0.6706988 -0.4038949 0.4210523 0.5756958 0.7009204 0.9522871 -0.2933357 0.08428239 -0.7731761 -0.6316026 -0.05724388 -0.9255053 -0.3787349 -1.40732e-4 -0.6990146 -0.7147417 0.02286666 0.1979471 -0.5128497 -0.8353456 0.2807047 -0.4048182 -0.8702454 -0.1892062 -0.3123656 -0.930929 -0.8399425 0.003100216 -0.5426666 -0.7463707 0.6363516 0.1949037 0.03211897 0.2969173 0.9543629 -0.4251738 0.2047448 -0.88165 0.153216 0.6516762 0.7428614 -0.6346066 0.3663902 -0.6804651 0.1294175 -0.2241553 -0.9659221 0.8714953 -0.4899703 0.02061873 0.9922823 -0.0535506 -0.1118402 0.4317759 0.6036977 0.6701632 -0.4179 0.8188056 -0.3935952 0.8890225 0.4322412 -0.1510189 -0.2429152 0.8899344 -0.3860169 0.1747894 0.7429804 0.6460874 -0.8009114 0.5987389 -0.007273077 -0.9300265 -0.1065515 -0.3517067 -0.9512124 0.2862699 -0.1150858 -0.5804858 0.2058355 0.7878249 -0.9527105 0.2812073 -0.1151753 0.07129955 0.04116123 -0.9966054 0.7459587 -0.430684 0.5079931 0 -1 -1.26143e-5 0.174849 -0.9837283 -0.04131126 0.1322367 -0.6351545 -0.7609812 -0.8654526 -0.2539836 0.4318382 -2.95436e-6 0.8613703 0.5079777 -0.1293981 0.2241384 0.9659286 -0.7459696 0.4306866 0.5079748 -2.45757e-5 1 8.49485e-5 -0.8660309 -0.4999907 -7.64173e-5 0.147831 0.7895145 0.5956618 -0.7930026 0.6060457 -0.06209331 -0.877452 -0.1151951 -0.4656268 0.1465913 0.5370209 -0.8307344 -0.7232391 0.6646237 -0.1876184 -0.9470544 0.08731925 -0.3089715 -2.33728e-6 -0.8613687 0.5079804 0.04389107 -0.07602596 0.9961394 0.8660153 -0.5000177 3.93225e-5 0 1 0 0.203536 0.1476088 0.9678764 -0.2035349 0.1476089 0.9678766 -0.7414813 -0.6554883 0.1433199 -0.9299662 0.3585269 0.08137184 -0.911222 -0.4079332 -0.05714112 1.19914e-7 0 -1 -4.2603e-7 0 -1 -1.05313e-6 0 -1 0 3.50167e-7 -1 -6.94932e-7 5.70367e-7 -1 -4.74926e-7 2.9503e-7 -1 0.7459667 -0.4306876 0.5079784 0.06117361 0.03531867 -0.9975022 0.9352523 0.3539064 0.007319092 -0.3267354 0.9019355 0.2824118 0.9666368 -0.2561469 0.001396775 -0.661698 -0.7485129 0.04340678 -0.3821172 -0.9241115 0.002149343 0.3596576 -0.9328343 -0.02160328 -0.5166304 0.771256 0.3718296 0.3941286 0.8574917 0.3307123 3.02638e-6 1 6.44289e-6 9.3512e-7 1 1.68222e-6 -0.6026828 0.7962742 0.05216389 -0.62562 0.7614893 0.16951 -0.6079158 0.7904298 0.07522869 -0.1000993 -0.7663287 0.6346026 -0.2004962 -0.0947104 0.9751058 0.1331396 -0.9472292 0.2916005 -6.95616e-6 -1 1.26138e-5 -0.8660252 0.5000004 3.26499e-5 0.6346203 0.3663946 -0.68045 -0.8124819 0.5715548 0.1148833 -0.5224788 0.6162162 0.5893162 -0.856153 0.512655 -0.06470704 0.6008889 0.5284674 -0.5997124 0.3913273 0.860479 -0.3262498 0.1881778 0.9820202 0.0150156 -0.634616 0.3663965 -0.6804529 -3.43183e-6 -1 -1.18723e-5 -0.6346149 0.366391 -0.6804569 0.8660236 0.5000033 1.1019e-4 0.2587829 -1.3858e-7 -0.9659356 0.00485897 0.9197643 -0.3924413 0.7131755 0.6627204 0.228435 -0.6576748 0.294736 0.6932493 -0.2028012 0.47956 -0.8537529 0.5267011 0.8004701 -0.2860662 -0.8945007 0.1047106 -0.4346314 0.1293883 0.2241084 -0.9659369 -0.6346144 -0.3663968 -0.6804543 -0.6346119 -0.3663927 -0.6804589 0.2588043 -1.3165e-6 -0.9659298 -0.07054215 -0.04002845 0.9967054 -0.3022424 0.6961058 0.651219 0.3394951 -0.6501957 0.6796975 -0.2164334 0.9762974 0 0.216426 0.9762991 0 -0.2164334 0.9762974 0 0.2588059 1.59366e-6 0.9659294 0.7459666 0.430685 0.5079805 0.8659853 -0.5000697 4.48879e-5 1.0463e-6 0 1 2.21884e-7 0 1 5.62546e-7 0 1 -0.5707028 0.8056169 0.1589961 -0.5707029 0.8056169 0.1589961 0.1001996 0.9612756 -0.2567278 0.7493054 0.5882413 0.3041604 -0.6187565 0.3868399 0.6837363 -0.6487916 0.1337066 -0.7491276 -0.6487916 0.1337066 -0.7491276 -5.49712e-6 -0.7327919 -0.6804528 -0.1294088 0.2241337 -0.9659283 0.9868148 -0.1612671 0.01377022 0.6422426 -0.2988517 -0.7058415 0.6407107 0.7393588 -0.2069746 -0.2588072 -9.49241e-7 -0.9659291 0.6346107 -0.3663955 -0.6804585 -0.6318807 0.7448899 0.2141631 -0.6372062 0.7240537 0.2640352 -0.6331466 0.7407209 0.2246284 -0.634608 -0.3663945 -0.6804615 0.258816 -9.00763e-7 -0.9659267 0.455986 0.8110401 0.3664569 0.455986 0.8110402 0.3664569 0.4559861 0.8110402 0.3664568 8.84513e-6 0.7327856 -0.6804597 -0.1294027 -0.2241427 -0.965927 5.10084e-6 1 4.08067e-6 0.7459626 0.4306873 0.5079848 0.8660175 -0.500014 -3.11627e-5 -4.8977e-6 -0.7327959 -0.6804486 0.8660332 0.4999867 7.8286e-5 -0.5699415 0.8137967 0.1135856 -0.5699414 0.8137967 0.1135856 -0.5699415 0.8137968 0.1135856 -0.8342912 0.535488 -0.1311901 0.08710753 0.4782956 -0.8738682 0.7531011 0.6341066 0.1753498 -0.4949516 0.7788936 -0.3851594 0.004590868 -0.4818114 -0.8762629 -0.2013245 -0.3797419 -0.9029201 0.7634689 -0.5836828 -0.2764591 -0.06542104 0.03328537 0.9973025 -0.06542104 0.03328537 0.9973025 -0.3030557 0.9523246 -0.03514575 -0.1883508 0.9745346 0.1216816 -0.9101328 -0.3112247 -0.2734913 -0.8393159 0.2624447 -0.4761006 -0.8435727 -0.4444183 -0.3014593 -0.8575241 -0.4955267 -0.1382234 -0.8124854 0.5715465 0.1149011 -0.5224828 0.6162128 0.5893162 -0.8561602 0.5126452 -0.06469029 -0.9928064 0.035066 -0.1144815 0.1293892 0.2241064 -0.9659373 -0.6346171 -0.366394 -0.6804533 -0.1238472 0.1374213 -0.9827398 0.005287468 -0.4490943 -0.8934687 -0.02060317 -0.2564257 -0.9663444 0.634614 0.3663983 -0.6804538 0 -1.04473e-5 1 3.64528e-7 -1.04804e-6 1 0 0 1 0.8855602 -0.01968502 0.4641076 0.4124625 -0.9014044 -0.1317006 0.3785802 0.9149888 -0.1395441 0.1591117 -0.4962198 -0.8534924 0.7401872 -0.536255 -0.405652 -0.04309022 -0.4785723 -0.8769903 -0.5698518 -0.81388 -0.1134392 -0.5698518 -0.81388 -0.1134392 -0.2427421 0.4966427 -0.8333202 0.4149215 0.8581031 -0.3024886 -0.9071323 0.1135941 -0.4052252 -1.84001e-7 0 -1 -5.29002e-7 0 -1 -4.81093e-7 0 -1 -0.6346125 -0.3663949 -0.6804571 0.2587848 -1.79461e-6 -0.965935 -0.5967287 0.2971972 -0.7453783 -0.2420765 0.6088877 -0.7554169 0.4441839 0.8959357 0 -0.6026841 0.7962732 0.05216383 -0.625623 0.7614871 0.1695097 -0.6079174 0.7904286 0.07522857 0.5884872 -0.8075537 0.03924548 -0.246509 -0.9674807 -0.05669516 0.6543536 -0.7548128 -0.04559463 0.3289226 -0.855759 0.3993577 0.2637901 -0.1675913 -0.9499095 -0.9765103 -0.08069604 -0.1997894 -1.03531e-6 0 1 -1.33709e-6 0 1 2.5816e-7 0 1 -0.6346117 0.3663917 -0.6804596 0.1294084 -0.2241454 -0.9659257 -2.45772e-5 -1 3.74687e-5 -4.85978e-6 0.8613616 0.5079926 0 0 1 0.29664 0.2324761 0.9262611 -9.51264e-7 0 1 0.0447331 0.4208141 -0.9060434 -0.9206721 0.3793264 0.09205651 -0.8971583 -0.359752 -0.256292 -0.08603572 0.9879214 -0.1288771 -0.08603572 0.9879214 -0.1288771 -0.08603572 0.9879214 -0.1288771 -2.70724e-6 -0.7327829 -0.6804626 -0.8660291 0.4999939 8.1981e-5 0.8660262 0.4999986 8.12414e-5 -2.05192e-6 -0.8613605 0.5079942 0.1293788 -0.2241023 0.9659396 0.866029 -0.4999939 5.49113e-5 0.7459558 -0.4306879 0.5079941 -6.30689e-6 -1 -1.15008e-5 0.8660194 0.5000104 8.83027e-5 0.7459655 -0.4306888 0.507979 -1.7991e-5 -1 -8.68017e-5 0.06184893 -0.03570818 0.9974467 -0.6346111 -0.3663934 -0.6804592 0.2380005 0.5198207 -0.8204525 0.3044318 0.2158787 -0.9277488 -0.4732477 0.8779804 0.07202214 0.1870412 -0.9403539 -0.2841658 0.1944037 -0.8862333 -0.420473 -0.7321852 -0.1966867 0.6520884 -0.9897681 0.1426204 0.004321396 -0.2660218 0.9023186 -0.3391956 0.9535012 0.3013806 -0.002296805 0.5309283 -0.3160943 -0.7862567 0.3888481 -0.9100287 -0.1436837 0.4541518 -0.8338472 0.3137597 0.2153378 0.9334842 0.28677 0.2123551 0.7888197 -0.5767745 0.7459576 -0.4306869 0.5079922 0.1294247 -0.2241649 0.9659189 0.7459763 -0.4306883 0.5079637 1.50222e-5 -1 3.82047e-5 0.1991733 0.9387306 0.2812737 0.20597 0.8852018 0.4171259 -0.7406554 0.2126706 -0.6373389 -6.95786e-6 0.8613674 0.5079825 0.8660237 0.500003 1.44678e-5 0.1294044 0.224132 0.9659293 -5.51763e-6 0.7327966 -0.6804478 0.1293883 -0.2241041 -0.965938 -0.05488544 0.5971321 -0.800263 -0.5331244 0.1073771 0.8391953 -0.8165909 -0.5489229 0.1785023 0.1294094 0.2241392 -0.965927 -0.6346082 -0.3663927 -0.6804623 6.17681e-5 1 3.45011e-5 6.42721e-6 0.7327811 -0.6804646 -0.1294115 -0.2241592 -0.965922 0.2587834 0 0.9659355 0.7459603 0.4306808 0.5079934 0.866044 -0.4999679 8.90442e-5 -0.381103 0.924417 0.01461845 -0.2294568 0.9071093 0.3528487 0.9414735 0.335734 -0.03017216 -7.40962e-7 0 -1 -5.13173e-7 0 -1 -5.45263e-7 0 -1 0.1033257 -0.1789654 -0.9784146 0.7459653 -0.4306836 0.5079836 -1.66929e-6 -1 -4.34014e-5 -0.1294016 -0.2241299 -0.9659302 0.6346121 0.3663914 -0.6804593 -3.01723e-6 -0.7327817 -0.6804639 -0.6346176 0.3663983 -0.6804504 0.8660162 0.500016 5.00867e-5 0.258771 4.5731e-7 -0.9659388 0.7459555 -0.4306874 0.507995 -4.72086e-5 -1 1.00167e-5 -0.6026763 0.7962796 0.05215579 -0.6256175 0.7614919 0.1695078 -0.6079101 0.7904347 0.07522195 -0.8660252 0.5000005 1.27244e-4 0.6346139 0.366389 -0.6804589 -0.396626 0.5908851 0.7025259 -5.51765e-6 -0.7327957 -0.6804488 0.8660426 0.4999702 1.74377e-5 0 -1 -7.9682e-7 -0.2035352 -0.1476089 0.9678766 0.2035359 -0.1476096 0.9678764 -0.6346119 0.3663922 -0.6804591 0.129404 -0.2241306 -0.9659298 -3.98347e-6 -1.12397e-6 1 -7.20377e-6 -7.80184e-7 1 -3.00859e-7 0 1 0.7459613 -0.4306803 0.5079923 -0.8660331 0.4999868 5.37978e-5 0.634621 0.3663951 -0.6804491 -0.6346109 0.3663883 -0.6804622 0.8660294 0.4999932 1.27982e-4 -0.5706627 -0.8056461 -0.1589927 -0.5706627 -0.8056461 -0.1589927 0.3689237 0.9268202 0.0699976 -0.6505037 0.7591066 -0.02454107 0.4252317 0.9050838 0.001163065 -0.6346205 -0.3663969 -0.6804485 4.75323e-6 -0.7327877 -0.6804573 -0.8659753 0.5000871 -1.19826e-4 0.8660758 0.4999126 -5.41546e-5 -1.08457e-5 0.8613672 0.5079829 -0.1293957 0.2241185 0.9659336 -0.8660619 0.4999369 3.5613e-5 -0.9930888 0.117322 -0.003227889 -0.8462638 -0.4744059 -0.2424392 -0.8360635 -0.5304798 0.139961 -0.5699008 0.8138462 0.1134343 -0.5699008 0.8138463 0.1134343 0 0 1 2.38527e-7 0 1 2.21716e-7 0 1 5.52356e-7 0 1 -5.26965e-6 -0.7327857 -0.6804596 0.1293926 0.2241119 -0.9659355 4.2355e-7 0 1 0 0 1 5.54413e-7 0 1 -2.49372e-6 -1.23135e-6 1 -9.58418e-7 -9.15469e-7 1 2.34085e-7 0 1 2.73302e-7 0 -1 5.9093e-7 0 -1 5.30882e-7 0 1 0 0 1 -0.8660216 0.5000066 -2.70834e-5 -0.7459599 -0.4306825 0.5079926 6.48135e-7 0 1 1.01321e-6 0 1 1.41821e-7 0 1 0.745963 -0.4306879 0.5079835 -1.1231e-4 -1 2.37419e-5 -0.5708224 -0.8055344 -0.1589848 -0.5708224 -0.8055344 -0.1589848 -0.5708224 -0.8055344 -0.1589848 1.09735e-5 0.73279 -0.6804549 0.1293948 -0.2241215 -0.965933 2.30806e-7 0 -1 0 0 -1 -2.76922e-7 0 -1 0 0 -1 0 0 -1 1.08165e-6 0 -1 1.77494e-7 0 -1 5.21846e-7 0 -1 -1.23469e-7 0 -1 2.05778e-6 0 -1 0 0 -1 2.00953e-7 0 1 0 0 1 5.69986e-7 0 1 -5.51762e-6 -0.7327876 -0.6804575 -0.8660318 0.499989 -2.00354e-5 0.05891126 0.0340113 -0.9976837 3.38331e-7 0 1 -4.48685e-7 0 1 -0.6346187 0.3663941 -0.6804517 0.8660358 0.499982 8.68165e-5 0.258781 -3.11803e-7 -0.965936 -3.6417e-7 0 -1 2.25454e-7 0 -1 -1.11434e-6 0 -1 1.29375e-7 0 -1 0 0 -1 -2.20619e-6 0.861362 0.5079917 0.6862429 0.3962045 -0.6099941 -2.48246e-6 0.7924059 -0.6099942 -0.634602 0.3663918 -0.6804686 0.866017 0.5000146 -6.9359e-5 0.2588489 2.72999e-6 -0.9659178 -4.94971e-7 0 1 2.72673e-7 0 1 3.32922e-7 0 1 0 0 -1 0.7012417 -0.4048641 -0.5868094 -2.14604e-6 -0.7924053 -0.6099951 -2.6361e-6 0 1 -2.60395e-6 0 1 0 0 1 -8.33614e-7 0 -1 -2.27435e-7 0 -1 -2.49418e-7 0 -1 -0.7061735 -0.4077105 0.5788707 1.13407e-6 1.44681e-6 1 0 6.05099e-6 1 2.18951e-6 0 -1 6.21578e-7 0 -1 5.88626e-7 0 -1 -1.79755e-6 0 -1 0 0 -1 -0.686244 0.3962018 -0.6099945 0.6862453 -0.3962017 -0.6099932 0 0 -1 0 0 -1 -0.07130247 -0.04116833 0.9966048 0.6346135 -0.3663964 -0.6804553 0.1765142 0.9416363 0.2866427 0.1843733 0.8871478 0.4230547 -0.7239862 0.183292 -0.6650174 -0.6346116 0.3663944 -0.6804582 0.1293925 -0.2241107 -0.9659359 6.9102e-7 0 -1 6.48964e-7 5.30279e-6 -1 -0.6862433 -0.3962011 -0.6099957 0.711569 -0.4108223 0.5699953 2.38772e-7 0 1 -0.1213628 0.003947675 0.9926005 0.1834876 -0.04753983 0.9818718 0.7030996 0.3740217 0.60478 0.7459742 -0.4306918 0.5079636 3.15265e-6 -1 1.18688e-5 0.6346136 -0.3663899 -0.6804587 -0.6346169 0.3663906 -0.6804553 9.55535e-7 0 1 8.58253e-7 0 1 7.43709e-7 0 1 0.2971079 0.7172839 -0.6302624 0.7172833 0.2971093 0.6302624 0.7172834 0.2971091 -0.6302626 1.53042e-5 -1 -9.64629e-6 -0.7459586 -0.4306809 0.5079958 -0.2270135 -0.3301919 -0.9162087 -0.4195423 -0.1098421 -0.9010655 -0.07900571 -0.3979306 -0.9140074 -0.6026555 -0.7963042 -0.05201971 -0.6256166 -0.7614974 -0.1694864 -0.6078943 -0.7904579 -0.0751065 -5.38419e-6 -0.8613674 0.5079827 0.634607 0.3663897 -0.6804649 -0.7592282 0.6484642 0.05537939 0.3596524 0.9328361 0.02161151 -0.3821198 0.9241103 -0.002147316 1.72557e-7 0 -1 -4.66039e-7 0 -1 8.3213e-7 0 -1 0.1195989 -0.5459844 -0.8292148 -0.0631476 -0.06556171 0.9958484 -0.9942381 0.004409849 -0.1071039 -2.50052e-6 -0.7327873 -0.6804579 0.1293926 0.2241141 -0.965935 -0.6318846 0.7448814 0.2141813 -0.6372044 0.7240569 0.2640309 -0.6331492 0.7407145 0.2246422 0.6626383 0.5709939 0.4846408 0.1332735 0.5466041 -0.8267177 0.759183 0.510725 -0.4034863 0.435279 0.8923146 0.1196114 -0.518159 0.5969543 0.6125006 -3.90587e-6 0.7327886 -0.6804563 0.1921727 0.9584826 -0.2106675 -0.3446652 0.2948108 -0.891231 0.2955828 0.860866 0.4141746 -0.6346126 -0.3663982 -0.6804552 -7.66868e-7 0 1 -1.958e-7 0 1 -4.11926e-6 0.8613609 0.5079937 -0.8660486 0.4999599 -2.96812e-6 0.4202091 0.07015359 0.9047114 0.135299 0.02258789 0.9905473 0.4202091 0.07015359 0.9047115 -0.7485203 0.6616902 -0.04339939 -0.9328308 -0.3596671 0.02159935 0.3680934 0.9297741 -0.005228638 -0.6615154 -0.05238705 0.7480996 -0.52918 0.006942868 0.8484812 0.9900421 0.02500277 0.1385337 -0.009320974 0.05647045 -0.9983608 0.8818725 -0.2158691 -0.4191675 -3.67845e-6 -0.7327896 -0.6804553 -0.7459633 0.4306805 0.5079892 0.1994629 -0.5362899 0.8201267 -0.5735279 -0.6707162 -0.4703249 -0.4920165 0.07876718 0.8670154 -0.6026492 -0.7963101 -0.05200093 -0.6256071 -0.7615099 -0.1694652 -0.6078872 -0.7904652 -0.07508677 -0.6704617 -0.4129405 -0.6164101 -0.5021074 -0.8631554 -0.05339586 -0.416854 -0.8973597 0.1448393 -0.6318817 0.7448937 0.2141471 -0.6372057 0.7240554 0.2640318 -0.3882786 0.4542503 0.8018082 -0.8524882 -0.4754208 0.2173451 -0.9713394 0.1428057 -0.1900168 -0.7529233 0.6251828 -0.2055554 -0.09697842 0.3297142 -0.9390867 -0.4384061 0.8986654 0.01416355 -0.3444868 -0.3776024 -0.859503 0.7459648 -0.4306849 0.5079833 0.2588043 1.3165e-6 0.9659298 0.9072918 -0.4172007 0.05258512 0.8824444 0.4698677 0.02272027 0.175627 0.9325653 -0.3154 -5.53846e-6 -0.7327799 -0.6804658 0.1294094 0.2241412 -0.9659265 -0.1294112 0.2241402 -0.9659265 -0.6346087 -0.3663915 -0.6804625 -4.88323e-7 0 1 -6.6415e-7 0 1 -8.008e-7 0 1 0.634617 0.3663957 -0.6804525 -0.865985 0.5000701 -3.37617e-5 -0.258782 2.77158e-7 0.9659358 -0.7459617 -0.4306803 0.5079919 -0.7459618 0.4306809 0.5079911 -6.01683e-7 0.8613691 0.5079796 0 0 1 -5.19004e-7 0 1 -5.46754e-7 0 1 -0.3966279 0.5908847 0.7025252 0.866023 -0.5000043 8.6422e-5 -0.634606 -0.3663865 -0.6804676 0.6346031 0.3664018 -0.6804622 -0.6346124 0.3663921 -0.6804587 0.1294066 -0.2241374 -0.9659277 2.45763e-5 -1 -8.45797e-5 -0.7394601 -0.03344982 -0.6723688 -0.09569513 -0.1736986 -0.9801384 -0.9403813 0.198899 -0.2759028 -0.631905 -0.7448344 -0.2142845 -0.6372223 -0.7240028 -0.2641359 -0.6331693 -0.7406656 -0.2247471 -0.6982769 -0.4031497 -0.5915064 -5.51763e-6 0.7327848 -0.6804606 -0.8660283 0.4999952 -1.58749e-4 0.6345995 0.3663943 -0.6804696 -0.6862459 0.396198 -0.6099948 1.58541e-6 0 -1 1.62368e-7 0 -1 -3.98804e-6 -0.861368 0.5079815 -1.49664e-7 0 1 0 0 1 0.6346224 0.3663942 -0.6804482 4.67023e-7 0 1 -1.93057e-7 0 1 -5.94845e-7 0 1 0.1826895 0.9709095 0.1547882 -0.569849 0.8138833 0.1134295 -0.569849 0.8138833 0.1134295 -0.569849 0.8138833 0.1134295 -2.81058e-6 0.7327921 -0.6804527 -0.1294015 -0.2241384 -0.9659282 -2.00256e-5 0.7327851 -0.6804603 -0.7459686 -0.4306841 0.5079786 0.3608824 0.1143903 0.9255695 0.2572962 -0.2953327 0.9200964 -0.2944405 -0.05147051 0.9542828 -0.6484907 -0.759207 -0.055359 0.3681033 -0.9297703 0.005229413 -0.9328343 0.3596579 -0.02159887 0.6346165 0.3663921 -0.6804548 -0.6346082 -0.3663936 -0.6804619 0.186519 0.940425 0.2842738 0.1939301 0.8856639 0.4218894 -0.7312129 0.1970722 -0.6530622 -0.5055113 0.8627645 -0.009791731 -0.4875598 0.1237821 0.8642705 -0.8000323 -0.5293729 0.2823343 0.7459669 -0.4306861 0.5079792 0.4686663 0.1386645 -0.8724244 0.1690351 0.8972269 -0.4079352 0.4261014 0.3891437 -0.8167036 3.45118e-6 -0.73279 -0.6804549 -8.2073e-6 0.861378 0.5079647 0.7459573 -0.4306823 0.5079967 -0.9256916 0.3769471 0.03172153 -0.4427099 0.8451327 -0.2995976 -4.59219e-6 0 -1 -0.9291438 -0.0652951 0.363907 -0.6346178 0.3663935 -0.6804529 0.569878 -0.8138747 -0.1133445 0.5698781 -0.8138748 -0.1133445 0.5698781 -0.8138748 -0.1133446 0.6346042 -0.3663976 -0.6804634 2.45757e-5 1 8.49485e-5 -0.6021261 0.7592625 0.2469103 -0.9073535 -0.3260032 -0.2653897 -0.2915332 -0.9565608 2.92021e-4 -0.5698273 0.8138955 0.1134506 -0.5698273 0.8138955 0.1134506 -0.5698273 0.8138954 0.1134506 -4.44315e-6 0.7327874 -0.6804578 -8.19199e-6 -0.8613774 0.5079657 -0.5699426 -0.8138147 -0.1134517 -0.5699426 -0.8138146 -0.1134517 -0.5699427 -0.8138146 -0.1134517 0.7459664 0.4306843 0.5079816 0.8660429 -0.4999699 1.33547e-5 0.745967 0.4306898 0.5079759 0.5698473 -0.8138863 -0.113417 0.5698473 -0.8138862 -0.113417 -0.2016273 -0.6560489 -0.727287 -0.7459671 -0.4306824 0.5079822 0.6346163 0.366393 -0.6804546 -0.6346126 0.3663915 -0.6804589 -0.3373582 -0.006207168 -0.9413559 6.15413e-7 0 1 -4.37781e-7 0 1 -1.26e-7 0 1 -0.491759 -0.7675157 -0.411209 -0.3226925 -0.943621 0.07381695 -0.6746511 -0.1081734 -0.7301674 0.7191482 -0.3512206 -0.5995583 -5.23596e-6 -1 0 -0.01467674 -0.8994765 -0.4367226 -0.96408 -0.002568125 0.2655998 -0.6950367 0.002777695 -0.7189689 -0.9715576 0.01020944 0.2365833 1.6521e-6 2.45815e-6 -1 9.4992e-6 1.57045e-6 -1 0.8782247 -0.4744252 -0.06034922 0.1090716 0.9316598 0.346574 0.5664594 0.8188881 0.09244561 -0.2367887 0.9655147 -0.1082239 -0.2521755 -0.0522204 -0.9662716 -0.9155229 0.1328639 0.3796908 0.150425 0.03756439 -0.9879076 0.644086 -0.04179453 -0.7638106 0.04795426 0.9972985 0.05564397 0.9922844 0.1135473 -0.04978704 -0.1817412 0.9832477 0.0139352 -0.6386609 -0.7477148 -0.1817549 0.7695265 -0.5474868 -0.3287663 0.8660227 0.5000048 0 0.8660238 -0.5000027 0 0.9448969 -0.3112872 0.101342 0.9448969 -0.3112872 0.101342 0.9448969 -0.3112872 0.101342 0.07019054 -0.9975205 -0.005114197 0.9597921 0.04348862 -0.2773225 0.9969093 0.04680782 -0.06309562 -0.06500858 0.2399473 0.9686068 -0.08374232 -0.3945879 0.9150343 0.02920746 0.2391055 0.9705543 -0.9323607 0.3498588 -0.09111762 0.41912 0.6279941 0.6557148 -0.4796562 0.8184755 0.316272 -0.6993837 0.4037874 -0.5897611 -0.686243 -0.3962042 -0.6099942 -0.2678784 0.1873613 0.9450593 -0.2074754 -0.1057022 -0.9725128 -0.4796968 0.701456 0.5271152 -0.6349723 0.5888106 0.5001124 -0.4805206 0.7009567 0.5270292 -0.6136835 0.7806755 -0.1180609 0.8715487 0.48136 -0.09324914 0.8583388 0.5130834 0 -0.002474904 -0.00266093 -0.9999935 -0.02593606 0.02734535 -0.9992896 -0.9162093 0.3850523 -0.110885 -5.25788e-6 1 0 0.8660242 0.5000023 0 0.7947877 0.4422273 -0.4156292 -0.8504345 -0.5232338 -0.05465853 -0.1300857 0.4921665 0.8607265 -0.4362418 0.8506954 0.2932758 -0.8897743 0.4532359 -0.05365681 -0.5079284 0.1047545 0.855006 -0.7922065 -0.5821235 0.1831421 -0.03746736 0.5956756 -0.8023508 -0.2804092 0.9013963 0.3299325 -0.8660267 0.4999978 0 -0.8660258 -0.4999994 0 0.0195418 -0.4040524 -0.9145271 -0.9958506 0.01202481 -0.09020525 0.3097597 -0.6377701 -0.7051938 -0.5165955 0.7712656 0.3718585 -0.9418098 -0.3347048 0.03109675 -0.9698188 -0.2438272 0 -0.02474856 -0.2205451 0.9750629 -0.02474856 -0.2205451 0.9750629 0.3945966 0.917951 -0.04073947 0.9325024 -0.297453 0.2048441 0.8642173 -0.5029217 0.01408797 0.9959492 -0.08907711 0.01226931 4.45751e-7 0 1 -2.79795e-6 -8.26798e-7 1 0 -1.46089e-6 1 0.9565804 0.2901182 -0.02802777 0.9611388 0.2683364 -0.06486868 0.9638271 0.2471039 -0.09988522 0.7695302 -0.5474852 -0.3287603 0.5135773 -0.09604912 -0.8526505 0.2414577 -0.8710623 -0.4277251 0.7032608 0.665799 0.2492707 1 2.41772e-7 0 1 0 0 1.9041e-7 0 1 0 0 1 -2.45182e-7 0 1 -7.78049e-7 0 1 -4.14499e-7 0 1 -0.1601684 -0.3135343 0.9359714 0.6212539 -0.7670465 0.1602606 -0.8160616 -0.5440354 -0.1951128 -0.6352522 -0.7681837 0.07967859 -0.3489946 -0.9370203 0.01399433 -0.3541092 -0.9352042 0 0.4647238 0.7674538 0.4416409 0.4647238 0.7674537 0.4416409 0.4647238 0.7674537 0.4416409 -0.6077039 -0.6880669 0.3965603 -0.8193039 -0.1959298 0.5388438 -0.8348355 -0.02142316 0.5500825 -0.6862438 -0.3962024 -0.6099944 -5.78224e-6 -1.01571e-5 -1 -2.17866e-6 -0.7924063 -0.6099938 1.38003e-5 0 -1 -0.3408996 -0.28927 -0.8944889 -0.4089159 -0.235047 -0.8817827 -0.4897457 -0.1644773 -0.8562106 -0.6862432 0.3962023 -0.6099951 -3.08746e-7 0 1 0 -2.00325e-7 1 -8.259e-7 0 1 0.9744911 0.2231177 0.02420234 0.2149007 -0.9747173 0.06118851 -0.9162226 -0.3239852 -0.2357325 0.233601 -0.9715893 0.03801059 0.4672526 0.3988941 -0.7890238 -0.9570367 -0.1430847 -0.2522053 -0.8461908 0.4427377 -0.2965548 -0.9607111 -0.1003791 -0.2587631 -0.9328245 0.3184638 -0.1685807 -0.834814 -0.4794409 0.2705959 -0.2703976 -0.9294832 -0.2508905 0.238334 0.8754414 -0.420475 -0.7127456 -0.1911139 -0.6748846 0.8038415 -0.02916103 -0.5941283 0.9873452 0.1354104 0.0825442 0.9760822 -0.2161125 -0.02364188 0.207004 0.9000119 -0.3835728 -0.2469031 -0.03752332 -0.9683135 0.676777 0.01902842 -0.7359422 -0.209322 0.3766633 0.9023908 0.09972292 0.674574 0.7314405 0.3345736 0.8112438 0.479525 -0.7484964 -0.6617172 0.04339879 -0.2349416 0.9693207 -0.07224929 0.600868 0.5284895 -0.5997138 0.3913115 0.8604711 -0.3262894 0.1881636 0.9820235 0.01497167 -0.9771039 0.1500396 0.1508518 -0.9890177 0.1275019 0.0747475 0.03254264 0.3286811 0.9438802 0.6346532 0.1720415 0.7534037 0.6346532 0.1720415 0.7534037 0.557918 0.6675113 0.4931088 -0.8047956 -0.5923673 -0.03748553 -4.90735e-6 1 0 -0.3631147 0.9317288 0.005422711 -0.6700875 0.7416482 0.03067308 -0.3650619 0.9309833 0 -0.341063 -0.2354294 0.910082 0.1771875 -0.4384323 0.8811253 3.27891e-7 0 1 3.78738e-7 0 1 4.50211e-7 0 1 2.40797e-7 0 1 0 0 1 4.61497e-7 0 1 0 -1 0 -0.8660273 0.4999969 0 -0.9756492 0.1005915 -0.1949102 -0.02913886 0.340894 -0.9396501 0.9955516 0.05762416 0.07454222 4.17769e-6 1.89201e-6 -1 1.29216e-7 0 -1 5.87158e-6 -2.74994e-6 -1 -0.8508983 -0.2089515 -0.4819871 -0.7303758 0.6789115 0.07503533 -4.71637e-7 0 -1 0 0 -1 -1.88411e-7 0 -1 -0.91924 -0.2400269 -0.3120657 0.4646582 -0.7674345 -0.4417433 0.4646582 -0.7674345 -0.4417433 0.4646582 -0.7674346 -0.4417433 -9.42036e-6 1 0 -0.8660256 0.4999999 0 3.16756e-6 0 1 2.2005e-7 0 1 2.18163e-6 0 1 0.9191482 0.2583575 -0.2973521 0.9377061 0.2864785 -0.196564 0.6862429 -0.3962047 -0.609994 -5.24692e-6 -1 0 -0.8660265 -0.4999983 0 -5.14834e-6 -1 0 -8.25925e-6 1 0 0.2877426 -0.9374649 -0.1958668 0.2941673 -0.8646751 -0.407189 0.8902804 0.005772829 0.4553762 0.9892641 -0.1392174 0.04444104 0.2915011 0.251163 0.9230084 -0.9370207 0.3489938 -0.01399302 -0.9352045 0.3541083 7.47362e-7 0.6806805 -0.7135239 -0.1660058 0.5844402 -0.7804459 0.2221123 0.6873659 -0.6789233 -0.2580528 -0.4574912 0.04728531 0.887956 -0.7087732 -0.4092105 0.5746194 -5.84939e-6 -1 0 0.9902311 -0.1330273 0.04178774 0.299915 0.9520714 -0.06009292 0.1076497 0.9940777 -0.01487404 -3.5186e-6 -0.8050595 -0.5931941 -0.08391916 -0.1918038 -0.9778389 0.8660243 0.500002 0 0.2164258 0.9762991 0 0.6087497 0.7933624 0 -0.8660246 -0.5000016 0 -0.6830618 -0.6126005 -0.3976773 -0.8837457 0.467675 -0.01654458 -0.8168031 -0.576916 8.40483e-4 -0.8725834 0.4876159 -0.02879655 0.8660237 -0.500003 0 0.573066 -0.3337402 -0.7484737 -0.866026 0.499999 0 -3.59288e-6 1 0 -2.56322e-6 1 0 -0.9442473 -0.1298074 0.3025676 -0.2703933 -0.1096233 0.9564886 -0.4190016 0.5752642 0.7025019 -0.4190017 0.5752642 0.7025018 -0.8645702 -0.5025095 0.001626193 -0.8241503 -0.5160391 0.2334094 0.3738018 0.6909826 -0.6187208 0.4997531 0.1651715 -0.8502737 -0.404013 0.5779756 0.7090259 -0.404013 0.5779756 0.7090259 0.09522569 0.03813391 -0.9947251 0.09522569 0.03813391 -0.9947251 0.09522569 0.03813391 -0.9947251 -0.6648442 -0.02199667 -0.7466582 -0.2063142 0.0382114 -0.9777395 -0.6648442 -0.02199667 -0.7466582 -0.9938397 0.08161759 0.07497459 -0.6124433 -0.04968446 0.7889516 -0.5692347 0 0.8221752 -0.9183217 0.3952909 0.02074623 0.712413 -0.3939225 0.5807692 -0.93378 -0.1953926 -0.2997946 0.4238908 0.8639353 -0.2719052 0.3146653 -0.1093621 0.9428817 0.941815 -0.3361319 0 -0.6382246 0.7186163 0.2761521 -0.7681809 0.6352561 -0.07967436 0.8660244 0.5000018 0 0.6972958 -0.4025869 -0.5930451 0.8660238 0.5000027 0 0.7878176 0.5559586 -0.2650538 0.6953769 0.5978895 0.3987219 0 0 -1 -1.835e-7 0 -1 1.35076e-7 0 -1 0.8603074 -0.5030086 -0.08278697 0.8725973 0.4883698 0.008315861 0.8627442 -0.494229 -0.1068192 0.6087709 -0.7933462 0 0.6087409 -0.7933692 0 0.485101 -0.6321799 0.6041736 -0.223201 -0.3964343 0.8905174 -0.06822437 0.3290058 0.9418603 -0.5716507 0.805593 0.1556772 -0.5716507 0.8055931 0.1556772 -0.5716507 0.8055931 0.1556773 -0.8660251 -0.5000006 0 -0.1470486 -0.8201993 -0.552856 -5.17025e-6 -1 0 -0.6297829 -0.751091 -0.198081 -0.761085 0.6193281 -0.1928274 -1.7382e-7 0 1 0 0 1 -0.6297919 0.7510792 0.1980965 -0.832212 0.5257849 -0.1759929 -0.492088 -0.8692066 0.0482639 -0.5317699 -0.846889 0 0.7332566 0.5642498 0.3794167 0.6105243 -0.0140751 -0.7918725 0.9650408 0.01353585 0.2617505 0.9681444 0.0349915 0.247936 -0.9561614 -0.2915447 -0.02751642 -0.9034664 0.1099199 -0.4143262 -0.1665085 0.5942761 0.786836 0.7057108 -0.1980863 0.6802456 -0.8418582 -0.0372653 0.5384107 -0.8945384 0.4469532 0.005818963 -0.8084313 -0.5885907 2.82653e-4 -0.8928746 0.4503024 -0.001642644 0 0 1 0 0 1 -1.37868e-7 0 1 -0.2211099 -0.1306444 0.9664588 -0.8966283 -0.276362 -0.3459509 -0.9624992 -0.125841 -0.240332 -0.1149264 -0.8827876 -0.4554975 -0.9596956 -0.1610532 -0.2303176 -0.8969344 -0.4418133 -0.01759833 0.5962086 0.07414698 -0.7993982 -0.971559 -0.04115623 -0.2331939 -0.9818717 0.03109234 -0.1869795 0.7695232 -0.5474942 -0.3287615 -0.4547914 -0.4034732 0.7939611 0.2414371 -0.8710512 -0.4277593 0.3108689 0.241859 0.9191653 -0.6297969 0.751075 0.1980969 0.4965077 0.821023 -0.2817826 0.4274886 0.7294976 -0.5339352 0.4274886 0.7294976 -0.5339353 -0.7884688 -0.4211165 0.4483055 -0.3088247 0.9429889 0.1240937 -0.9762029 -0.01880371 0.2160426 0.6823161 0.5883415 0.4339345 -0.9098089 -0.3690874 0.1897957 -0.8778039 -0.4396036 -0.1902866 -0.5701563 0.8143671 0.1082963 -0.5701563 0.8143671 0.1082963 0.6836108 0.5695977 0.4563274 -0.6382257 0.7186151 0.2761526 0 0 1 0 0 1 -2.82857e-7 0 1 3.52543e-7 1.12218e-6 1 6.10721e-7 4.72954e-7 1 0 3.46726e-7 1 -0.9693855 0.1577469 0.1881695 -0.9328239 0.3184635 -0.1685844 -0.834808 -0.4794476 0.2706028 -0.2704 -0.92949 -0.250863 0 0 1 1.47395e-7 0 1 -0.173807 0.7840385 0.5958815 0.2454249 -0.8187567 0.5190417 0 -1 2.99158e-7 -0.2450423 -0.8174721 0.5212424 0 0 1 3.21933e-7 0 1 2.19878e-7 0 1 -4.75407e-7 0 1 0 0 1 2.89554e-7 0 1 0 0 1 0 0 1 -2.00869e-7 0 1 2.62794e-7 0 1 0 0 1 0 0 1 0 0 1 1.53514e-7 0 1 0 0 1 0.2454274 0.8187552 0.5190428 0 0 1 3.60575e-7 0 1 0 0 1 -2.92029e-7 0 1 -0.2456418 0.8194725 0.5178079 0 1 7.5102e-7 0 0 1 0 0 1 0 0 1 -0.9446588 0.2359699 0.2278993 -0.9446588 0.2359699 0.2278993 0 -1 2.30794e-7 0 1 -9.39861e-7 0 1 -1.36628e-6 0 1 -9.5965e-7 -0.8660236 -0.5000033 0 -6.48045e-7 -4.3233e-7 1 2.07804e-5 1.90586e-5 1 1.46148e-6 1.37887e-6 1 -5.21939e-7 0 1 0 0 1 0 0 1 -6.51248e-7 -2.95962e-7 1 2.42496e-7 0 1 -1.29439e-7 0 1 0 0 -1 0 0 -1 -5.10196e-7 1.58149e-7 -1 0 0 -1 0 0 -1 -0.2971096 0.7172822 -0.6302635 0 0 -1 0 1.97475e-7 -1 -2.64676e-7 0 -1 0 0 -1 -0.7172843 0.2971073 -0.6302623 0 0 -1 -2.51305e-7 0 -1 -0.8660241 -0.5000023 0 -0.8660251 0.5000005 0 -0.8660233 -0.5000039 0 -0.648923 0.7607455 0.01285332 -0.341863 0.9396958 0.01007819 -0.6288478 0.7768869 0.03157931 -3.0532e-6 -0.8009523 -0.5987281 9.11858e-7 0 1 0 0 1 -1.27619e-7 0 1 -0.5518246 -0.7485068 -0.3677325 -0.1315571 -0.3178556 -0.9389678 -0.7652323 -0.02083671 0.6434169 0.6461722 -0.7631747 0.005101859 0.3426796 -0.9394442 0.003914713 0.6386076 -0.7694324 0.0124185 -0.8672823 -0.4525022 -0.2075165 -0.8708651 -0.4725184 -0.1353535 2.47439e-7 0 -1 2.1377e-7 0 -1 0.966902 -0.2306827 0.1090233 0.9930183 0.1179494 -0.001667439 -0.3668193 0.8778972 0.3077991 0.09837222 0.03606772 0.9944959 0.5843659 -0.8019099 -0.1243271 0.6892722 -0.7245025 0 0.6648402 0.02199703 0.7466617 0.6648402 0.02199703 0.7466617 0.2063004 -0.0382561 0.9777407 -5.26882e-6 1 0 0.8660231 0.5000042 0 0.8660231 0.5000041 0 -1.31499e-7 0 -1 -0.3191776 -0.01285332 -0.9476078 0.8660241 -0.5000023 0 -0.9542033 -0.253299 0.1591727 -0.9363972 -0.3114839 -0.1616728 -0.8720213 0.4860909 -0.05739808 0.2511612 0.2343964 -0.939136 -0.8642845 0.5029897 -0.003709137 -2.53034e-6 -1 0 -0.8660241 -0.5000023 0 -0.0393939 -0.8312732 0.5544664 -2.62894e-6 1 0 -0.8660265 0.4999983 0 -3.60384e-6 1 0 -0.6376124 0.00944209 -0.7702996 -0.9753191 0.03738033 0.2176128 -0.6376125 0.00944209 -0.7702995 0.6331261 -0.7682051 0.09493261 0.6771315 -0.6906449 -0.2539737 0.5991483 -0.7720253 0.2121285 -0.242325 -0.1427831 0.959631 0.114282 0.0593127 0.9916762 -0.4706023 -0.151591 0.8692259 -1.99116e-6 0 1 -1.79551e-6 0 1 -7.52945e-7 0 1 -0.7390138 0.5549373 -0.381973 0.540714 0.8305218 -0.1336489 0.5647994 0.8003893 -0.2009443 -0.7592161 -0.6484792 -0.05536973 -0.4653993 -0.8821005 0.07281625 0.1897851 -0.1905882 -0.9631499 0.2518585 -0.1357157 -0.9582007 -0.0848779 -0.1070013 -0.9906294 0.5113077 -0.8298298 -0.2234886 0.3246925 0.2184506 0.9202468 0 0 1 0 0 1 0 0 1 0 0 1 -1.63165e-7 0 1 -2.08034e-7 0.4086083 0.91271 0.9373636 0.0449661 0.3454384 0.796135 -0.0564469 -0.6024805 0.0583409 0.07970249 0.99511 -0.01160198 -0.01456981 0.9998266 0.4493166 -0.6937621 0.5628578 -0.9595527 -0.2182731 0.1778079 -0.3853395 0.9007871 0.2002406 -0.9497663 -0.2088816 0.2330502 -0.63824 -0.7185654 -0.2762489 0.856021 -0.4445641 0.2638008 0.856021 -0.4445641 0.2638008 0.8560211 -0.4445641 0.2638008 -0.8764035 -0.4766759 0.06853485 -0.119512 0.4956705 0.8602486 0.2318136 0.9723339 0.02879917 0.2971106 -0.7172831 0.6302621 8.63451e-7 1.63104e-7 1 -6.84868e-7 1.33788e-6 1 2.46155e-6 0 1 -0.7308292 -0.4108672 -0.5450476 0.6836764 -0.7292341 0.02836155 0.7030181 -0.6474095 -0.2943238 0.667533 -0.7369403 0.1063897 -0.7046367 0.7033903 -0.09343069 -3.08801e-6 0.7986107 -0.6018481 -0.6862434 0.3962023 -0.6099949 0.5711961 -0.7710092 -0.2815667 0.4069035 -0.6136554 -0.6766511 0.4069036 -0.6136554 -0.6766511 -0.9120154 0.3212665 -0.2549821 -0.6862427 -0.3962042 -0.6099944 -4.23178e-6 -0.8015105 -0.5979808 -0.6388261 -0.7652754 0.07908767 -0.5544097 -0.4436594 -0.704128 0.1225709 0.81594 0.5649941 -0.3977289 0.9165054 0.04277378 0.9159036 -0.4013807 0.003801703 0.9154784 -0.4023615 0.002151906 0.9149186 -0.4036385 0 -0.9448262 0.2674549 -0.1891336 0.2164517 0.9754886 -0.039631 -0.9906515 0.1292897 0.04351896 -0.9344874 -0.1255028 -0.3331401 -2.32842e-6 0.8051682 -0.5930467 0.2164152 -0.9763015 0 0.6087408 -0.7933692 0 -0.6947882 0.4011318 -0.5969613 -0.699352 -0.4037727 -0.5898088 -2.99041e-6 -1 0 0.8660233 -0.5000039 0 -0.9328262 -0.3184632 0.1685723 -0.8348212 0.479445 -0.2705666 -0.2704153 0.9294822 0.2508755 -0.9994307 0.03217411 -0.01016443 -0.6297929 -0.7510769 -0.198102 -0.1241773 0.08541846 0.9885766 -0.4804639 -0.6408336 0.5987378 1.43281e-6 0 1 3.23515e-6 0 1 -4.96748e-7 0 1 0.2558457 0.9520971 0.167494 -0.9289949 0.369881 -0.01251435 -0.9308898 0.365193 0.008855521 0.7039419 0.5436021 0.4571242 0.7781175 -0.4016369 -0.4829295 0.9889696 0.1404917 -0.04691809 -0.1464379 -0.983399 -0.1071561 -0.1654461 -0.9825336 -0.08517962 -0.07241106 -0.9789988 -0.1905732 -0.8660289 0.4999941 0 -3.85577e-6 1 0 -0.8660238 0.5000027 0 0.8660217 -0.5000066 0 -0.3227249 0.0463829 -0.9453557 0.7172832 -0.2971062 0.6302642 -1 0 0 -0.4997093 0.1133522 0.8587445 -0.4997327 -0.1650907 0.8503012 -0.4039934 0.5779309 0.7090736 -0.4039934 0.5779309 0.7090735 5.53768e-7 0 1 0.3940877 -0.5403067 0.7434808 0.3940877 -0.5403067 0.7434808 0.3940877 -0.5403067 0.7434808 -0.6087566 -0.7933571 0 -0.6087505 -0.7933618 0 -0.6087609 -0.7933537 0 0.6008635 0.5284861 -0.5997214 0.3726547 0.8194554 0.4354555 0.188161 0.9820242 0.01496285 -0.02976036 -0.1055496 -0.9939687 -0.02976036 -0.1055496 -0.9939686 -0.02976036 -0.1055496 -0.9939686 -1.27963e-7 0 1 -1.75561e-7 -1.96335e-7 1 0.4773045 -0.6321003 -0.6104339 0.8418545 0.03726452 -0.5384166 0.7906223 -0.4489737 -0.4163402 -0.8560547 -0.4445384 0.2637348 -0.8560547 -0.4445384 0.2637348 -0.8560547 -0.4445385 0.2637349 -0.8027304 -0.5949536 0.04067343 -0.7293457 -0.3009952 0.6143752 -0.3348137 0.2156006 0.9172875 0.3280677 0.1819469 0.9269666 -5.22501e-6 -1 0 -0.8660264 -0.4999985 0 3.58674e-4 -0.9067119 -0.4217507 -0.2379475 -0.9708178 0.0298981 -0.2702314 -0.9627179 -0.01221883 0 4.52225e-6 -1 0.6996685 -0.4039535 -0.5893095 -1.98771e-6 0.7924062 -0.6099938 0.6457096 -0.3834872 -0.6603004 0.5776613 -0.8162095 0.01046073 0.02003383 -0.8437055 -0.5364324 -0.4039804 -0.5778777 0.7091243 -0.4039804 -0.5778777 0.7091243 0.4284808 0.3423557 0.8361799 0.3294383 -0.3253911 0.8863358 0.3818157 -0.9116749 -0.1518738 0.8501908 0.00321716 0.5264651 0.6075189 0.0481649 -0.7928437 -0.9906343 0.01331788 -0.1358916 -0.2164227 -0.9762998 0 -0.6087505 -0.7933617 0 -0.2164226 -0.9762998 0 -0.4078842 0.610669 0.678759 -0.4078842 0.610669 0.6787591 0.8660267 0.4999978 0 0.437092 0.1991106 0.8771008 -0.8411744 0.05358529 0.5381025 0.3595532 0.8017882 -0.4773439 0 0 1 4.36671e-7 0 1 -5.63437e-7 0 1 0 0 1 0 2.41703e-7 1 -0.7607819 0.01126569 0.64891 -0.2860617 -0.2295814 -0.9303016 -0.6982799 0.4031493 -0.591503 -3.40334e-7 0 1 0 0 1 0 0 1 0 0 1 0.6983414 0.4031893 -0.5914033 0.9449046 -0.3112663 0.1013337 0.9449047 -0.3112664 0.1013337 0.9449047 -0.3112664 0.1013337 0.1216842 0.0690481 0.9901643 0.8836005 -0.0897035 -0.4595688 0.422044 0.8670204 -0.264867 0.8009927 0.578485 -0.1541616 0.6460426 0.6034206 0.4674534 -8.59241e-7 0 1 -1.17411e-6 0 1 -1.20759e-6 0 1 1.29947e-7 0 1 2.76839e-7 0 1 -3.27523e-6 1 0 -0.8660261 0.4999989 0 -5.17026e-6 1 0 -4.00737e-7 0 -1 -0.3091195 0.7412763 -0.5957807 0.3348811 0.2447522 -0.9099182 0.9870561 -0.1441926 -0.0702058 0.2363027 0.9704717 -0.04843252 0.1749696 0.984543 0.007790803 0.8660249 0.5000009 0 -3.17664e-6 1 0 0 -1 0 0 -1 8.80291e-7 -0.8660243 0.500002 0 -0.8660266 -0.4999979 0 0.7623836 0.3995788 -0.5090267 0.7573651 0.5771812 0.3053849 -3.8539e-6 -0.7924062 -0.609994 -0.6994607 -0.403834 -0.589638 -0.02203696 0.9997309 -0.00725919 -0.02782642 0.9995355 -0.0124275 4.36087e-7 0 1 0 0 1 4.96362e-7 0 1 1.39315e-7 0 1 1.5952e-7 0 1 -6.15373e-7 0 1 7.18415e-7 0 1 -2.05306e-6 0 1 -0.985596 0.05010396 -0.1615245 -0.8319703 0.4466168 -0.3291791 -0.8319703 0.4466169 -0.3291791 -0.8319703 0.4466168 -0.3291791 -0.2943211 -0.2619497 0.9191069 0.4158587 -0.1139542 0.9022617 0.6163801 0.3069763 0.7251491 0.8560253 0.4445797 -0.2637606 0.8560253 0.4445797 -0.2637606 0.8560253 0.4445797 -0.2637606 0.2250332 0.9669121 -0.1201713 -7.68963e-6 1 0 -0.752931 0.6251827 -0.2055274 0.1398064 0.5266237 -0.8385236 0.6715489 0.5646795 0.4797492 0.5711867 -0.7710128 -0.2815762 0.4069074 -0.6136567 -0.6766476 0.4069074 -0.6136566 -0.6766476 0.6087496 0.7933624 0 0.6087741 0.7933437 0 -0.8660252 0.5000004 0 -0.6983183 -0.4031768 -0.591439 -0.5715798 0.8056531 0.155627 -0.5715798 0.805653 0.155627 -0.9939904 -0.06486332 -0.08818084 -0.5605418 -0.05054634 0.8265821 -0.2014428 -0.9778775 -0.05635911 -0.192986 0.9789434 0.06653082 1.03208e-6 4.87947e-7 1 2.22214e-6 1.04759e-6 1 5.16869e-7 1.51865e-6 1 2.18798e-6 1.13348e-6 1 1.55607e-6 2.37167e-6 1 0.9448976 -0.3112881 0.1013334 0.9448976 -0.3112881 0.1013334 0.9448975 -0.3112881 0.1013334 -0.1538507 0.6277961 0.7630218 -0.6087529 0.79336 0 -0.2164275 0.9762988 0 -0.6087527 0.79336 0 0.1398181 0.5266205 -0.8385236 0.6717061 0.5647554 0.4794396 -0.1863932 -0.9815534 0.04254966 -0.1243716 -0.9921047 -0.01612979 0.5478193 0.3329166 -0.7675029 -0.6699764 -0.7375572 0.084504 -0.5528503 -0.776578 -0.3021308 -0.681593 -0.7109292 0.1732358 0.7288575 -0.2953044 0.6177073 0.6190515 -0.7790855 0.09900069 0.6747531 -0.6880541 -0.2670016 0.567842 -0.783743 0.2515999 0 7.66644e-7 -1 -3.06178e-6 -0.7986115 -0.6018471 0 -1.23854e-7 -1 6.93331e-7 0 1 0 0 1 1.58836e-6 0 1 6.27768e-7 0 1 1.41811e-7 0 1 1.97747e-6 0 1 0 0 1 3.19337e-7 0 1 0 0 1 1.47848e-6 0 1 -0.6382228 0.7186213 0.2761433 0.5841329 0.4837595 -0.6517404 -0.5078426 -0.1073338 -0.8547369 -0.2773279 -0.4804034 -0.8320469 -0.6407295 0.287993 -0.7117063 -0.6994594 -0.4038308 -0.5896418 0.4646 -0.7675459 -0.4416108 0.4646001 -0.767546 -0.4416108 0.4646 -0.7675459 -0.4416108 0.3845775 0.8164489 0.4307105 0.3873884 0.8192181 0.4228615 0.866023 0.5000044 0 0.8660242 -0.5000023 0 -0.2971097 0.7172825 0.6302632 0.297108 0.7172837 0.6302627 0.7296549 -0.1090874 0.6750584 0.9679739 0.02864181 0.2494119 0.5635737 0.1069591 0.8191121 -0.1913893 0.9147952 -0.3556966 -0.5244586 -0.5418319 -0.6567811 0.2164558 0.9762924 0 0.608774 0.7933437 0 0.2164556 0.9762924 0 0.8560498 -0.4445369 0.2637528 0.8560499 -0.4445369 0.2637527 -8.2437e-7 0 1 -2.14267e-7 0 1 0 0 -1 0 -3.62264e-7 -1 -1.35144e-7 0 -1 0.4112204 -0.81752 -0.4031862 0.4237022 -0.8287615 -0.3655555 1 0 0 0.8701527 -0.3562276 0.3404943 0.930763 -0.3492289 0.1082574 -0.634712 -0.1720343 -0.7533558 -0.9128512 -0.4070384 -0.03197693 -3.08427e-7 0 -1 0 0 -1 0 0 -1 0 0 -1 0.6951175 -0.401328 -0.5964457 0.3548222 0.2387271 0.9039418 0.3125625 0.2102946 0.9263265 1.63e-7 1.30884e-7 -1 -1.67303e-7 3.5263e-7 -1 4.50635e-7 0 -1 0.900796 -0.255084 0.3514237 -0.1249896 0.4913107 0.8619696 -1.55536e-7 0 -1 -0.4893178 0.8721054 -5.7447e-4 -0.4088827 0.6076387 0.6808745 -0.4088827 0.6076387 0.6808746 -0.5029358 -0.6590167 -0.5592429 -0.2435713 0.3035939 -0.9211426 0.9992548 -0.03855711 0.001796364 0.3010325 0.2025194 0.9318612 0.9169822 0.2178144 -0.3342165 0.9459939 0.3145939 -0.07827097 0.9399574 0.3412176 0.007119834 -3.40257e-6 3.45055e-7 -1 -5.12436e-4 5.18643e-5 -1 -0.731267 0.0378701 -0.6810392 -0.9795203 -0.04197406 0.1969222 -0.950166 0.01120936 0.311543 -3.41021e-7 0 1 1.93626e-7 -1.26475e-7 1 -1.29751e-7 -6.90043e-7 1 -4.24132e-7 0 1 1.47372e-7 0 1 4.15823e-7 0 1 -0.599616 -0.5256745 -0.6034294 -0.6376185 0.009441912 -0.7702944 -0.9753189 0.03743398 0.217605 -5.14833e-6 -1 0 0.8660229 -0.5000044 0 -3.14376e-6 -1 0 0.2201418 -4.80634e-4 0.9754678 0.2201419 -4.80634e-4 0.9754678 0.2201418 -4.80634e-4 0.9754678 -0.866024 0.5000027 0 -0.9584974 -0.2788309 -0.05946683 -0.2519898 0.967377 0.0261352 -0.9868066 -0.1610407 0.01669275 -0.6616998 0.7485113 -0.04340672 0.300918 0.202458 0.9319115 0.6837162 -0.7291938 0.02843707 0.7030733 -0.647381 -0.2942547 0.6675637 -0.7368988 0.1064847 0.7406021 -0.6670678 0.08080303 0.6163523 0.3070034 0.7251613 -0.2943449 -0.26191 0.9191106 0.4158458 -0.1139483 0.9022683 -0.8699484 -0.4879851 0.07113611 0.8660229 -0.5000044 0 0.4914678 0.8325846 0.255465 0.6615539 0.7496409 0.01961958 0.8724101 -0.4847905 0.06227993 0.8628368 -0.5054826 0 -0.6680836 -0.7398215 0.07955265 -0.550691 -0.7777063 -0.3031706 -0.6802709 -0.7131645 0.1691977 -2.11462e-7 0 -1 -3.1184e-7 0 -1 -2.45658e-7 0 -1 -0.5431758 0.5747351 -0.6120782 -2.0922e-6 -1 0 0.8660251 -0.5000005 0 -1.09539e-6 -1 0 -1.54311e-6 0 -1 -1.42484e-6 0 -1 -9.8017e-7 0 -1 -7.58013e-6 -1 0 -1.75335e-5 0 1 -2.2421e-5 0 1 -3.53836e-7 0 1 4.04777e-6 0 1 -4.97934e-7 0 1 7.87711e-7 0 -1 1.9734e-6 0 -1 -1.34726e-7 0 -1 -4.60064e-6 1 0 0.6944139 -0.4009206 -0.5975384 0.866024 0.5000026 0 -9.30355e-7 0 -1 -3.86259e-6 -0.7924063 -0.6099936 -0.7088201 0.4092355 0.5745437 -3.82292e-6 1 0 -3.61477e-6 -1 0 1.51589e-5 0 1 1.94455e-5 0 1 1.08891e-5 -1.05625e-5 1 1.29126e-5 -1.25252e-5 1 -1.28289e-6 0 1 -9.62926e-7 0 1 0 0 1 0 0 1 2.77236e-7 -8.67997e-7 1 0 0 1 2.32272e-7 -1.29709e-6 1 0.6983398 0.4031898 -0.5914047 6.54363e-7 0 1 -1.7516e-6 0 1 4.62757e-7 0 1 0.8660253 0.5000004 0 -1.90063e-7 0 -1 -2.71656e-6 -1 0 8.72716e-7 1.59059e-7 1 2.69152e-7 -3.88188e-7 1 1.43042e-6 -5.86317e-7 1 1.8429e-7 0 1 7.29247e-7 1.62183e-7 1 -2.30641e-6 0 1 -1.21809e-5 8.99728e-6 -1 -1.27239e-5 1.07739e-5 -1 -7.47798e-6 5.68449e-6 -1 -2.22619e-7 0 1 3.28375e-7 0 1 7.50493e-7 0 1 -1.31615e-5 0 1 -6.58491e-7 0 1 -7.79718e-7 0 1 -4.85258e-6 1 0 0.7100871 0.4099715 -0.5724505 0.8660236 -0.5000031 0 -6.53394e-7 0 1 -1.48269e-6 0 1 -3.27843e-7 0 1 4.25929e-7 0 1 -2.23549e-6 0 1 -3.51959e-7 0 1 0 0 -1 -2.39875e-7 0 -1 3.96469e-7 0 -1 0.8660255 0.5 0 0.8660267 -0.4999977 0 -0.1566188 -0.8592762 -0.4869445 -0.6459664 -0.5412629 -0.5382955 -0.1886506 -0.8257141 -0.5316082 0 0 -1 2.7397e-7 0 -1 4.1069e-7 0 -1 -1.06938e-6 0 1 -1.62382e-6 0 1 6.80003e-7 0 1 0.7052957 -0.4072078 0.5802929 -1.21588e-6 -1 0 -7.03243e-6 1 0 0.7051713 0.4071332 0.5804965 8.45052e-6 0 -1 3.12136e-7 0 -1 3.86579e-7 0 -1 2.73943e-7 0 -1 -1.11045e-6 5.12365e-7 -1 2.98986e-7 -1.4701e-7 -1 -4.06693e-7 -3.65114e-7 -1 -9.83661e-6 1 0 -0.8660252 0.5000004 0 0.8660243 0.500002 0 -8.0094e-6 -0.8115348 0.5843042 -1.72409e-7 0 1 -6.95805e-7 0 1 -1.61342e-7 0 1 3.03901e-7 0 -1 1.3516e-7 0 -1 0 0 -1 -4.85258e-6 1 0 -4.00247e-7 0 -1 -7.88426e-7 0 -1 -4.87969e-7 0 -1 0 1.35926e-6 -1 -1.74554e-5 -7.54413e-7 -1 -2.29006e-5 -9.45921e-7 -1 -3.57617e-7 0 1 -8.44703e-7 0 1 -9.76555e-7 0 1 -1.22687e-6 0 1 -1.58532e-6 0 1 0 0 1 -1.56336e-6 0 1 0 0 1 0 0 1 -3.15267e-7 -5.33314e-7 1 0 1.70361e-7 1 0 3.37084e-7 1 -0.8660262 0.4999987 0 0.8660248 0.5000013 0 -2.93565e-6 1 0 0 0 -1 1.7681e-6 9.9593e-7 -1 0 2.59208e-7 -1 3.60924e-7 1.33116e-6 -1 1.23154e-7 0 1 -2.50738e-7 0 1 8.90723e-7 0 1 9.20368e-7 0 1 -8.64707e-7 0 1 2.30666e-7 0 1 -0.8660178 0.5000134 0 0.6935638 0.4004303 -0.598853 2.83199e-6 0 -1 -3.13122e-7 0 -1 -2.20263e-6 -0.7924049 -0.6099955 -7.38557e-7 0 -1 1.45886e-6 0 -1 0 0 -1 -0.8660253 0.5000001 0 3.00071e-7 -4.60546e-7 -1 0 0 -1 0 0 1 0 0 1 0 0 1 -1.40035e-7 0 -1 1.29746e-7 0 -1 -1.33435e-7 0 -1 9.26856e-7 0 1 0 0 1 2.35436e-7 0 1 4.90866e-7 0 -1 0 0 -1 7.04803e-7 0 -1 8.95924e-6 0 1 -3.16375e-5 3.26628e-6 1 3.12436e-6 0 -1 2.34184e-6 0 -1 4.30397e-7 0 -1 -5.01404e-6 -1.42342e-5 -1 -3.93428e-6 -1.08508e-5 -1 1.69387e-7 0 -1 1.41568e-6 0 -1 4.18829e-7 0 -1 9.34949e-7 0 1 -4.09617e-7 0 1 0 0 1 0 0 -1 -1.57718e-6 0 -1 4.8097e-6 -0.8041829 -0.594382 0.8660261 -0.4999988 0 0.4474739 0.4622677 -0.7655558 0.2885561 0.2082506 0.9345412 -0.6484959 0.7592025 0.05536109 0.241449 -0.8710411 -0.4277732 -0.5867813 -0.4945677 -0.6411635 0.0288521 -0.08223801 0.996195 0.8660221 -0.500006 0 0.8660215 -0.5000069 0 8.37707e-7 0 1 4.48034e-7 0 1 1.05813e-6 0 1 5.39782e-7 0 1 9.96284e-7 0 1 3.40965e-7 0 1 1.48129e-6 0 1 0.1256533 -0.9910793 -0.04441934 0.05453205 -0.9983036 0.02040153 0.8498088 0.5228018 -0.06710714 0.5881657 0.7759348 0.2280052 0.6984772 -0.4032704 -0.5911875 0.3495996 -0.02260965 0.9366264 0.1521161 0.3421327 0.9272572 0.0471512 0.4712482 0.8807395 -0.4515002 -0.8922398 -0.007484495 -0.4427871 -0.8964008 -0.0201357 -0.03939104 -0.8312773 0.5544606 -0.8660258 -0.4999996 -2.99164e-6 -0.8660272 -0.499997 -2.99163e-6 1.41778e-7 0 1 -1.8099e-7 0 1 3.0623e-7 0 1 0.3865562 0.9114627 -0.1407481 -0.9626634 0.1356146 -0.2342821 -0.7940731 0.02440339 -0.6073324 -2.25746e-7 0 -1 0 0 -1 -0.8648033 0.502067 -0.006643891 -0.1250111 -0.4929153 -0.8610499 4.47769e-7 0 1 0 0 1 1.75297e-7 0 1 -0.3436958 -0.937702 0.05087763 -0.3022753 -0.9532041 -0.005629897 0.2885878 0.9573419 0.01461398 0.2885878 0.9573419 0.01461398 0.2885878 0.9573419 0.01461398 0.8843585 0.4668008 0.002684354 0.879521 0.4741179 0.04068332 -0.4504577 0.5857753 -0.673762 0.8560341 -0.4445731 0.2637436 0.8560341 -0.4445731 0.2637436 0.856034 -0.444573 0.2637436 -0.9106145 0.384468 0.1515446 -0.5141501 0.6990738 0.4969363 0.8400068 -0.533442 -0.09913867 0.8418959 -0.4360631 -0.3179003 0.823741 -0.5669662 0 -0.5916168 -0.04964405 -0.8046895 -0.7172846 0.2971073 0.630262 -0.630472 -0.002329826 0.7762085 -0.9333466 0.1887762 -0.3053322 -0.630472 -0.002329826 0.7762085 0.8660247 -0.5000014 -2.99158e-6 0.8660253 0.5000001 2.99158e-6 0.8660237 -0.5000032 -2.99161e-6 -0.8529993 -0.5149528 0.08494645 2.33757e-5 -1 0 -0.8660201 -0.5000092 0 2.43725e-5 -1 0 -3.33421e-7 -2.12806e-7 1 5.50979e-7 -1.55817e-6 1 -2.9606e-7 0 1 1.81682e-6 2.53053e-7 1 4.3269e-7 2.50289e-6 1 1.4497e-6 1.4605e-6 1 -6.98317e-7 3.14496e-7 1 -3.60846e-6 7.86253e-7 1 -5.74461e-7 -7.06544e-7 1 -2.40625e-6 6.10303e-7 1 -3.23857e-6 1 0 -3.23858e-6 1 0 0.8660264 0.4999985 0 -5.1593e-6 -1 0 -0.8660272 -0.4999969 0 -5.12644e-6 -1 0 0.4112213 0.8175259 0.4031733 0.4237022 0.8287662 0.3655448 0.4285029 0.3423916 0.8361539 0.329448 -0.3253914 0.8863321 2.21948e-6 7.01595e-7 1 -7.71938e-7 8.23748e-7 1 3.00213e-6 4.66818e-6 1 -3.26426e-6 1 0 -5.19214e-6 1 0 0.866023 0.5000043 0 2.42628e-5 1 0 2.32879e-5 1 0 0.8660302 0.4999917 0 0.8660307 0.4999909 0 0.8660247 -0.5000014 0 -4.68625e-7 0 1 -0.8759272 -0.4775354 0.06864064 -0.8615052 -0.5070608 -0.02642661 -0.866024 -0.5000027 0 -0.8660259 0.4999992 0 -0.866023 -0.5000043 0 -0.8660249 0.5000009 0 -0.8660268 0.4999979 0 -0.8660266 0.4999979 0 -5.17025e-6 1 0 9.40142e-7 6.07476e-7 1 1.00796e-6 3.02391e-7 1 5.99035e-7 9.57798e-7 1 -0.8660261 0.4999989 0 -0.8660265 -0.4999982 0 0.8660235 0.5000035 0 0.8660238 -0.5000028 0 -5.19215e-6 1 0 0.866024 0.5000026 0 2.56333e-6 0 1 3.60702e-6 0 1 4.34826e-7 0 1 -3.46921e-6 0 1 -2.51173e-7 0 1 -3.2533e-6 -1 0 -5.21405e-6 -1 0 0.8660232 -0.500004 0 0.8660252 0.5000005 0 0.8660251 0.5000005 0 0 0 1 2.08229e-7 0 1 0 0 1 -4.55663e-7 0 1 -0.8660258 -0.4999995 0 -0.8660277 0.4999961 0 -5.21408e-6 1 0 -5.20312e-6 1 0 -0.8660252 0.5000002 0 -5.19214e-6 1 0 -0.8660253 0.5000003 0 -5.23596e-6 1 0 0.8660227 0.5000048 0 -3.57098e-6 1 2.27899e-6 0.4039835 0.8496407 0.338981 -1.80005e-6 -7.43435e-7 -1 2.17501e-7 1.6519e-6 -1 -1.54421e-6 9.87961e-7 -1 -5.68687e-7 0 1 2.42629e-7 0 1 0 0 1 0.2052409 -0.1952102 -0.959046 0.4088895 -0.6076593 -0.6808521 0.4088895 -0.6076593 -0.6808522 -0.5028886 -0.6589779 -0.5593311 -0.2434917 0.3036181 -0.9211558 0.6903051 0.5304765 -0.4920097 -0.2414517 0.2525361 0.9369775 -0.8973019 -0.4412599 0.01179188 -0.8660256 0.4999997 0 -0.8660257 0.4999997 0 -8.5441e-7 1 0 -0.4088754 0.6076771 0.6808447 -0.4088754 0.6076771 0.6808447 -0.9822474 0.04748952 0.1814799 -0.9792066 0.04924428 0.1967982 -0.8660265 0.4999982 0 0.2164511 -0.9762935 0 -2.33603e-7 0 -1 0.0379408 0.09630507 0.9946285 0.0379408 0.09630507 0.9946286 -0.9750845 0.2177331 -0.04245746 0.8660231 -0.5000041 0 0.3197989 -0.9252017 -0.2042807 -0.9945174 -0.09186094 0.04996794 -0.9984731 0.05523252 -8.97899e-4 -0.9635415 -0.267516 -0.004810452 -3.77796e-7 0 1 0 0 1 0 3.10119e-7 1 1.86016e-7 -4.55395e-7 1 0 -6.65488e-7 1 -0.1958391 -0.3109312 -0.930037 -0.1958391 -0.3109312 -0.930037 -0.1958391 -0.3109312 -0.9300371 -0.5271899 -0.2058572 0.8244354 -0.8475128 0.453576 0.275665 -0.8575206 0.4955318 0.1382266 -0.8888472 -0.09462308 -0.4483273 -0.9668959 -0.1610061 0.1979631 -5.17026e-6 1 0 0.2354389 -0.9714625 -0.02879846 0.8660238 0.5000029 0 -0.2971101 -0.7172831 0.6302623 -0.7172843 -0.2971078 -0.630262 -0.2971097 -0.7172833 -0.6302623 -4.32574e-7 0 1 -2.06195e-6 -5.00023e-7 1 -0.5796566 0.07116848 -0.8117472 0 0 -1 0 0 -1 -2.1191e-7 0 -1 0.4820218 0.8748967 -0.04701989 0.5171687 0.8558804 -0.002319276 -0.2773875 -0.6099444 0.7423099 -0.6008781 -0.5284952 0.5996987 -0.1881661 -0.982023 -0.01497989 -0.8660257 -0.4999995 0 -0.8660278 0.4999961 0 -0.6449634 0.6106032 0.4595498 0.6008796 0.5284756 -0.5997145 0.3694389 0.8123538 0.4512165 0.1881716 0.9820216 0.01499855 3.9846e-6 0 -1 -0.6297935 0.7510776 0.1980973 0 5.20225e-7 -1 0 0 -1 -3.80826e-7 -1.78838e-7 -1 0 0 -1 2.04809e-5 -7.67749e-6 1 -2.28383e-6 -9.62414e-6 1 0.8660235 -0.5000033 0 -0.7239108 0.001860797 0.6898911 -0.7250267 0 0.6887209 0 0 1 -1.50226e-7 0 1 0 0 1 0.8548355 -0.4399684 -0.2751079 0.04344528 -0.8769319 -0.4786471 0 0 1 1.70215e-7 0 1 0 0 -1 0 0 -1 -1.12673e-6 0 1 2.4293e-7 0 1 1.8252e-7 0 1 -0.5716506 0.805593 0.1556779 -0.5716506 0.805593 0.1556779 -0.5716506 0.805593 0.1556779 -0.5959931 0.7232285 0.3489024 0.9692536 0.2460543 0.002203464 -0.8506345 0.5163615 0.09895449 -0.6319268 -0.7749086 -0.01361221 -0.6274315 -0.7786718 0 0.1747304 -0.7881138 0.5902085 -4.6335e-6 -1 0 0.4274872 0.7295129 -0.5339155 0.2960904 0.5052832 0.8105674 0.4112195 -0.817521 -0.4031847 0.4237005 -0.8287609 -0.3655591 1.71004e-6 0 1 1.37402e-6 0 1 8.64325e-7 0 1 0.8567975 -0.5090685 -0.08214205 0.8594431 -0.4998508 -0.1072708 0.09619677 0.9953318 0.007813215 0.2913322 -0.9500917 -0.1115854 0.404383 -0.9140574 0.03120172 -0.8660252 -0.5000004 0 -1.3816e-7 0 -1 0 0 -1 0.6862429 -0.3962063 -0.6099928 0 0 1 -1.74646e-7 4.25609e-7 1 0 0 1 -8.41946e-7 6.62148e-7 1 4.15148e-7 6.88022e-7 1 -1.92749e-7 0 1 7.2042e-7 5.66162e-7 1 3.90764e-6 0 -1 -1.90744e-6 0 -1 4.63026e-7 0 -1 -0.4646688 0.767443 0.4417176 -0.4646688 0.7674428 0.4417176 0.07548588 -0.9963241 -0.04050028 -0.9448778 -0.3113811 0.101232 -0.9448777 -0.3113811 0.101232 -0.9448778 -0.3113811 0.101232 -3.6159e-6 5.35991e-7 1 -3.10385e-6 0 1 1.07327e-6 -6.10115e-7 1 -0.6087591 0.7933552 0 -0.6087591 0.7933552 0 -0.5122767 -0.6171894 -0.5972018 -0.6735829 -0.7163574 -0.1819847 -0.717284 -0.2971059 0.6302633 2.71268e-6 1.70087e-6 1 0 0 1 -3.33216e-7 3.21619e-6 1 0 0 1 -1.73355e-7 -2.29016e-7 1 4.495e-7 0 1 -2.58513e-6 -1 -5.98326e-6 -0.464666 0.7675348 0.4415606 -0.4646661 0.7675349 0.4415606 -0.4646661 0.7675349 0.4415607 -0.6862444 -0.3962011 -0.6099945 -0.3248805 -0.5807908 0.7464146 -0.4274855 -0.729476 0.5339671 -0.4274855 -0.7294761 0.5339671 0.1527285 -0.9794804 -0.1315003 -0.9980109 0.05584937 0.02924406 -0.6653245 -0.05544412 0.7444926 -0.6234792 0 0.78184 -0.2164331 -0.9762974 0 -0.2164386 -0.9762963 0 0 1 0 0 1 4.11734e-7 0 1 -3.662e-7 1.40226e-7 0 -1 0.7326464 0.6592613 0.1691271 0.1040623 0.8814556 -0.4606595 1.68958e-6 0 1 5.54608e-7 1.32933e-7 1 4.98482e-7 0 1 -6.96083e-7 0 1 -1.19879e-6 0 1 2.8026e-7 -4.62427e-7 1 -0.725662 -0.5897063 -0.3544874 -0.8524887 -0.4754199 0.2173452 -0.9713422 0.1427919 -0.1900126 -0.9790399 -0.04814517 -0.1978965 -4.6633e-6 -6.08357e-7 -1 0 3.32487e-6 -1 -4.7164e-6 9.77486e-7 -1 -5.24691e-6 1 0 -1.33408e-6 0 -1 -3.02715e-7 0 -1 -0.8660262 0.4999987 1.85213e-6 -2.58513e-6 1 0 -4.17852e-6 0 1 3.73419e-7 0 1 0 0 1 3.38269e-7 -5.64086e-7 1 0 -8.28289e-7 1 3.68362e-6 -5.96157e-7 1 4.44405e-6 -3.66713e-7 1 2.5937e-6 3.50894e-6 1 2.48991e-6 3.28034e-6 1 0.2164152 -0.9763015 0 -0.6650522 -0.6354039 -0.392387 -0.6514007 -0.7587296 0.002571642 -0.6514996 -0.7586443 0.002669811 -0.651746 -0.7584317 0.002914309 0.8954325 -0.384862 0.2237897 0 1 -4.00583e-7 -0.866028 0.4999956 2.99162e-6 -0.8660262 -0.4999988 0 -1.16988e-5 -1 0 0 0 1 -3.29319e-6 2.01254e-6 1 -3.39177e-6 -3.2401e-6 1 4.5976e-7 0 1 1.9149e-7 0 1 3.02607e-7 0 1 -1.76965e-7 -3.41788e-7 1 -0.7509415 0.5197027 0.4074261 0.4396765 -0.822553 -0.3606816 0.4396765 -0.822553 -0.3606815 -0.5845068 -0.1435281 0.7985935 -0.5738834 0.3318545 -0.7486858 -0.3024985 0.9503835 0.07256776 0.439633 -0.8225658 -0.3607056 0.439633 -0.8225658 -0.3607056 0.439633 -0.8225657 -0.3607056 -0.1311486 0.3351534 0.9329911 -0.1311486 0.3351534 0.9329911 -0.1311486 0.3351534 0.932991 -0.7907748 -0.3240592 0.5192889 -0.7655531 -0.4021293 0.5022158 -0.8349611 -0.009586572 0.5502256 -0.6377389 0.3649773 -0.6782925 -0.008973598 0.1352365 0.9907727 -0.008973598 0.1352365 0.9907727 -0.02151572 -0.9582805 -0.2850188 0.5655608 0.2494845 -0.7860652 0.2581063 0.2612028 -0.9301367 -1.48562e-7 0 -1 0.2262412 -0.9739216 -0.01708269 0.2645459 -0.2984027 0.9170449 -0.2678056 -0.06223773 0.9614608 0.5362168 0.06907832 0.841249 0.2347359 0.9608593 -0.1471346 -0.7412563 0.666908 -0.07597982 -0.5174348 0.8286355 0.213599 0.1603233 0.9828986 0.0905919 0.1471934 0.9835277 0.1049162 0.0670439 0.979447 0.1902337 0.6376736 0.009442865 0.7702488 0.9753323 0.03735738 -0.2175581 0.1042059 -0.02326679 -0.9942836 0.1042059 -0.02326679 -0.9942836 0.1042059 -0.02326679 -0.9942836 -0.607704 -0.6880818 0.3965342 0.6666752 0.01940226 0.7450959 0.6666752 0.01940226 0.7450959 0.1727331 0.03134864 0.9844697 -0.5819715 0.2437592 -0.7758162 -0.7868354 0.6164171 0.03033512 0.4339957 -0.8960365 0.09362953 0.3417346 -0.9213654 0.1852114 0.7336851 -0.6033366 -0.3125559 -0.4965052 0.821005 0.2818394 -0.4274667 0.7294818 0.5339744 -0.4274666 0.7294818 0.5339743 -0.360955 0.114277 -0.9255552 -0.2573387 -0.2953972 -0.9200638 -0.7541286 -0.6566807 0.007788658 0.1590082 -0.9866555 -0.0350331 -0.713943 -0.6986424 -0.0467354 1.3352e-7 0 1 5.33745e-7 0 1 5.94084e-7 0 1 0 0 1 0.5249202 0.8019103 -0.2853047 0.427486 0.7295215 -0.5339048 -2.09795e-7 0 -1 0.8702493 0.4923486 0.01609385 0.1381001 0.2978911 0.9445577 0.1381001 0.2978911 0.9445577 0.1381001 0.2978911 0.9445578 0.1352424 -0.9692966 -0.2053624 -0.04336071 -0.8720982 0.4874061 -0.6781556 -0.7348987 0.005395412 8.10669e-7 0 -1 3.1639e-7 0 1 4.8804e-7 0 1 -0.3198416 -0.9455785 -0.05985516 -0.947099 0.2841141 0.1492736 -0.3383222 -0.9398303 -0.04751217 0.0676856 0.994387 -0.08132147 0.4904707 0.8627498 0.1228874 0.7340983 -0.6422709 -0.2204263 -0.772989 -0.6341049 -0.01997476 -0.6100956 0.6522248 0.4498736 -0.521836 0.7269216 -0.4463992 0.4478802 -0.8922177 0.05788767 -0.439349 -0.8945313 -0.08237856 -0.6132767 0.7827008 0.1061669 -0.7565486 0.6536971 -0.01773434 -0.6026538 0.7963061 0.05201137 -0.6256083 0.761503 0.169492 -0.6078914 0.7904607 0.07510095 -0.9043034 0.426854 -0.005582273 0.3999909 0.9163357 -0.01833921 -0.8997319 0.4364405 -0.001475334 -0.6297829 0.7510829 0.198111 0.03770607 -0.9975885 0.05827027 0.9790382 0.08960562 -0.1829074 0.102799 -0.9943026 -0.02819097 0.4966306 -0.8570069 -0.1374675 -0.5243704 -0.2858742 0.8020671 0.9414348 -0.2645641 -0.209061 0.1993315 0.9785263 -0.05247229 0.997125 -0.06982886 -0.02942353 -0.1763805 -0.9826456 0.05742472 -0.8100431 -0.5435717 -0.2199095 -0.8100432 -0.5435717 -0.2199095 0.02209669 0.997305 -0.06996035 -0.03539407 0.9993335 0.008944809 0.777278 0.628776 -0.02190381 0.9386634 -0.3447917 0.005448341 0.9322346 -0.3618547 0 -0.2398347 -0.3786701 -0.8939175 -0.2398347 -0.3786701 -0.8939174 -0.2398346 -0.37867 -0.8939174 -0.06041377 0.9823759 0.1768839 -0.01045626 0.9715135 0.2367535 -0.2009925 0.9795928 -1.64216e-4 -0.5620458 -0.8263491 0.03538131 -0.366821 -0.8778962 0.3077999 0.4076911 -0.9130456 0.01165759 -1.41582e-6 4.83343e-7 1 -3.73493e-7 0 1 -4.52638e-7 0 1 -3.34008e-7 0 1 0.7262659 0.03929066 -0.6862901 -0.9574316 -0.2882597 -0.01520854 -1.12034e-5 2.12342e-5 1 -9.22042e-6 -2.90439e-6 1 -9.38374e-6 -1.39479e-5 1 -9.7067e-7 0 -1 -2.11919e-7 0 -1 -7.20141e-7 0 -1 -8.10863e-7 0 -1 0 0 -1 -1.14584e-5 1.45834e-5 1 -1.15923e-5 -6.05296e-7 1 -1.09931e-6 0 1 4.77465e-7 0 -1 0 1 6.72809e-7 0 1 -3.76072e-7 2.39978e-7 0 -1 2.41281e-7 0 -1 -6.7754e-7 0 -1 -2.36482e-7 0 -1 0 0 -1 -2.37308e-7 0 -1 0 0 -1 -1.92147e-6 -1.86121e-7 -1 -2.08948e-7 0 -1 3.20739e-6 -2.25032e-6 -1 0 0 -1 0 0 -1 0 0 -1 0 0 -1 1.05244e-6 2.03184e-6 -1 1.10497e-5 -6.32956e-6 -1 -3.61261e-6 1 2.4689e-6 7.00948e-7 1 2.19727e-6 0.8418549 0.03726994 -0.5384157 3.12834e-7 0 1 0 0 1 0 0 1 -1.02859e-6 0 1 -4.35814e-7 0 1 1.30081e-6 0 1 0.864537 0.0137555 0.5023813 -7.01665e-7 0 -1 -2.18693e-7 0 -1 -0.8854448 0.464102 -0.02443289 2.35205e-7 0 1 1.8119e-7 0 1 7.40711e-7 0 1 3.46684e-7 0 1 7.23588e-7 0 1 6.0732e-7 0 1 -1.62372e-7 0 1 1.03059e-6 0 1 3.51662e-7 0 1 1.37224e-6 0 1 0 0 -1 0 0 -1 1.71197e-7 0 -1 8.16342e-7 0 -1 2.44846e-7 0 -1 -7.56522e-7 0 -1 -3.69279e-7 -1 0 0 0 1 1.38727e-5 -1.96909e-5 1 1.98835e-6 -2.8644e-6 1 1.01453e-5 -1.76618e-5 1 5.69508e-5 -8.68427e-5 1 4.26052e-5 -6.49749e-5 1 0 0 1 -3.50807e-7 0 1 2.35473e-7 0 1 -5.56929e-6 0 1 1.09719e-6 0 1 -1.23858e-6 0 1 1.04444e-6 0 1 0 0 1 0 0 1 2.1787e-7 0 1 -1.76891e-7 0 1 0 0 1 6.87249e-7 0 1 0 0 1 2.56508e-7 0 1 3.57155e-7 0 1 1.03098e-6 0 1 1.34411e-6 0 1 2.93785e-7 0 1 -7.90165e-7 0 1 0 0 1 0 0 -1 0 0 -1 8.44221e-7 0 -1 5.88451e-7 0 -1 7.37076e-7 0 -1 -1.7112e-7 0 1 0 0 1 2.24409e-7 0 1 0 0 1 -6.72321e-7 0 1 -6.49314e-7 0 1 -3.02741e-7 0 1 9.3574e-7 0 -1 5.90659e-7 0 -1 -2.74664e-7 0 -1 2.87227e-7 0 -1 -3.43496e-7 0 -1 3.81943e-7 0 -1 6.93545e-7 0 -1 2.94579e-7 0 -1 0 0 -1 0 0 -1 0 0 -1 0 0 -1 4.24949e-6 0 -1 5.79576e-6 0 -1 4.69986e-7 0 -1 0 0 -1 3.11133e-7 0 -1 0 0 1 -2.17039e-7 0 1 -2.12998e-7 0 1 -4.37913e-7 0 1 -3.02742e-7 0 1 0 0 1 0 0 1 0 0 1 0 0 1 -7.03748e-7 0 1 -8.71212e-7 0 1 5.09665e-7 0 1 7.12454e-7 0 -1 -3.19786e-7 0 -1 -1.46775e-6 0 -1 -1.88524e-7 0 1 -1.31541e-7 0 1 -4.65791e-7 0 1 -1.96155e-7 0 1 -4.51243e-7 0 -1 0 0 -1 0 0 -1 -2.55423e-7 0 -1 -5.5515e-7 0 -1 -4.80212e-7 0 -1 3.11288e-7 -1.30827e-7 -1 5.95967e-6 0 -1 -1.37602e-7 0 -1 5.71694e-7 0 -1 3.69001e-7 0 -1 6.60917e-7 0 -1 -1.41862e-7 0 -1 1.82831e-7 0 -1 -0.8291135 -0.4750104 0.2948492 -2.80414e-7 0 1 0 -2.81772e-7 1 1.97677e-7 0 1 0.6975707 0.4027463 -0.5926133 1.98723e-7 0 -1 -3.36318e-7 0 1 3.62451e-7 0 1 -3.42065e-6 0 1 -2.70047e-7 0 1 5.50026e-7 0 1 1.49856e-7 0 1 -4.23295e-7 0 1 0 0 1 8.17437e-7 0 1 1.73461e-6 0 1 0 -2.19236e-7 -1 -0.6920627 -0.0216521 -0.7215126 -1.22085e-6 3.70071e-6 -1 -1.26976e-6 1.99637e-6 -1 -7.13416e-7 2.00618e-6 -1 0.6290466 0.7772265 0.0148167 0.8191585 0 -0.5735674 0.06428509 -0.9978772 -0.01041781 -0.1707037 0.9478493 -0.2691505 -0.8214672 -0.5428429 0.1746809 -0.9464693 0.1701108 0.2743325 0.3430554 0.9389749 0.02528584 -5.76116e-6 -1.63423e-6 1 1.38588e-6 0 1 3.74441e-7 0 1 -1.6069e-7 0 1 0.950186 0.311548 0.009191155 0.8418564 0.037265 -0.5384138 1.99846e-7 0 1 9.62297e-7 0 1 -0.6257039 -0.7729944 0.1047581 -0.9069961 0.3230706 -0.2701545 0.06492602 0.9975183 -0.02724212 -0.6668137 0.7441191 0.0405755 0 0 1 2.46167e-7 0 1 6.23518e-7 0 1 0 0 1 0.9971352 0.07089287 0.02637767 6.84069e-7 0 -1 1.03472e-5 -2.35114e-6 -1 1.52839e-5 -3.11832e-6 -1 5.4852e-6 6.79011e-6 -1 4.35246e-7 0 -1 0.4807562 -0.7595393 0.4381482 0.9631232 -0.2690109 -0.005202889 -0.8166273 -0.5771654 0 -0.9685296 -0.2488937 -0.001572906 -0.7685779 -0.2412149 -0.5925397 -0.7729905 0.6257097 -0.1047527 2.73784e-7 0 -1 -8.4411e-7 0 -1 0.8652843 0.4995105 0.04210096 -1.97481e-7 0 1 -1.46477e-7 0 1 -0.9204961 0.3888773 0.03822773 -0.8083686 -0.5886768 0 0 0 1 -0.4144482 0.9100421 -0.007500767 0 0 1 0 1.75318e-7 1 0 0 1 -0.9069952 0.3230697 -0.2701588 0.3473163 -0.9377481 0 0 -1 -1.18685e-6 0 -1 5.22688e-7 2.55372e-7 0 1 4.44204e-7 0 1 6.69127e-7 0 1 0 0 1 -4.8524e-7 0 1 3.22474e-7 0 1 0 0 1 0 0 1 0 0 1 5.14804e-7 0 1 2.55335e-7 0 1 0 0 1 -6.13794e-7 0 1 0 0 1 1.23266e-7 0 1 0 0 1 1.09538e-5 0 1 1.90985e-7 0 1 2.3759e-7 0 1 0 0 1 -3.59982e-7 0 1 0 0 1 -6.35983e-7 0 1 1.54267e-7 0 1 1.50254e-7 0 1 1.22389e-6 0 1 0 0 1 1.36071e-6 0 1 1.21801e-7 0 1 0 0 1 0 0 1 0 0 1 0 0 1 0 0 1 0 0 1 1.10075e-6 0 1 0 0 1 1.66147e-7 -1.56673e-7 1 4.74948e-7 0 1 2.36258e-6 0 1 -0.3541013 0.9352071 -2.7811e-6 -1.05632e-6 1 1.02024e-6 1.22418e-6 0 1 0 -1 2.31778e-6 0 -1 -1.60052e-7 0 -1 -5.18613e-7 0 1 -2.31769e-6 0 1 5.73616e-7 0 1 1.82462e-7 0 0 1 0 0 1 0 0 1 5.19503e-7 -2.91748e-7 1 1.22567e-6 0 1 3.44766e-7 0 1 -2.09824e-7 0 1 6.09307e-7 0 1 0 0 1 0 0 1 -5.31726e-6 -3.69414e-6 1 0 0 1 -2.44043e-7 0 1 0 0 1 1.21166e-6 -1.16798e-6 1 0 0 1 0 -5.26343e-7 1 0 0 1 0 0 1 0 0 1 0 0 1 0 0 1 0 0 1 0 0 1 0 0 1 0 0 1 0 0 1 2.92005e-7 -4.16932e-7 1 2.1703e-7 0 1 3.50609e-7 0 1 -2.19132e-7 0 1 8.17803e-7 0 1 -2.70934e-7 0 1 0 0 1 -1.58872e-7 0 1 0 0 1 -2.68686e-7 -2.931e-6 1 6.12931e-7 -1.5315e-6 1 0 0 1 0 0 -1 2.65489e-7 1.27356e-7 -1 -3.84748e-7 0 -1 -2.8485e-7 0 -1 2.89845e-7 2.24158e-7 -1 2.69037e-7 0 -1 -4.67851e-7 0 -1 1.9758e-7 0 -1 2.56908e-7 3.15913e-7 -1 -2.12607e-7 0 -1 -5.13602e-7 0 -1 3.03848e-7 0 -1 0 0 -1 0 0 -1 0 0 -1 0 0 -1 0 0 -1 0 0 -1 0 0 -1 0 0 -1 -1.7795e-7 1.49209e-7 -1 7.30087e-7 0 -1 4.19858e-7 1.41807e-7 -1 -1.5755e-7 0 -1 -1.31241e-7 0 -1 -3.49791e-6 3.67817e-6 -1 0 0 -1 2.21365e-7 0 -1 -2.18582e-7 0 -1 0 0 -1 8.58537e-7 0 -1 0 0 -1 2.08959e-7 0 1 1.80348e-7 0 1 1.36812e-6 0 -1 0.1948381 0.008136332 0.9808017 -3.76958e-7 0 -1 -1.42387e-7 0 -1 0.2669585 0.9549944 -0.1293008 0.6759592 -0.6689761 -0.3091121 0 0 1 -3.55615e-7 0 1 -1.30897e-7 0 1 -4.4262e-7 0 1 0 0 1 0 0 1 0 0 1 0 0 1 0 0 1 0 0 1 0 0 1 1.85796e-7 0 1 -0.8226712 0.5072593 -0.2567103 -0.823486 -0.4835492 0.296734 2.64128e-7 1.8502e-6 1 0.6991199 -0.6286156 -0.3406962 -0.4387012 0.8985012 -0.01539367 0.9164368 -0.4001363 0.005890905 -0.907002 -0.3230693 0.2701363 -1.03352e-6 0 1 -0.239708 -0.9708405 0.002999842 2.99683e-6 0 1 4.79487e-7 0 1 -0.8660264 -0.4999985 0 0.5216242 -0.1456094 0.8406583 0.8660235 -0.5000035 0 0 2.6917e-7 1 -2.986e-7 0 1 0.3911659 0.9186263 -0.05581349 -5.52935e-7 0 1 -1.10574e-6 0 1 -1.36072e-6 0 1 -8.50083e-7 0 -1 -7.07571e-7 0 -1 -4.51008e-7 0 -1 -9.19887e-7 0 -1 3.56465e-7 0 -1 -1.74964e-7 0 -1 7.97109e-7 0 -1 0 0 -1 0.9448238 -0.327579 -2.82698e-4 1.50689e-7 0 1 0 0 1 4.77708e-7 0 1 2.32644e-7 0 1 1.15152e-6 0 1 3.01946e-7 0 1 -3.81654e-6 -5.58504e-6 1 -1.154e-5 1.58618e-6 1 -2.87198e-6 -1.74426e-6 1 -7.88371e-6 0 1 1.17501e-6 0 1 -4.74539e-6 -7.20175e-6 1 -1.45339e-6 -3.34772e-6 1 2.76082e-7 0 1 -6.48114e-7 0 1 -5.10364e-5 3.35155e-5 1 2.21114e-7 0 1 0 0 1 7.69584e-7 0 1 0 0 1 -6.72789e-7 0 1 -0.2772795 -0.4805038 0.832005 -0.9700901 0.2427179 0.003645181 -4.66268e-7 -1.37448e-7 1 0 -3.78921e-7 1 -0.4855344 -0.7585 -0.4346656 0.6744241 -0.6611658 -0.3286519 -3.68209e-7 0 1 6.87163e-7 0 1 0 0 1 0 0 1 0 0 1 -3.40898e-7 0 1 -3.00437e-7 0 -1 -1.79616e-7 0 -1 -1.5012e-7 0 -1 -5.41401e-7 0 -1 -2.91556e-7 0 -1 -1.3126e-7 0 -1 -2.52353e-7 0 -1 -5.50432e-7 0 -1 -1.69682e-7 0 -1 5.25746e-7 0 -1 2.56315e-7 0 -1 0.8969362 0.1883969 -0.4000149 -1.42941e-7 0 1 -1.10499e-6 -3.04291e-7 1 0 5.79722e-7 1 0 1.99146e-7 1 8.64668e-7 0 1 8.87853e-7 0 1 -0.866023 0.5000043 0 -0.2735697 0.9618303 -0.006495416 0.6991763 -0.6285873 -0.3406329 0.7042416 -0.7081336 -0.05089843 -0.2773403 -0.4804226 0.8320316 -0.2269252 0.6979936 0.6791981 -0.3100574 0.5294709 0.789636 -0.4831672 -0.7595246 -0.4355133 -2.70218e-7 0 -1 -4.14407e-7 0 -1 -7.1032e-7 0 -1 -3.84611e-7 0 -1 -7.09957e-7 0 -1 -1.33705e-7 0 -1 0 0 -1 0 0 -1 -9.56971e-7 0 -1 -1.08428e-6 0 -1 0 0 -1 0 0 -1 0 0 -1 -2.24383e-6 0 -1 3.03053e-7 0 -1 1.75917e-6 0 -1 7.10709e-7 0 -1 1.38074e-6 0 -1 -4.58238e-7 0 -1 -9.75676e-7 0 -1 0 0 -1 -1.32244e-6 0 1 4.73036e-7 0 1 3.78923e-7 0 1 0 0 1 3.75235e-7 0 1 1.34765e-7 0 1 3.53216e-7 0 1 0 1.75701e-7 1 4.19061e-7 -1.43502e-6 1 0 -1.4616e-6 1 2.60726e-7 -1.31022e-6 1 0 0 1 3.60564e-7 1.84644e-7 1 1.0214e-6 0 1 -8.52035e-7 0 1 -1.21096e-6 0 1 0.866022 -0.5000061 0 2.28508e-7 7.15373e-7 1 -3.05582e-7 2.50701e-6 1 -1.69598e-6 1.98157e-6 1 -1.71365e-6 4.09198e-7 1 -2.77603e-6 0 1 -6.63467e-6 4.56494e-6 -1 3.2342e-7 0 1 2.58424e-7 0 1 -8.56358e-7 0 1 0 0 1 8.47626e-7 0 -1 7.78707e-7 0 -1 9.64423e-7 0 -1 -1.78521e-7 0 -1 0 0 -1 0 0 -1 -3.6371e-7 0 1 -1.31337e-7 0 1 4.2583e-7 0 1 1.54079e-6 0 1 -1.48112e-6 0 1 -3.93349e-7 0 -1 -1.48601e-6 0 -1 2.39967e-7 0 -1 -7.0606e-7 0 -1 -1.63434e-7 0 -1 9.35511e-7 0 -1 5.90619e-7 0 -1 3.25441e-7 0 -1 9.01226e-7 0 -1 3.12198e-7 0 -1 1.36405e-7 0 -1 3.12133e-7 0 -1 5.97631e-7 0 -1 -6.40374e-7 0 1 5.80365e-7 0 1 6.92421e-7 0 1 9.23659e-7 0 1 6.19576e-7 0 1 1.00332e-6 0 1 1.62723e-6 0 1 2.71918e-7 0 1 1.10551e-5 0 -1 -6.70105e-7 0 -1 -8.13606e-7 0 -1 -4.21617e-7 0 -1 1.46965e-7 0 -1 5.07227e-7 0 -1 3.7854e-7 0 -1 3.86864e-7 0 -1 -8.10312e-7 0 -1 -2.8402e-6 0 -1 -1.62386e-6 0 -1 5.26567e-7 0 -1 -1.20715e-7 7.15444e-7 -1 0 0 -1 3.15631e-7 1.20615e-7 -1 1.95975e-7 0 -1 4.56056e-7 0 -1 2.74595e-7 0 -1 -8.25175e-7 0 1 -2.44912e-7 0 -1 5.03747e-7 0 -1 3.42167e-7 0 -1 -1.94549e-7 0 -1 0 0 -1 -2.20138e-7 0 -1 3.31645e-7 0 -1 3.79313e-7 0 1 2.06078e-6 0 1 5.01282e-7 0 -1 3.49635e-7 0 -1 -2.4109e-7 0 -1 -1.39236e-6 0 -1 -3.60485e-6 0 -1 -1.35354e-6 0 -1 1.23926e-7 0 -1 0.8660267 0.4999977 0 7.93939e-7 0 1 1.4936e-6 0 1 0 0 1 2.23796e-7 0 1 -1.60527e-6 0 1 1.62728e-7 0 1 0 -1.29354e-7 1 -3.54857e-7 -8.03708e-7 1 -2.73008e-5 2.25493e-6 -1 -2.36568e-5 1.95395e-6 -1 2.44764e-6 4.07765e-7 -1 1.4949e-7 -8.07963e-7 -1 5.24455e-7 0 -1 3.0162e-7 -2.30852e-7 -1 1.34212e-7 0 -1 1.10346e-6 0 -1 2.1797e-7 0 -1 -7.13228e-7 0 1 -4.52294e-7 0 1 -2.09722e-7 0 1 -1.57318e-7 0 1 -1.56131e-6 0 1 -7.95559e-7 0 -1 2.08095e-7 0 -1 3.01187e-7 0 -1 2.84826e-7 0 -1 -5.42312e-7 0 -1 -3.26768e-7 0 -1 0 6.45606e-7 1 -6.79154e-7 -9.3949e-7 1 -2.39024e-7 -4.51021e-7 1 5.52289e-7 0 1 -3.61803e-7 0 -1 -4.0701e-7 0 -1 -4.82579e-7 0 -1 1.42779e-6 0 -1 -2.1863e-7 0 -1 0 0 -1 -4.14753e-5 4.28195e-6 1 5.74486e-6 0 -1 4.42672e-7 0 -1 5.30314e-7 0 -1 1.95757e-7 0 -1 1.65071e-7 0 -1 -1.77445e-7 0 -1 -6.31259e-7 0 -1 3.54112e-7 0 1 -3.47447e-7 0 1 7.9844e-7 0 1 -1.60761e-7 0 1 -7.84616e-7 0 1 2.43897e-7 0 1 1.53082e-7 0 1 -2.98812e-7 0 1 5.69799e-7 0 1 -3.05866e-7 0 1 1.26954e-6 0 1 0 0 1 0 0 1 0.8418538 0.03727012 -0.5384173 1.1038e-6 0 1 7.95524e-7 0 1 3.97105e-7 0 1 3.87918e-7 0 1 -2.82395e-7 0 -1 2.09333e-7 0 -1 0 0 -1 -4.24987e-7 0 -1 -3.30201e-7 0 -1 -0.8238392 0.5148678 -0.2370661 -2.61449e-7 0 1 0 0 1 0 0 1 -0.8373607 -0.5193531 0.1705858 -1.7878e-7 0 1 1.44187e-6 -1.38125e-6 1 -1.53598e-6 0 1 1.28305e-7 9.48497e-7 1 -4.67489e-7 3.20352e-7 1 0 0 1 1.68239e-7 0 1 -4.34695e-7 0 1 0 -4.61862e-7 1 -0.8660272 -0.4999969 0 0.5216374 -0.1455913 0.8406531 7.63986e-7 0 1 7.48093e-7 0 1 -5.99434e-7 2.00349e-7 1 1.37892e-7 5.7288e-7 1 -5.14833e-6 1 0 -5.11527e-7 0 1 -3.60701e-7 0 1 0 0 1 0 0 1 1.77752e-7 0 1 2.50332e-7 0 1 -5.67809e-7 0 1 5.24827e-7 0 1 5.1456e-7 0 1 4.88321e-7 0 -1 5.41815e-7 -2.98995e-7 -1 1.45997e-7 0 -1 3.57484e-7 2.11386e-7 -1 -0.9432778 0.3320019 0.001293778 0.4964768 -0.8680282 0.006155312 -2.48841e-6 0 1 -9.42054e-7 0 1 0.2567536 -0.9664732 0.002700984 4.35531e-7 0 -1 -2.75196e-7 0 -1 -3.30207e-7 0 -1 -4.2499e-7 0 -1 -1.87755e-7 0 -1 -2.92409e-7 0 -1 -2.34182e-7 0 -1 0 4.37844e-7 -1 -3.30199e-7 0 -1 -4.2499e-7 0 -1 0 0 -1 2.03019e-7 0 -1 5.43223e-7 0 -1 -2.42053e-7 0 -1 0 0 -1 -6.94802e-6 -5.8877e-6 1 1.28547e-6 0 1 2.99954e-7 0 1 4.75908e-7 0 1 1.50908e-7 0 -1 0 0 -1 0 0 1 3.28219e-7 0 1 4.99351e-7 0 1 -4.36023e-7 0 1 -6.48815e-7 7.49876e-7 1 -5.05574e-7 0 1 -5.848e-7 0 1 -3.05753e-7 0 1 1.59864e-6 0 -1 -7.52476e-6 -3.59871e-6 1 6.54142e-6 -1.2611e-6 1 -2.23535e-6 -7.93894e-7 1 -3.96818e-6 -3.50626e-6 1 -6.7293e-7 -1.92367e-6 1 -5.18303e-6 -1.19267e-6 1 1.08344e-6 3.37618e-6 1 -2.70945e-6 -1.1845e-6 1 -4.03629e-7 -9.94924e-7 1 1.66186e-7 0 1 -5.66044e-7 -6.9853e-7 1 4.90763e-6 -4.19625e-6 1 6.69486e-6 -2.54201e-6 1 1.3893e-6 -4.41913e-6 1 -3.82336e-7 -4.18643e-7 1 -2.56801e-7 0 1 3.69824e-7 0 1 8.15049e-7 -9.79397e-7 1 -3.53653e-7 -6.2005e-7 1 0 0 1 2.68113e-7 0 1 -1.1422e-6 6.65231e-6 1 7.13215e-6 -1.92203e-6 1 2.42051e-7 0 1 3.78496e-6 0 1 -3.72292e-7 0 1 0.2574692 -0.9662362 0.009867548 0 1 1.97625e-6 0 1 6.08073e-7 0 1 -2.38039e-6 0 1 -4.40797e-7 5.51122e-7 0 -1 1.50868e-7 0 -1 1.95706e-7 6.86939e-7 1 0 2.39606e-7 1 4.44769e-7 0 1 -7.61793e-7 0 1 -3.87022e-7 0 1 -2.00485e-7 -2.15981e-7 1 -0.8291138 -0.4750099 0.2948493 7.17841e-7 0 -1 2.22655e-7 0 -1 -3.69376e-7 -5.36896e-7 -1 0 0 -1 6.24948e-7 8.21885e-7 -1 0 0 -1 2.51272e-7 0 -1 4.97014e-7 0 -1 -1.16225e-6 0 -1 -7.62354e-7 0 -1 -3.42744e-7 0 -1 -1.42798e-7 0 1 2.42588e-6 0 1 1.08518e-6 0 1 -0.6511544 -0.7589417 0.002327501 0 1 -7.81472e-7 -1.65892e-7 0 -1 -7.04211e-7 0 -1 0.2412586 0.970461 0 0.2944788 -0.05149972 -0.9542694 1.39577e-7 3.12635e-7 1 0 4.61497e-7 1 3.2005e-7 0 1 -6.00876e-7 0 -1 -2.04765e-7 0 -1 -0.768335 -0.6400479 0 0.3787626 0.9254911 -0.002295613 0.9794558 -0.1983255 0.03651648 0.2549923 0.966939 0.002785861 -0.2424347 -0.9701678 0 0.7800886 0.6242761 -0.04172807 0.1224387 0.9132894 0.388473</float_array>
          <technique_common>
            <accessor source="#fifth_wheel_base-mesh-normals-array" count="3024" stride="3">
              <param name="X" type="float"/>
              <param name="Y" type="float"/>
              <param name="Z" type="float"/>
            </accessor>
          </technique_common>
        </source>
        <source id="fifth_wheel_base-mesh-map-0">
          <float_array id="fifth_wheel_base-mesh-map-0-array" count="18180">0.8440232 0.4994218 0.8443476 0.5009369 0.8427923 0.5003739 0.9261464 0.8793079 0.8949229 0.9934883 0.8408011 0.9971072 0.9971337 0.5868046 0.9980668 0.579306 0.9971269 0.5162922 0.7832515 0.9680653 0.7843737 0.9721201 0.6864936 0.9721498 0.9980661 0.8568415 0.997128 0.5087681 0.9980672 0.5099449 0.0357849 0.9916654 0.03538596 0.9920995 0.03543877 0.9914845 0.9976186 0.3752045 0.9981144 0.375503 0.9971215 0.375503 0.819675 0.9882063 0.2301297 0.9876685 0.8196697 0.9860422 0.9641866 0.9959069 0.4786818 0.995929 0.9679537 0.9970099 0.9933944 0.6845524 0.8868891 0.7964764 0.6049407 0.997977 0.9981117 0.4305916 0.9976246 0.4303089 0.9971216 0.4305916 0.9972587 0.3794018 0.99864 0.610381 0.9990543 0.1196265 0.9997944 0.1626969 0.7743756 0.9881685 0.7743753 0.9873772 0.9938533 0.629505 0.5299492 0.9971957 0.9938363 0.6297784 0.6673167 0.9943987 0.7562162 0.9927577 0.756321 0.9943936 0.9395025 0.997014 0.6642221 0.9970142 0.9344476 0.9959108 0.2008666 0.4568513 0.2022457 0.4582096 0.2043593 0.4562493 0.525673 0.9941566 0.8949229 0.9934883 0.5309084 0.989766 0.702726 0.9680755 0.7867184 0.9721203 0.8575869 0.9680655 0.9853205 0.9978097 0.9852163 0.9985228 0.4431515 0.982133 0.006276845 0.9956938 0.006490707 0.9950336 0.006559371 0.99536 0.7879394 0.9680652 0.7867184 0.9721203 0.702726 0.9680755 0.2521362 0.9989033 0.2513896 0.9989273 0.335545 0.997859 0.997631 0.5343427 0.9971215 0.5346171 0.998102 0.5346171 0.2326501 0.9860415 0.2348572 0.9865261 0.2388642 0.9865776 0.754328 0.9865744 0.7533367 0.9861465 0.7540394 0.9865655 0.9969846 0.9854655 0.9960082 0.9860938 0.9969971 0.9861539 0.997631 0.5329711 0.9971215 0.5332455 0.998102 0.5332455 0.9905652 0.484697 0.9902797 0.4856718 0.9888293 0.4855473 0.7324666 0.9877274 0.7327608 0.9877145 0.7334526 0.9882949 0.9506216 0.9989058 0.07058495 0.9974078 0.07062524 0.9976881 0.8315011 0.9680655 0.6560612 0.9721531 0.8637118 0.9721204 0.115743 0.9891343 0.1161316 0.9900308 0.1162495 0.9891656 0.9905652 0.5177022 0.9893586 0.5188957 0.9890538 0.5171425 0.9994177 0.807503 0.7337669 0.9990624 0.7340418 0.998907 0.9980984 0.5720083 0.9976215 0.5717153 0.9971214 0.5720083 0.7386906 0.9971269 0.7385545 0.9979586 0.7384188 0.9971331 0.9980985 0.574352 0.9976217 0.5740591 0.9971215 0.574352 0.9976187 0.3790849 0.9981145 0.3793834 0.9971216 0.3793834 0.997621 0.4023404 0.9971216 0.4020765 0.9981145 0.4020765 0.9981116 0.4334189 0.9971216 0.4334189 0.9976245 0.4331362 0.9972589 0.3784088 0.99864 0.6128515 0.9990543 0.1237805 0.9981117 0.4221444 0.9976223 0.4218538 0.9971215 0.4221444 0.9971228 0.5570843 0.9971281 0.5754461 0.9980682 0.5569269 0.5445373 0.9879767 0.5267762 1.00266 0.9931699 0.6895939 0.6797435 0.9971348 0.998169 0.3476374 0.9983159 0.3473604 0.9976209 0.4028683 0.9981144 0.4026045 0.9971215 0.4026045 0.8983001 0.9931522 0.8387385 0.9971404 0.8980234 0.9927535 0.6008464 0.9870059 0.6004081 0.9879599 0.6009364 0.9877317 0.99864 0.610381 0.9972587 0.3794018 0.9960765 0.5405388 0.8957741 0.9931553 0.8393031 0.9971466 0.8395762 0.9971305 0.9981116 0.4303089 0.9976245 0.4300261 0.9971215 0.4303089 0.5334483 0.997141 0.5453208 0.9879561 0.9937867 0.697261 0.9981117 0.4238209 0.9976222 0.4235303 0.9971214 0.4238209 0.9976187 0.3799803 0.9981145 0.3802788 0.9971216 0.3802788 0.8667498 0.9680653 0.7135756 0.9680768 0.8653145 0.97212 0.8537518 0.9952194 0.8538285 0.9951678 0.7060739 0.9978325 0.7115474 0.9183259 0.2207255 0.9983446 0.9875531 0.9992946 0.9971068 0.007841587 0.9691903 0.9970099 0.9960121 0.007828533 0.9988433 0.2027686 0.999049 0.1993608 0.997218 0.3644803 0.9931699 0.6895939 0.9935253 0.7236158 0.6119334 0.9960676 0.993509 0.6361063 0.9348083 0.8582948 0.5199341 0.9972891 0.9976312 0.532148 0.9971216 0.5324224 0.9981021 0.5324224 0.7899769 0.9680653 0.7888042 0.9721204 0.6711721 0.9680736 0.9935578 0.6366975 0.5222677 0.9971913 0.9935742 0.6364254 0.9931182 0.6338685 0.898584 0.9931917 0.8983092 0.9934597 0.8514861 0.9950647 0.7058797 0.9976369 0.8513906 0.9950542 0.9981117 0.420401 0.9976223 0.4201104 0.9971215 0.420401 0.6560612 0.9721531 0.6711721 0.9680736 0.7888042 0.9721204 0.9988576 0.2048007 0.999049 0.2024142 0.9962649 0.5498661 0.997621 0.4004938 0.9971216 0.4002299 0.9981145 0.4002299 0.9976311 0.5332454 0.998102 0.5335198 0.9971215 0.5335198 0.9932947 0.6376315 0.9943418 0.637393 0.9943524 0.6376678 0.9932947 0.6357459 0.9498401 0.7931628 0.9251767 0.8802834 0.9976186 0.3772939 0.9981144 0.3775924 0.9971215 0.3775924 0.8430798 0.4951435 0.8515415 0.4992558 0.8346181 0.4992353 0.03595185 0.9906954 0.03673517 0.9897292 0.03614234 0.9901338 0.6918845 0.9906491 0.2752692 0.99263 0.6918732 0.9885327 0.2215149 0.3953005 0.2275265 0.4008699 0.227316 0.4003834 0.2229307 0.4359863 0.2108892 0.434947 0.2074169 0.441999 0.9976205 0.5258302 0.9971216 0.5255351 0.9981021 0.5255351 0.7860052 0.9721204 0.6739746 0.9721474 0.78743 0.9680653 0.9971022 0.01516145 0.9970892 0.002976596 0.9959989 0.01515996 0.99864 0.610381 0.9988271 0.1261729 0.9990543 0.1196265 0.8204401 9.73871e-4 0.8212854 0.001677811 0.8222658 0.001118004 0.7869511 0.994823 0.9989073 0.7863137 0.7830716 0.9990592 0.9987817 0.2266975 0.9963694 0.54707 0.9988688 0.2004597 0.9981116 0.4320052 0.9971215 0.4320052 0.9976245 0.4317225 0.9986857 0.613845 0.9970564 0.5391385 0.9988868 0.6213786 0.5199588 0.986642 0.5196678 0.9866089 0.518966 0.9862216 0.9976311 0.5315994 0.9971216 0.5318738 0.9981021 0.5318738 0.9976311 0.5337941 0.9971215 0.5340684 0.998102 0.5340684 0.9975277 0.2705377 0.9990304 0.1240718 0.998127 0.2702727 0.9975408 0.2741401 0.9990304 0.1232966 0.9981269 0.2738749 0.9980984 0.5702505 0.9976215 0.5699576 0.9971214 0.5702505 0.9980986 0.5749379 0.9976217 0.574645 0.9971215 0.5749379 0.09429699 0.9373317 0.6289459 0.9371489 0.09428608 0.9446375 0.8953998 0.9092193 0.8965077 0.8976443 0.8964937 0.9092193 0.9981116 0.4291779 0.9976245 0.4288951 0.9971216 0.4291779 0.03889381 0.9897293 0.03811043 0.9906955 0.03821015 0.990211 0.9981693 0.3432462 0.7445269 0.9971351 0.9983175 0.3435228 0.9972795 0.3202933 0.9990492 0.1222696 0.9972141 0.460779 0.07365888 0.9973341 0.07370352 0.9979649 0.07375699 0.9971553 0.9976186 0.3778909 0.9971215 0.3781894 0.9981144 0.3781894 0.2498143 0.9988984 0.2496833 0.9989166 0.2705816 0.9981016 0.9981118 0.4212726 0.9971215 0.4212726 0.9976223 0.4209821 0.7725285 0.9967404 0.9989079 0.8128392 0.7695847 0.9990605 0.9980985 0.575524 0.9976217 0.575231 0.9971215 0.575524 0.9989274 0.7924512 0.9994212 0.7925883 0.9988918 0.7927258 0.997621 0.4002297 0.9981145 0.3999659 0.9971216 0.3999659 0.9981116 0.4294607 0.9976245 0.4291779 0.9971215 0.4294607 0.9976187 0.3763985 0.9971216 0.3766969 0.9981145 0.3766969 0.7461099 0.9979665 0.7462461 0.997135 0.7463819 0.9979606 0.8937969 0.9932386 0.9932946 0.6385743 0.5283784 0.9931748 0.335545 0.997859 0.2513896 0.9989273 0.8331537 0.891022 0.7069713 0.9975206 0.7068597 0.9979119 0.7068623 0.9972253 0.9944661 0.8629249 0.9949696 0.8628774 0.9955559 0.8629094 0.6464663 0.9959165 0.6467148 0.997002 0.5688993 0.9959103 0.9968003 0.5425031 0.9989109 0.6201062 0.9959957 0.5425006 0.9986858 0.6150523 0.9970564 0.5410976 0.9988868 0.6225132 0.9985669 0.6070273 0.9988943 0.6189876 0.996912 0.542222 0.9980986 0.573473 0.9976217 0.5731801 0.9971216 0.573473 0.7165639 0.9865626 0.7155728 0.9861513 0.7161626 0.9864544 0.9981116 0.4308744 0.9971215 0.4308744 0.9976245 0.4305917 0.9923304 0.9844517 0.9920196 0.9839278 0.9925758 0.9848521 0.6199266 0.9371494 0.4339783 0.9445987 0.4339789 0.9371505 0.7152761 0.9879589 0.7145783 0.9877244 0.7155817 0.9882972 0.738404 0.9971269 0.738268 0.9979587 0.7381321 0.9971332 0.9975348 0.2738399 0.9990305 0.1224745 0.9981269 0.2735748 0.9904652 0.5009788 0.9905048 0.5000693 0.9893446 0.4995399 0.9980986 0.5711293 0.9976217 0.5708364 0.9971216 0.5711293 0.9980716 0.7940285 0.9971216 0.7935894 0.9980661 0.7935894 0.7872228 0.99485 0.9989076 0.7877206 0.7833485 0.999059 0.9971212 0.8641642 0.9980686 0.4548471 0.998066 0.852063 0.1721663 0.9983643 0.1717818 0.9980716 0.2448694 0.9989339 0.04210001 0.9911308 0.04212552 0.9908334 0.04286116 0.9913582 0.9976311 0.5346171 0.9971215 0.5348914 0.998102 0.5348914 0.9976209 0.4026043 0.9971215 0.4023405 0.9981144 0.4023405 0.008686542 0.9910976 0.008654534 0.9916915 0.008398711 0.9912398 0.9932367 0.6379566 0.8954871 0.9935366 0.8952104 0.9938337 0.9781229 0.7519292 0.9789322 0.7521637 0.9796208 0.7533671 0.9976187 0.3787864 0.9971216 0.3790848 0.9981145 0.3790848 0.9976186 0.3746075 0.9981144 0.374906 0.9971215 0.374906 0.9976204 0.52524 0.9971215 0.524945 0.998102 0.524945 0.9976205 0.5261253 0.9971216 0.5258302 0.9981021 0.5258302 0.9980984 0.5714223 0.9976215 0.5711294 0.9971214 0.5714223 0.9932466 0.636074 0.519503 0.9971984 0.9574403 0.769092 0.5401917 0.9919363 0.5340042 0.9972834 0.9927958 0.6269615 0.766244 0.9797263 0.6200802 0.9762277 0.6861585 0.9762167 0.7225269 0.9866147 0.7215356 0.9861512 0.7221254 0.9864544 0.9988271 0.1265229 0.9990544 0.1199033 0.9968003 0.5425031 0.9976205 0.5264203 0.9971216 0.5261252 0.9981021 0.5261252 0.9981117 0.4215633 0.9976222 0.4212727 0.9971214 0.4215633 0.525772 0.9920949 0.5193789 0.9972891 0.9943524 0.6382964 0.9976209 0.4041875 0.9971216 0.4039237 0.9981145 0.4039237 0.9976208 0.4012852 0.9981144 0.4010214 0.9971215 0.4010214 0.9727041 0.7088001 0.8946402 0.9933746 0.8397235 0.9971047 0.9980984 0.575231 0.9976217 0.5749381 0.9971215 0.575231 0.9976211 0.4007574 0.9981145 0.4004936 0.9971217 0.4004936 0.9981116 0.4317225 0.9976245 0.4314398 0.9971215 0.4317225 0.6658149 0.9721487 0.6607629 0.968073 0.7890323 0.9721199 0.05879902 0.9890218 0.05960917 0.9892191 0.05993807 0.9889978 0.9981117 0.4218538 0.9976222 0.4215632 0.9971215 0.4218538 0.9981116 0.4311572 0.9971216 0.4311572 0.9976245 0.4308744 0.9976187 0.3784879 0.9971216 0.3787864 0.9981145 0.3787864 0.997631 0.5359889 0.9971215 0.5362633 0.998102 0.5362633 0.9976205 0.5270104 0.9971216 0.5267153 0.9981021 0.5267153 0.7893946 0.994861 0.9989075 0.7882836 0.785563 0.9990592 0.9971215 0.5940161 0.9976301 0.5942947 0.9980985 0.5940161 0.9988036 0.1538926 0.9981102 0.2747469 0.9988872 0.1207653 0.9976186 0.3781894 0.9971215 0.3784879 0.9981144 0.3784879 0.8433672 0.5036054 0.8515414 0.5077414 0.8346181 0.5077199 0.9976311 0.5348914 0.9971215 0.5351658 0.998102 0.5351658 0.1021254 0.9889523 0.1016955 0.9887195 0.1029262 0.98873 0.9981117 0.4206916 0.9976223 0.420401 0.9971215 0.4206916 0.9981115 0.4325708 0.9971215 0.4325708 0.9976244 0.432288 0.9976311 0.5357145 0.9971215 0.5359888 0.998102 0.5359888 0.6860247 0.9979646 0.9983228 0.3260992 0.9981691 0.3263735 0.9980662 0.7885875 0.9980706 0.5711973 0.9971216 0.7896367 0.9980984 0.5731801 0.9976216 0.5728872 0.9971215 0.5731801 0.9976186 0.3769955 0.9971215 0.3772939 0.9981144 0.3772939 0.9976209 0.399966 0.9971215 0.3997021 0.9981144 0.3997021 0.8331537 0.891022 0.9974787 0.8645344 0.335545 0.997859 0.9348083 0.8582948 0.836047 0.9971336 0.836188 0.9971299 0.6822584 0.9971349 0.6821225 0.9979678 0.6823945 0.997973 0.9911852 0.9860617 0.9908064 0.9861764 0.9916106 0.9855142 0.03344488 0.9903348 0.03438895 0.9902611 0.033239 0.9907045 0.9976186 0.3758015 0.9971215 0.3760999 0.9981144 0.3760999 0.9915164 0.9798226 0.9917716 0.9801463 0.9911664 0.9799873 0.1379086 0.9891516 0.1373885 0.9891343 0.138471 0.9885352 0.02469378 0.9903151 0.02426439 0.9905515 0.02549386 0.9905313 0.06492793 0.9925761 0.06441283 0.9918262 0.06505167 0.9923054 0.9980984 0.5728871 0.9971215 0.5728871 0.9976216 0.5725942 0.06763565 0.9889316 0.06742966 0.9885638 0.06815904 0.9886344 0.9981117 0.4174057 0.9976222 0.4171152 0.9971214 0.4174057 0.6880298 0.9979647 0.9983228 0.3255459 0.9981689 0.32582 0.9976209 0.4031322 0.9981145 0.4028683 0.9971216 0.4028683 0.9676694 0.9878222 0.9668661 0.9874435 0.9668993 0.9880647 0.01390075 0.9903151 0.01347136 0.9905515 0.01470082 0.9905313 0.0804829 0.9889522 0.08128374 0.9887298 0.08005309 0.9887194 0.01652163 0.9902712 0.01576817 0.9900996 0.01597023 0.9907046 0.0825318 0.9889929 0.08194404 0.9889828 0.08328366 0.9886344 0.9976186 0.375503 0.9971215 0.3758015 0.9981144 0.3758015 0.01821798 0.9903151 0.01927876 0.9902611 0.0179522 0.990643 0.9976311 0.5351658 0.9971216 0.5354402 0.9981021 0.5354402 0.1211546 0.9885351 0.1200721 0.9891342 0.1207465 0.988996 0.02083879 0.9902712 0.02028745 0.9907046 0.0214374 0.9902611 0.9969846 0.9783172 0.9960082 0.9789454 0.9969971 0.9790055 0.9976311 0.5326968 0.9971216 0.5329712 0.998102 0.5329712 0.007887184 0.9902711 0.008281469 0.9897071 0.008578121 0.9900958 0.7547337 0.9878346 0.7543299 0.9877244 0.7553228 0.9882908 0.00766009 0.992167 0.007536411 0.9924963 0.007156968 0.9918261 0.1485829 0.9887146 0.1485074 0.9894493 0.1492366 0.9889311 0.7642587 0.9877326 0.7631996 0.9881907 0.7638544 0.9878567 0.1517353 0.9890516 0.1522321 0.9889968 0.1510882 0.9885627 0.5974143 0.9864946 0.5984475 0.9863842 0.5979954 0.9860414 0.605838 0.9883196 0.6061472 0.9880297 0.6055287 0.9880412 0.9981117 0.4209821 0.9971215 0.4209821 0.9976223 0.4206916 0.5246772 0.9920815 0.5182681 0.9972891 0.9943524 0.6373536 0.9976311 0.5335197 0.9971216 0.5337941 0.9981021 0.5337941 0.7621905 0.9872278 0.7617751 0.9879205 0.7622729 0.9877325 0.4845084 0.9865987 0.4845913 0.9870921 0.4846155 0.987749 0.7246454 0.986957 0.7245163 0.9877293 0.7245163 0.9865997 0.9981117 0.4176963 0.9976222 0.4174057 0.9971214 0.4176963 0.9976205 0.5273055 0.9981021 0.5270104 0.9971216 0.5270104 0.9976311 0.5318737 0.9971215 0.5321481 0.998102 0.5321481 0.9918461 0.9728604 0.9909414 0.9726098 0.9910914 0.972369 0.3755816 0.9944201 0.3742006 0.9927431 0.3742006 0.9943981 0.9980985 0.574059 0.9971215 0.574059 0.9976217 0.573766 0.5280475 0.9865962 0.527926 0.987029 0.5270547 0.9861672 0.7230066 0.9949538 0.9994133 0.7930071 0.7178838 0.9990666 0.9976186 0.3796818 0.9981144 0.3799803 0.9971215 0.3799803 0.9971216 0.5945732 0.9976301 0.5948517 0.9980986 0.5945732 0.997107 0.001978695 0.9971022 0.01685094 0.9960131 0.001916348 0.1968306 0.9893167 0.1973338 0.989703 0.1968881 0.9887272 0.6638655 0.9680718 0.6977273 0.9721447 0.8665868 0.9680653 0.9976187 0.3761 0.9971216 0.3763985 0.9981145 0.3763985 0.7714372 0.9967678 0.9989079 0.8153123 0.7684789 0.9990605 0.5241956 0.9929571 0.9932947 0.6335458 0.5182719 0.9971269 0.4808182 0.9970182 0.9284437 0.9970141 0.4809448 0.9959278 0.9976209 0.4039236 0.9981144 0.4036598 0.9971215 0.4036598 0.9972248 0.2708671 0.9971505 0.4221214 0.9971215 0.2711449 0.9980986 0.5708363 0.9976217 0.5705434 0.9971216 0.5708363 0.9907786 0.968438 0.9913969 0.9677835 0.9911484 0.9681439 0.9919101 0.9691056 0.9925758 0.9687487 0.9917714 0.9694109 0.9976209 0.4020767 0.9971216 0.4018129 0.9981145 0.4018129 0.01143848 0.994633 0.01089912 0.9945889 0.01066482 0.9948273 0.8766275 0.9970004 0.8766289 0.9959068 0.9970988 0.07862883 0.8181181 0.8976469 0.8294548 0.9091929 0.8143563 0.9092867 0.2388642 0.9865776 0.2404443 0.9873902 0.226908 0.9875594 0.9976186 0.3775924 0.9971215 0.3778909 0.9981144 0.3778909 0.9976208 0.4015489 0.9971215 0.4012851 0.9981144 0.4012851 0.9976311 0.5362631 0.998102 0.5365374 0.9971215 0.5365374 0.775379 0.8024858 0.9935392 0.6867615 0.9937631 0.7219192 0.7240914 0.9949377 0.9994134 0.792163 0.71899 0.9990665 0.726504 0.9866099 0.7270417 0.9863603 0.7274984 0.9861539 0.7728026 0.9967718 0.9989081 0.8155937 0.7698611 0.9990605 0.8353025 0.9971157 0.8940842 0.9931253 0.8943586 0.9929669 0.5109485 0.9877545 0.5110039 0.9870286 0.5114842 0.9879857 0.9981117 0.4232397 0.9976223 0.4229491 0.9971215 0.4232397 0.7848832 0.9680652 0.7857018 0.9721198 0.6687808 0.9680723 0.9976186 0.376697 0.9971215 0.3769955 0.9981144 0.3769955 0.9980985 0.5746449 0.9976217 0.574352 0.9971215 0.5746449 0.9980985 0.5723012 0.9976217 0.5720083 0.9971215 0.5723012 0.006184101 0.9926581 0.005719244 0.9920659 0.006430387 0.9923851 0.9981116 0.432288 0.9971215 0.432288 0.9976245 0.4320053 0.9980986 0.5725942 0.9971215 0.5725942 0.9976217 0.5723012 0.9976311 0.531325 0.998102 0.5315994 0.9971215 0.5315994 0.9976209 0.403396 0.9971215 0.4031322 0.9981144 0.4031322 0.005728602 0.990271 0.005905807 0.9906281 0.00517714 0.9907045 0.9988036 0.1530999 0.9981104 0.2702443 0.9988873 0.1209986 0.9980985 0.5705434 0.9976217 0.5702505 0.9971215 0.5705434 0.9971217 0.5942947 0.9976302 0.5945733 0.9980987 0.5942947 0.9976311 0.5365375 0.9971216 0.5368119 0.9981021 0.5368119 0.9969586 0.5501436 0.9971076 0.3803432 0.9994201 0.6316318 0.7360281 0.996694 0.9994092 0.8087718 0.7326618 0.9990649 0.9970045 0.8917601 0.9959957 0.8910217 0.9969851 0.8910719 0.997621 0.4010214 0.9981145 0.4007576 0.9971216 0.4007576 0.9981115 0.4314398 0.9971215 0.4314398 0.9976244 0.4311571 0.488416 0.9877703 0.4883263 0.9870389 0.4877472 0.9880468 0.9976186 0.374906 0.9981144 0.3752045 0.9971215 0.3752045 0.06980794 0.9915087 0.07012647 0.9920066 0.06993925 0.9922711 0.9981117 0.4297434 0.9971216 0.4297434 0.9976246 0.4294607 0.9913036 0.9712808 0.9919276 0.9712272 0.9920958 0.971629 0.9348083 0.8582948 0.5304481 0.98891 0.5199341 0.9972891 0.6816741 0.9971348 0.6815384 0.9979677 0.6818103 0.9979729 0.9976209 0.3991745 0.9981144 0.3989107 0.9971215 0.3989107 0.9976209 0.3994384 0.9981145 0.3991745 0.9971216 0.3991745 0.9980986 0.5737661 0.9971215 0.5737661 0.9976217 0.5734731 0.7225288 0.9877275 0.722823 0.9877146 0.7235147 0.9882948 0.997099 0.0164268 0.9959957 0.01642853 0.9971069 0.003329992 0.9981115 0.4331363 0.9971215 0.4331363 0.9976244 0.4328535 0.04689991 0.9924963 0.04654753 0.9915092 0.04681193 0.9917999 0.9980986 0.5699576 0.9976217 0.5696646 0.9971215 0.5699576 0.5254982 0.9921082 0.5191011 0.9972891 0.9943524 0.6392392 0.9980706 0.5711973 0.997128 0.5746049 0.9971216 0.7896367 0.6846838 0.9975953 0.6740912 0.9980155 0.7058797 0.9976369 0.9981118 0.4235303 0.9976223 0.4232397 0.9971215 0.4235303 0.5411697 0.9877524 0.5412111 0.9869458 0.5418671 0.9881028 0.9976186 0.3802788 0.9971215 0.3805773 0.9981144 0.3805773 0.9976209 0.4018129 0.9971215 0.4015491 0.9981144 0.4015491 0.9976205 0.5267154 0.9971215 0.5264203 0.998102 0.5264203 0.8706943 0.9721192 0.6272763 0.9680703 0.7832515 0.9680653 0.7662445 0.9865998 0.7663217 0.9871624 0.7666488 0.9864757 0.99864 0.6128515 0.9972589 0.3784088 0.9960765 0.540259 0.997631 0.5340684 0.9971215 0.5343428 0.998102 0.5343428 0.745537 0.9979667 0.745809 0.9979608 0.7456731 0.9971351 0.9976206 0.5255351 0.9981021 0.52524 0.9971216 0.52524 0.6397132 0.9959154 0.5950286 0.9970116 0.5397996 0.995909 0.7463964 0.9979666 0.7465326 0.9971351 0.7466684 0.9979607 0.9976209 0.399702 0.9981145 0.3994382 0.9971216 0.3994382 0.9976187 0.3793833 0.9981145 0.3796818 0.9971216 0.3796818 0.7366844 0.9971268 0.7365483 0.9979584 0.7364125 0.997133 0.9981116 0.4300261 0.9976245 0.4297434 0.9971216 0.4300261 0.9976311 0.53544 0.9971215 0.5357144 0.998102 0.5357144 0.9976209 0.4036598 0.9981144 0.403396 0.9971215 0.403396 0.9981116 0.4328535 0.9976245 0.4325708 0.9971215 0.4328535 0.6791701 0.9971348 0.6793062 0.997973 0.6790342 0.9979678 0.999049 0.2024142 0.997022 0.4140972 0.9962649 0.5498661 0.9980985 0.5717152 0.9971215 0.5717152 0.9976217 0.5714223 0.9971215 0.5937377 0.99763 0.5940162 0.9980984 0.5937377 0.9976313 0.5324224 0.9971217 0.5326967 0.9981022 0.5326967 0.9932466 0.636074 0.9574403 0.769092 0.896902 0.9935773 0.9913046 0.9872227 0.9911318 0.9866646 0.9916377 0.9870118 0.9988575 0.2039346 0.9990489 0.2015814 0.999103 0.6273204 0.9981092 0.09196001 0.9971215 0.09110862 0.9971215 0.09188348 0.4441789 0.9371496 0.4113562 0.9446086 0.444179 0.9445978 0.9902797 0.4934377 0.9905652 0.4924629 0.9901719 0.4919169 0.775379 0.8024858 0.5295474 0.9972834 0.9935392 0.6867615 0.6152756 0.9797458 0.766244 0.9797263 0.6861585 0.9762167 0.9971215 0.7905154 0.9980704 0.5763381 0.9971281 0.5754461 0.7566958 0.9092681 0.7666036 0.8976486 0.75764 0.8976874 0.75764 0.8976874 0.7982072 0.9092874 0.7566958 0.9092681 0.7057535 0.9680752 0.7850775 0.9721203 0.7045517 0.9721412 0.6918732 0.9885327 0.2752692 0.99263 0.2752049 0.9908502 0.1934118 0.9970536 0.1926302 0.995907 0.1926302 0.9970537 0.9989099 0.8147496 0.7675904 0.9989369 0.998893 0.8144766 0.8315011 0.9680655 0.6711721 0.9680736 0.6560612 0.9721531 0.939382 0.9927472 0.5435893 0.9943957 0.5434886 0.9927631 0.4990916 0.9880341 0.4978222 0.9877524 0.4988202 0.988323 0.9968454 0.5405438 0.9988515 0.1263797 0.9969432 0.4618597 0.2880852 0.9970537 0.2887798 0.995907 0.2887798 0.9970537 0.9937631 0.7219192 0.9935392 0.6867615 0.605651 0.997972 0.896902 0.9935773 0.9574403 0.769092 0.83577 0.9971336 0.7223646 0.9997708 0.6680615 0.99786 0.7222722 0.9997522 0.7711302 0.8977316 0.9867624 0.9989032 0.9867624 0.9992946 0.6325702 0.9721571 0.8640423 0.9721201 0.860334 0.9680653 0.9981092 0.1048108 0.9971215 0.1039583 0.9971215 0.1047329 0.8384563 0.9971452 0.8960561 0.9932015 0.8963304 0.9930432 0.6609401 0.9721525 0.8648727 0.9680653 0.7857018 0.9721198 0.8952046 0.9934148 0.8360333 0.9971073 0.8034723 0.8549883 0.7867184 0.9721203 0.6929882 0.9721456 0.8575869 0.9680655 0.2959187 0.9970537 0.2966133 0.995907 0.2966133 0.9970537 0.5451455 0.9877543 0.5452247 0.9871959 0.5458295 0.9880949 0.99864 0.6128515 0.998827 0.1300922 0.9990543 0.1237805 0.6607629 0.968073 0.8631941 0.97212 0.8631941 0.9680653 0.4589054 0.9965126 0.3782789 0.996555 0.7034183 0.9258468 0.9090694 0.9970138 0.6622403 0.9959085 0.6623252 0.9970123 0.6939798 0.9797248 0.6152756 0.9797458 0.6861585 0.9762167 0.07907354 0.9914848 0.07935214 0.9922575 0.07875436 0.9919827 0.4261246 0.9762821 0.9825071 0.9981028 0.9825832 0.9978359 0.5391872 0.9877544 0.5378835 0.9880948 0.5388962 0.9877816 0.8034723 0.8549883 0.5196619 0.9996122 0.8952046 0.9934148 0.9090584 0.3371627 0.8977481 0.3360596 0.8977481 0.3371629 0.8949229 0.9934883 0.9261464 0.8793079 0.5309084 0.989766 0.5189672 0.9970238 0.5184073 0.9965413 0.5186869 0.9959576 0.0715425 0.9919828 0.0711708 0.9920998 0.07125997 0.991586 0.9972105 0.2696337 0.9972715 0.4422062 0.9990491 0.1233679 0.7596872 0.9906398 0.3131421 0.9908547 0.3147823 0.9908335 0.9989281 0.8073576 0.9994176 0.8072222 0.9988918 0.8070831 0.6699199 0.9971553 0.6960628 0.9984709 0.7005373 0.9986136 0.7682302 0.9877325 0.7677438 0.9879127 0.7672373 0.9882908 0.7677438 0.9879127 0.7682302 0.9877325 0.7681391 0.9871698 0.5119419 0.9862216 0.5129348 0.9865702 0.5127559 0.9869161 0.9959958 0.8978818 0.9970036 0.8986204 0.9960142 0.8985702 0.9908065 0.9848522 0.9912796 0.9841395 0.9911584 0.984969 0.754328 0.9865744 0.7540394 0.9865655 0.7542537 0.9871438 0.9971216 0.8544502 0.9980693 0.5173986 0.9980661 0.8521181 0.9975408 0.2741401 0.9988917 0.1215618 0.9990304 0.1232966 0.8518581 0.9951793 0.8522503 0.9945808 0.851954 0.995188 0.9943396 0.7196692 0.9931743 0.6866794 0.9932314 0.6630473 0.7222382 0.9877203 0.7225269 0.9877325 0.7224524 0.9871438 0.783151 0.9680653 0.7859019 0.9721201 0.6680933 0.9721494 0.7548094 0.9092749 0.7969237 0.8976461 0.7969228 0.9092873 0.5798346 0.5932002 0.997533 0.2609421 0.0731827 0.9973338 0.9959957 0.01642853 0.9960134 0.003331542 0.9971069 0.003329992 0.9348083 0.8582948 0.993509 0.6361063 0.836047 0.9971336 0.6680933 0.9721494 0.6750409 0.9680722 0.783151 0.9680653 0.5391872 0.986642 0.5388962 0.9866089 0.5381944 0.9862216 0.9892867 0.9968805 0.9891345 0.9989032 0.1971942 0.9984936 0.0252223 0.9947751 0.02607452 0.9947429 0.02568489 0.9946187 0.9859716 0.9989032 0.9974787 0.8645344 0.986013 0.9988294 0.9959958 0.9878243 0.9969971 0.9885727 0.9969846 0.9878844 0.3178381 0.9926224 0.7672587 0.9906616 0.3194789 0.9926016 0.7255067 0.9882923 0.7245163 0.9877293 0.7250542 0.9879161 0.03136831 0.9910861 0.03085273 0.9912778 0.03079658 0.9909958 0.03154408 0.9926301 0.03079658 0.9924962 0.03125512 0.9924052 0.9291192 0.2100329 0.9373946 0.2084032 0.9373946 0.2100435 0.2997467 0.9959069 0.2990521 0.9970536 0.299052 0.9959069 0.8387385 0.9971404 0.8395164 0.9971014 0.8980234 0.9927535 0.4342016 0.9729972 0.4004887 0.9972404 0.1971942 0.9984936 0.9890537 0.5054936 0.9886184 0.5063662 0.9897021 0.5072762 0.9827259 0.9931432 0.5968112 0.9298844 0.2705816 0.9981016 0.2128719 0.3951166 0.2073022 0.4007726 0.2136536 0.3951719 0.9937208 0.7213625 0.9938533 0.629505 0.9938363 0.6297784 0.9993895 0.8147563 0.9988999 0.8148918 0.9994255 0.8150309 0.9959958 0.9123067 0.9970036 0.9130454 0.9960142 0.9129952 0.9922214 0.9661368 0.9925215 0.9671062 0.9923093 0.9668002 0.9988878 0.6205745 0.9972715 0.4422062 0.9988918 0.6209611 0.308547 0.9970536 0.3078524 0.995907 0.3078524 0.9970536 0.9971215 0.1510887 0.9981091 0.1519412 0.9971215 0.1518633 0.9970035 0.9058325 0.9959957 0.9050939 0.9969851 0.905144 0.5451736 0.9885749 0.9933944 0.6845524 0.5340055 0.9971458 0.406489 0.9974981 0.4068856 0.9971277 0.2842403 0.9980702 0.8522753 0.4443758 0.8688269 0.4427205 0.8688269 0.4443755 0.9988592 0.1222159 0.998829 0.6152574 0.999024 0.1214964 0.2206854 0.9885328 0.2216885 0.988605 0.2206684 0.9906959 0.9959957 0.8878171 0.9970044 0.8885555 0.996015 0.8885053 0.7894639 0.9680655 0.6925832 0.972145 0.7199519 0.9680748 0.9969851 0.8838617 0.996015 0.8844997 0.9959957 0.8838115 0.9990489 0.2015814 0.996995 0.3922959 0.999103 0.6273204 0.3039357 0.9970537 0.3046303 0.995907 0.3039356 0.995907 0.9557934 0.9970005 0.9959966 0.3448905 0.9557934 0.995907 0.2920019 0.995907 0.2926965 0.9970537 0.2920019 0.9970537 0.8360333 0.9971073 0.8952046 0.9934148 0.8353505 0.9971404 0.7823712 0.8987251 0.9816227 0.9989032 0.7083637 0.9111605 0.2203462 0.995907 0.2211278 0.9970537 0.2211278 0.995907 0.9971215 0.1308463 0.9981092 0.1301478 0.9981092 0.1309227 0.7115474 0.9183259 0.2484794 0.9988983 0.2207255 0.9983446 0.497875 0.9870089 0.4988157 0.9862576 0.4982271 0.9864969 0.8966191 0.9931786 0.8378914 0.9971464 0.8381645 0.9971305 0.5372628 0.9870761 0.5378835 0.9880948 0.537198 0.9877532 0.5372628 0.9870761 0.5381944 0.9862655 0.5377367 0.9864056 0.6876786 0.994733 0.4424452 0.9963944 0.5942484 0.9960831 0.9931699 0.6895939 0.5267762 1.00266 0.9935253 0.7236158 0.7281998 0.9864971 0.7280666 0.9878814 0.7284152 0.9871438 0.220687 0.9886127 0.2196314 0.9906972 0.2196314 0.9885329 0.6977273 0.9721447 0.8634921 0.9721206 0.8665868 0.9680653 0.4990916 0.9880341 0.4998084 0.9877544 0.4997316 0.9871952 0.2441734 0.9981684 0.2468542 0.9989032 0.2472454 0.9989168 0.9989081 0.8155937 0.9988945 0.8153207 0.7698611 0.9990605 0.4149056 0.9908374 0.4247796 0.9885403 0.4165601 0.9908333 0.9960082 0.9773328 0.9969846 0.9767045 0.9959957 0.9766445 0.3156859 0.9959069 0.3163806 0.9970536 0.3163805 0.9959069 0.9934048 0.6342001 0.5185496 0.9971269 0.5215176 0.9952244 0.526196 0.996862 0.5270348 0.9967866 0.5269732 0.9960688 0.4000907 0.9971277 0.3996927 0.9977374 0.3996959 0.9971268 0.3065706 0.9761125 0.3054674 0.9723574 0.3054674 0.9760977 0.7061012 0.997453 0.8537518 0.9952194 0.7060739 0.9978325 0.7067177 0.997348 0.7066053 0.9973841 0.8550095 0.99566 0.745958 0.9971352 0.998317 0.3437997 0.9981684 0.3435231 0.9981091 0.1473533 0.9971215 0.14805 0.9971215 0.1472753 0.71899 0.9990665 0.9994134 0.792163 0.9994276 0.7918899 0.9943419 0.6333073 0.9932947 0.6335458 0.5241956 0.9929571 0.4549722 0.7875565 0.4545038 0.7872241 0.4557872 0.7864294 0.785563 0.9990592 0.9989075 0.7882836 0.998893 0.7885565 0.9971296 0.5823194 0.998066 0.7940285 0.9971216 0.7940285 0.9931182 0.6338685 0.5213983 0.9944697 0.898584 0.9931917 0.2313803 0.9876044 0.8183949 0.9860419 0.8183897 0.9882067 0.8575869 0.9680655 0.6929882 0.9721456 0.86277 0.9721201 0.996995 0.3922959 0.9969888 0.5476326 0.999103 0.6273204 0.5428692 0.9877816 0.5431602 0.9877544 0.5430834 0.9871951 0.7392184 0.9043873 0.9839949 0.9989032 0.7176912 0.9082581 0.532375 0.9969244 0.5317054 0.9968492 0.5315616 0.9962288 0.9988918 0.6203973 0.9971505 0.4221214 0.9988974 0.6203133 0.848667 0.9952324 0.7065889 0.9974492 0.8485761 0.9952338 0.6609401 0.9721525 0.8644663 0.9721201 0.8648727 0.9680653 0.2292404 0.9876259 0.2284269 0.9868578 0.2303292 0.9869 0.5199588 0.9877544 0.5186551 0.9880948 0.5196678 0.9877816 0.173396 0.9982857 0.406489 0.9974981 0.2842403 0.9980702 0.7833485 0.999059 0.9989076 0.7877206 0.9988932 0.7879935 0.7325065 0.9868671 0.7334615 0.9861907 0.7327608 0.9865598 0.9971215 0.5843545 0.9980661 0.7909014 0.9980581 0.5843545 0.9932947 0.6376315 0.5242688 0.9942022 0.9943418 0.637393 0.9988656 0.6204782 0.9969004 0.5396999 0.9960765 0.5396992 0.744813 0.9971352 0.7449495 0.9979607 0.7446774 0.9979666 0.9932947 0.6357459 0.5257488 0.994318 0.9498401 0.7931628 0.9989079 0.8128392 0.9988944 0.8125662 0.7695847 0.9990605 0.06646168 0.9910985 0.06710451 0.9911351 0.06650835 0.9914663 0.06770437 0.9917995 0.06791055 0.9913581 0.06791061 0.9921322 0.6467148 0.997002 0.5947051 0.9970129 0.5688993 0.9959103 0.9943395 0.7199509 0.9931743 0.6860299 0.9932313 0.6617341 0.3996927 0.9977374 0.7392184 0.9043873 0.7176912 0.9082581 0.4204797 0.809086 0.4195974 0.8105993 0.4194856 0.8083375 0.7930626 0.8064296 0.7971749 0.797968 0.7930831 0.7895063 0.4558086 0.8106278 0.444037 0.8106762 0.4501537 0.8098056 0.4461244 0.8090544 0.4498049 0.80848 0.4492459 0.8091614 0.4449079 0.8088552 0.4449402 0.8096221 0.443924 0.808034 0.4451201 0.7873443 0.4447922 0.7880625 0.4439074 0.7865673 0.4338421 0.7875534 0.4373129 0.7884518 0.4337183 0.7884665 0.4417769 0.7884336 0.4398275 0.7925121 0.4389651 0.790075 0.4316602 0.8070253 0.4389651 0.8069956 0.4338406 0.8088504 0.4317868 0.8106407 0.4338017 0.8096179 0.4372295 0.8096039 0.8140916 0.008464097 0.8310149 0.008485496 0.8225532 0.004374027 0.4670738 0.7875164 0.4662993 0.7872793 0.4679871 0.7864454 0.9832905 1.002168 0.9835995 0.9989031 0.9971216 0.8673288 0.9820257 0.5448207 0.9829121 0.5435664 0.9817735 0.5419537 0.9809739 0.5450047 0.9798344 0.54635 0.980973 0.5479621 0.9970046 0.8797427 0.9959958 0.8790043 0.9969852 0.8790545 0.2471691 0.4360514 0.2424606 0.4413728 0.2417868 0.441833 0.2653703 0.4561437 0.2648005 0.4568075 0.2577442 0.456344 0.2593287 0.4160563 0.2638218 0.4014617 0.2644035 0.4008935 0.2136536 0.3951719 0.2124673 0.4148022 0.2215149 0.3953005 0.2067964 0.4010032 0.2061754 0.400649 0.2105616 0.41689 0.2134079 0.3939609 0.2214108 0.3939953 0.2325837 0.392799 0.2219949 0.4558781 0.2292028 0.4566053 0.2296374 0.4558005 0.2139567 0.3944995 0.2214108 0.3939953 0.2134079 0.3939609 0.2339627 0.3941574 0.2305048 0.3945669 0.2301072 0.3952748 0.2249507 0.995907 0.2241691 0.9970537 0.2241691 0.995907 0.9959989 0.01727187 0.997107 0.001562893 0.9971022 0.01727074 0.9980704 0.5763381 0.9980682 0.5569269 0.9971281 0.5754461 0.9971329 7.46511e-4 0.9981104 1.17957e-4 0.9971215 5.78786e-5 0.9911484 0.9770902 0.9912231 0.9779216 0.9908065 0.977695 0.9988501 0.2013925 0.9990489 0.1985281 0.9969586 0.5501436 0.7566958 0.9092681 0.769613 0.9092859 0.7666036 0.8976486 0.9960131 0.002269804 0.9970896 0.00262326 0.997107 0.002269804 0.9968454 0.5405438 0.9989109 0.6198244 0.9959957 0.5405415 0.9969951 0.8728491 0.9960062 0.8722207 0.9970057 0.8721607 0.9905748 0.5104171 0.9904173 0.5096296 0.9893585 0.5111297 0.7889565 0.9721201 0.6638655 0.9680718 0.7889551 0.9680653 0.1653724 0.9367914 0.1728129 0.9291247 0.1728206 0.9367913 0.8953997 0.9091415 0.8160104 0.897646 0.8953997 0.8977242 0.9971309 0.458913 0.998066 0.855004 0.9971215 0.855004 0.7262123 0.9864971 0.7264276 0.9871438 0.7260789 0.9878814 0.9981092 0.1000238 0.9971216 0.09917122 0.9971216 0.0999459 0.9891955 0.5207793 0.9902411 0.5205945 0.9905652 0.519644 0.7548094 0.9092749 0.8181181 0.8976469 0.7544545 0.897674 0.3101137 0.995907 0.3094191 0.9970537 0.3101137 0.9970537 0.9988552 0.6196073 0.9972141 0.460779 0.9960765 0.5388596 0.9888104 0.9978414 0.4678335 0.976393 0.988873 0.9972879 0.9971216 0.149182 0.9981092 0.1500346 0.9971216 0.1499567 0.9981092 0.1356882 0.9971215 0.1348368 0.9981092 0.1349133 0.7241621 0.9864465 0.7240808 0.9878852 0.7244401 0.9871438 0.6864936 0.9721498 0.8706943 0.9721192 0.7832515 0.9680653 0.9988675 0.6215701 0.9988272 0.1271079 0.9987748 0.618482 0.7153061 0.9986104 0.7080648 0.9985939 0.8535688 0.9956554 0.1431558 0.9886356 0.1430771 0.9890515 0.1426231 0.988932 0.8152973 0.9217619 0.1762828 0.9988651 0.1758913 0.9988651 0.9970892 0.002976596 0.9959957 0.003030061 0.9959989 0.01515996 0.9971215 0.5615472 0.9980706 0.5711973 0.9980663 0.5615472 0.511954 0.9883328 0.5114842 0.9879857 0.5119421 0.9881078 0.5127559 0.9869161 0.5129348 0.9865702 0.5127983 0.9877673 0.511954 0.9883328 0.5119421 0.9881078 0.5127983 0.9877673 0.5275127 0.9879853 0.5280475 0.9877544 0.5270544 0.9883258 0.9932947 0.6376315 0.5199378 0.9971268 0.5242688 0.9942022 0.2417868 0.4004386 0.236531 0.3944047 0.2404322 0.3955972 0.2484138 0.3945594 0.2482525 0.3949935 0.2412651 0.3946269 0.2633388 0.4013762 0.248942 0.4150475 0.2570962 0.3956956 0.8209497 0.9860422 0.225082 0.9876433 0.2292404 0.9876259 0.09817487 0.9373331 0.1003316 0.9444767 0.0981788 0.9446375 0.8372287 0.9971048 0.9465376 0.8125442 0.8373666 0.9970993 0.9994092 0.8087718 0.999423 0.8090447 0.7326618 0.9990649 0.9981986 0.3481222 0.6798929 0.9971285 0.6801657 0.9971477 0.8400801 0.9971156 0.8963372 0.9931499 0.8966117 0.9929956 0.6473245 0.9970116 0.5950286 0.9970116 0.6397132 0.9959154 0.3793971 0.9943981 0.3780195 0.9927651 0.3780195 0.9944201 0.9891345 0.9989032 0.4342016 0.9729972 0.1971942 0.9984936 0.03437513 0.9924963 0.03432363 0.9916955 0.03473359 0.9923421 0.7152761 0.9879589 0.7155817 0.9882972 0.7165641 0.9877325 0.9988968 0.6230809 0.9988245 0.1294839 0.9988664 0.622319 0.9980686 0.4548471 0.9971212 0.8641642 0.9971297 0.4547259 0.8513906 0.9950542 0.851773 0.9945704 0.8514861 0.9950647 0.9959957 0.9042922 0.9970035 0.9050308 0.996014 0.9049807 0.5432142 0.987016 0.5435653 0.9864968 0.5441539 0.9862576 0.8485761 0.9952338 0.8489359 0.994581 0.848667 0.9952324 0.9959957 0.8830103 0.9970045 0.8837487 0.9960151 0.8836985 0.9960121 0.007828533 0.9691903 0.9970099 0.9692004 0.9959068 0.8653145 0.97212 0.7135756 0.9680768 0.78743 0.9680653 0.8974639 0.9934605 0.8977381 0.9931593 0.840005 0.9971336 0.9284437 0.9970141 0.9307504 0.9959108 0.4809448 0.9959278 0.1728283 0.9367914 0.1802688 0.9291247 0.1802766 0.9367913 0.9974734 0.8657332 0.9855763 0.9989032 0.9855763 0.9992946 0.997128 0.5087681 0.9980661 0.7904465 0.9980672 0.5099449 0.6777951 0.978786 0.2460415 0.9989032 0.2464329 0.9989166 0.6739746 0.9721474 0.8653145 0.97212 0.78743 0.9680653 0.997127 0.7896367 0.998066 0.7891975 0.9980715 0.7896367 0.8937969 0.9932386 0.893522 0.9934763 0.9932946 0.6385743 0.9959958 0.9742256 0.9969971 0.974974 0.9969847 0.9742856 0.95689 0.9970195 0.9959966 0.3451205 0.9970999 0.3451205 0.2912185 0.9970537 0.2919132 0.995907 0.2919132 0.9970537 0.9981104 0.01463651 0.9971329 0.01526504 0.9981218 0.01532512 0.8374947 0.997105 0.9323207 0.8590387 0.9586535 0.7633564 0.9988918 0.6223707 0.9968298 0.5397031 0.9988205 0.619512 0.7178838 0.9990666 0.9994133 0.7930071 0.9994275 0.7927342 0.1003316 0.9444767 0.6283107 0.937149 0.6292915 0.9445971 0.06604909 0.9922046 0.06573539 0.992182 0.0657646 0.9914001 0.2634726 0.9980956 0.9878535 1.00059 0.9876105 1.003488 0.6685028 0.9970538 0.6685204 0.9979764 0.6684361 0.997917 0.9970046 0.8893567 0.9959958 0.8886184 0.9969852 0.8886685 0.6064293 0.9970118 0.9744329 0.9959067 0.5782927 0.9959123 0.3155972 0.995907 0.3149026 0.9970537 0.3149026 0.995907 0.9959957 0.9115052 0.9970034 0.9122439 0.996014 0.9121937 0.9981105 0.01060354 0.997133 0.01123213 0.9981219 0.01129221 0.7165639 0.9865626 0.7161626 0.9864544 0.7164346 0.9873455 0.1484367 0.4556093 0.1467805 0.3915477 0.1467818 0.4556093 0.8977482 0.3338524 0.9090585 0.3327488 0.9090585 0.3338521 0.5180343 0.9870761 0.5179694 0.9877532 0.5186551 0.9880948 0.5180343 0.9870761 0.5189661 0.9862655 0.5185083 0.9864056 0.9898722 0.503364 0.9891955 0.5033059 0.9898583 0.5014815 0.05166518 0.9954506 0.05167138 0.9950407 0.05196905 0.994648 0.2677112 0.9723575 0.266608 0.9761201 0.266608 0.9723722 0.5159859 0.9866422 0.5156948 0.9866091 0.5149931 0.9862217 0.855483 0.9956599 0.8552492 0.9951358 0.8555446 0.9945544 0.9914546 0.9854872 0.9908065 0.9848522 0.9911584 0.984969 0.9912796 0.9841395 0.9911219 0.9839553 0.9920196 0.9839278 0.9914546 0.9854872 0.9911584 0.984969 0.992155 0.9852688 0.992155 0.9852688 0.9923304 0.9844517 0.9925758 0.9848521 0.5156948 0.9877818 0.5159091 0.9871953 0.5159859 0.9877545 0.9982003 0.3265808 0.6856024 0.9979521 0.6858755 0.9979711 0.9987817 0.2266975 0.9994186 0.6361415 0.9994395 0.6364144 0.5798346 0.5932002 0.07074004 0.9975072 0.997533 0.2609421 0.9931182 0.6338685 0.5174389 0.9971268 0.5213983 0.9944697 0.9971215 0.1501353 0.9981091 0.1509879 0.9971215 0.15091 0.9971266 0.55246 0.9980661 0.8489363 0.9971218 0.8466032 0.6028969 0.9877318 0.6025366 0.9877933 0.6019166 0.9883196 0.9959959 0.9002851 0.9970037 0.9010237 0.9960142 0.9009735 0.5179724 0.9877574 0.5169792 0.988326 0.5174376 0.9879855 0.7146419 0.9870263 0.7151162 0.9863604 0.7155739 0.9862272 0.5394794 0.9877821 0.5401806 0.9883258 0.5407515 0.9878733 0.4363154 0.9445987 0.6212065 0.9371494 0.6212013 0.9444546 0.5182681 0.9972891 0.9939844 0.6370629 0.9943524 0.6373536 0.2297222 0.9876256 0.230443 0.987223 0.2326497 0.986881 0.9565244 0.9970197 0.9959957 0.344833 0.9565244 0.9959261 0.5412111 0.9869458 0.5421676 0.9862575 0.5415788 0.9864968 0.2888685 0.9970536 0.2895631 0.9959069 0.2888685 0.9959069 0.3274646 0.9981128 0.9873822 0.9959568 0.3108615 0.9979407 0.9918 0.9768597 0.9911218 0.9767981 0.9920774 0.9766486 0.9924693 0.9776119 0.9918 0.9768597 0.9920774 0.9766486 0.00234723 0.9922651 0.002605557 0.9926581 0.001869857 0.9921333 0.002605557 0.9908334 0.002627193 0.9910861 0.002145767 0.9913929 0.2484644 0.9989167 0.2448694 0.9989339 0.3434374 0.9977471 0.9933944 0.6845524 0.5451736 0.9885749 0.8868891 0.7964764 0.9959958 0.9131082 0.9970036 0.9138469 0.9960141 0.9137967 0.01763278 0.9910977 0.01786524 0.9919822 0.01752865 0.9914339 0.0163511 0.9916885 0.01642554 0.9924114 0.01626217 0.991221 0.9969846 0.9775108 0.9960082 0.9781391 0.9969971 0.9781992 0.99891 0.8141868 0.7689726 0.9989367 0.998893 0.8139138 0.6289459 0.9371489 0.6240907 0.9445958 0.09428608 0.9446375 0.5178955 0.9871953 0.5174376 0.9864054 0.5179723 0.9866124 0.9727041 0.7088001 0.5207708 0.9971269 0.5261965 0.9933277 0.9922168 0.9764088 0.9923059 0.9756204 0.9925755 0.9754408 0.9911994 0.9759761 0.9914546 0.9765406 0.9907786 0.9755949 0.9981092 0.1299697 0.9971215 0.1291183 0.9981092 0.1291947 0.8331537 0.891022 0.986013 0.9988294 0.9974787 0.8645344 0.04187351 0.9907045 0.04207926 0.9903348 0.0416556 0.9901409 0.7270417 0.9879161 0.7265039 0.9877244 0.7274943 0.9882922 0.5200583 0.9365886 0.5126178 0.9291248 0.5126101 0.9365888 0.6350734 0.9927476 0.928155 0.9944025 0.9388474 0.9927475 0.9971215 0.1143069 0.9981092 0.1136102 0.9971215 0.1135323 0.8003569 0.798534 0.800571 0.8000811 0.8013843 0.7989114 0.3086357 0.9970536 0.3093304 0.9959069 0.3093304 0.9970536 0.04189062 0.9923421 0.041969 0.9926582 0.04141223 0.9923938 0.9932367 0.6379566 0.5218814 0.9971269 0.5259575 0.9943867 0.4812696 0.9880378 0.4806008 0.9877417 0.4815778 0.9883276 0.9399394 0.9927472 0.7294149 0.9943931 0.9399379 0.9944021 0.9932367 0.6379566 0.5259575 0.9943867 0.8954871 0.9935366 0.4256904 0.7872424 0.4196807 0.7864947 0.4315878 0.7865183 0.4195974 0.8105993 0.4208775 0.8098257 0.4253416 0.8098075 0.4217444 0.7877016 0.4213367 0.7873011 0.4251695 0.7873729 0.9937867 0.697261 0.5453208 0.9879561 0.9937207 0.7202355 0.7441045 0.9971489 0.7443774 0.9971285 0.9982103 0.3438902 0.5449472 0.9867391 0.5451526 0.9877508 0.5451466 0.9866122 0.7389772 0.9979454 0.9981999 0.3378935 0.7387043 0.9979656 0.6720577 0.9680728 0.6325702 0.9721571 0.860334 0.9680653 0.9971215 0.08613836 0.9981092 0.08543998 0.9971215 0.08536344 0.9959958 0.9018878 0.9970037 0.9026265 0.9960142 0.9025763 0.9943417 0.635193 0.9932946 0.6354315 0.5245438 0.9941837 0.5392413 0.987016 0.5395923 0.9864969 0.5401811 0.9862576 0.9969851 0.8854638 0.996015 0.8861019 0.9959957 0.8854137 0.8648727 0.9680653 0.6687808 0.9680723 0.7857018 0.9721198 0.2677112 0.9723722 0.2688145 0.9761053 0.2688145 0.9723575 0.3109858 0.9970537 0.3116804 0.995907 0.3116804 0.9970536 0.7439525 0.9971353 0.998317 0.342969 0.9981684 0.3426924 0.6680933 0.9721494 0.8604233 0.9680653 0.6750409 0.9680722 0.5873195 0.9970112 0.9599997 0.9959071 0.6456469 0.997008 0.06850636 0.9909158 0.06871789 0.9911063 0.06809461 0.9917688 0.06850641 0.992576 0.06809461 0.9917688 0.06855279 0.9922675 0.99891 0.8131206 0.7684196 0.9989369 0.9988931 0.8128476 0.9990544 0.1199033 0.9970901 0.4029469 0.9968003 0.5425031 0.9959966 0.345063 0.9557935 0.9970195 0.9970999 0.345063 0.9943418 0.6329931 0.9932947 0.6332316 0.5253703 0.9941644 0.6642221 0.9970142 0.6644193 0.9959113 0.9344476 0.9959108 0.7225269 0.9866147 0.7221254 0.9864544 0.7224524 0.9871438 0.938834 0.9944022 0.6350734 0.9927476 0.9388322 0.9927473 0.9972795 0.3202933 0.9988918 0.1221155 0.9990492 0.1222696 0.9971382 0.2675495 0.9990347 0.2030277 0.9971215 0.267821 0.775379 0.8024858 0.5292701 0.9971268 0.5295474 0.9972834 0.9988519 0.6171639 0.998871 0.1258845 0.9987332 0.613186 0.7617751 0.9879205 0.7604263 0.9877322 0.7612801 0.9882907 0.76128 0.9860414 0.7617379 0.9863901 0.7622729 0.9866078 0.9910432 0.9786167 0.9915906 0.9786892 0.9910949 0.979095 0.9922873 0.979095 0.9922279 0.9785612 0.992576 0.9794842 0.03348052 0.9909153 0.03372806 0.9915738 0.03315752 0.9910861 0.03333342 0.9926301 0.03259074 0.9920876 0.03347915 0.9922242 0.9989079 0.8153123 0.9988945 0.8150393 0.7684789 0.9990605 0.7205411 0.9865998 0.7207438 0.9866877 0.7215355 0.9861417 0.7205411 0.9865998 0.7205667 0.9877213 0.7207438 0.9866877 0.3054137 0.9970536 0.304719 0.9959069 0.3054136 0.9959069 0.9993894 0.8122832 0.9988997 0.8124187 0.9994254 0.8125578 0.9465376 0.8125442 0.5273733 0.9898098 0.5202742 0.9955556 0.2184348 0.9970536 0.2192164 0.9959069 0.2184348 0.9959069 0.7793777 0.588801 0.7490344 0.5871234 0.7793777 0.5871601 0.8222365 0.9882063 0.3998942 0.9868019 0.8222413 0.9860414 0.6350738 0.9959069 0.6342681 0.9970126 0.6341925 0.9959087 0.9631429 0.9959247 0.9970988 0.3401504 0.9631429 0.9970186 0.7449641 0.9971481 0.9981991 0.344147 0.7452369 0.9971285 0.9888294 0.4952546 0.9886422 0.4944279 0.9889373 0.493934 0.9829121 0.5405153 0.9817735 0.5389026 0.9802812 0.5392989 0.5346385 0.9968616 0.5347253 0.9962586 0.5342978 0.9959071 0.9932314 0.6630473 0.5309414 0.997141 0.5312187 0.9972833 0.8977482 0.3338526 0.9090585 0.3349556 0.9090585 0.3338524 0.9875531 0.9992946 0.2207255 0.9983446 0.9875543 0.9988888 0.6325702 0.9721571 0.7869206 0.9680653 0.7869206 0.9721201 0.006828129 0.9947754 0.007290542 0.9946188 0.007680356 0.9947428 0.2942633 0.9959069 0.2935686 0.9970536 0.2935686 0.9959069 0.9827259 0.9931432 0.9820181 0.9989032 0.5968112 0.9298844 0.9905747 0.4968268 0.9901717 0.4958 0.9890537 0.4957863 0.2022457 0.3926753 0.2043418 0.3945026 0.2049819 0.3939447 0.3148139 0.9970537 0.3141192 0.995907 0.3141192 0.9970537 0.9932946 0.6385743 0.5227144 0.9971269 0.5283784 0.9931748 0.9090586 0.3360592 0.8977483 0.3349561 0.9090586 0.3349559 0.9934048 0.6342001 0.5215176 0.9952244 0.9943419 0.6339359 0.9932947 0.6357459 0.5216038 0.9971269 0.5257488 0.994318 0.9695765 0.9877997 0.9689132 0.9879478 0.9697691 0.9882396 0.9988918 0.6209611 0.9972715 0.4422062 0.9971352 0.4256501 0.5191011 0.9972891 0.9939807 0.6389483 0.9943524 0.6392392 0.6028971 0.9866293 0.6033052 0.9865038 0.6038774 0.9860415 0.52612 0.987053 0.5270549 0.9862575 0.5264661 0.9864968 0.52612 0.987053 0.5265969 0.9879856 0.5260598 0.9877542 0.9990489 0.1985281 0.9971076 0.3803432 0.9969586 0.5501436 0.7850775 0.9721203 0.7057535 0.9680752 0.7864137 0.9680653 0.9932947 0.6332316 0.5210484 0.9971269 0.5253703 0.9941644 0.2047236 0.998174 0.247564 0.9989148 0.2466834 0.9989439 0.59807 0.9882497 0.5975965 0.9880008 0.5970151 0.9877684 0.4224401 0.9371665 0.4418441 0.9445978 0.4418439 0.9371497 0.9911174 0.9704 0.991892 0.9708755 0.9911664 0.971041 0.9925209 0.9699258 0.9923061 0.970358 0.9921273 0.9698773 0.893522 0.9934763 0.8937969 0.9932386 0.837464 0.9971336 0.7340999 0.9864463 0.7340186 0.9878851 0.7343779 0.9871438 0.9971214 0.0880534 0.9981092 0.08735501 0.9971214 0.08727848 0.2388642 0.9865776 0.2348572 0.9865261 0.2404443 0.9873902 0.6878759 0.9956203 0.6878716 0.9946212 0.6879039 0.9952089 0.2163491 0.995907 0.2155676 0.9970538 0.2155676 0.995907 0.9971215 0.5784674 0.998066 0.7912592 0.9980581 0.5784674 0.9971022 0.01685094 0.9959988 0.01684945 0.9960131 0.001916348 0.9932946 0.6354315 0.5202155 0.9971269 0.5245438 0.9941837 0.9988968 0.6183143 0.9988247 0.1300284 0.9988664 0.6175814 0.2501047 0.9989042 0.3274646 0.9981128 0.3108615 0.9979407 0.5411736 0.9866123 0.5409742 0.9867392 0.5411796 0.987751 0.8648905 0.9680653 0.6272763 0.9680703 0.8706943 0.9721192 0.2222577 0.9970537 0.2230392 0.995907 0.2222577 0.995907 0.7540636 0.9878812 0.7542537 0.9871438 0.7540394 0.9877203 0.4678335 0.976393 0.2532603 0.998903 0.2536514 0.9989166 0.9971383 0.2639424 0.9990348 0.2018835 0.9971216 0.2642139 0.9520791 0.9877806 0.951406 0.9876471 0.9524863 0.9882396 0.6060886 0.9971475 0.6063619 0.9971269 0.6062254 0.9979721 0.9971215 0.09571361 0.9981092 0.09501516 0.9971215 0.09493869 0.03182524 0.990134 0.03116965 0.9903151 0.03163456 0.9906955 0.9959958 0.9870179 0.9969971 0.9877664 0.9969846 0.987078 0.9971329 0.004779458 0.9981104 0.004150867 0.9971215 0.004090726 0.4849062 0.9864767 0.4845913 0.9870921 0.4845084 0.9865987 0.4849062 0.9864767 0.4845084 0.9865987 0.4855498 0.9861429 0.04714107 0.9909061 0.0476405 0.9911948 0.04698693 0.9913095 0.1259893 0.9893256 0.1262575 0.9889968 0.1254836 0.9885352 0.9959957 0.9058952 0.9970035 0.9066339 0.9960141 0.9065837 0.3055023 0.995907 0.306197 0.9970537 0.306197 0.995907 0.608689 0.987006 0.6080639 0.9880139 0.6087789 0.9877318 0.9969851 0.8846627 0.9960151 0.8853008 0.9959957 0.8846126 0.2873018 0.9970536 0.2879964 0.9959069 0.2879965 0.9970536 0.9959957 0.9107039 0.9970035 0.9114426 0.9960141 0.9113924 0.9959957 0.9806759 0.9969971 0.9814243 0.9969846 0.9807359 0.9971328 0.006392598 0.9981102 0.005764067 0.9971213 0.005703926 0.7582103 0.9870139 0.7583014 0.9866079 0.7582005 0.9876751 0.7583014 0.9866079 0.7582103 0.9870139 0.7577664 0.9863902 0.7572498 0.98613 0.7583014 0.9866079 0.7577664 0.9863902 0.004522681 0.9923235 0.003957927 0.9924963 0.003899574 0.991766 0.004620254 0.9911853 0.003899574 0.991766 0.00439471 0.9908334 0.1271089 0.9891284 0.1265193 0.9900497 0.1267907 0.9888324 0.9960083 0.9837833 0.9969847 0.9831549 0.9959959 0.9830949 0.01247429 0.9900422 0.01241546 0.9891524 0.01299059 0.9897294 0.2943519 0.9970537 0.2950466 0.995907 0.2943519 0.995907 0.6028971 0.9866293 0.602993 0.9877108 0.6033052 0.9865038 0.6044585 0.9864728 0.6038774 0.9860415 0.6033052 0.9865038 0.6044585 0.9864728 0.6048359 0.9866924 0.6038774 0.9860415 0.9971329 0.005586028 0.9981104 0.004957497 0.9971215 0.004897356 0.9914298 0.9733356 0.9911133 0.9739338 0.991043 0.9732491 0.9916118 0.9747787 0.9915317 0.9744688 0.9921969 0.9742313 0.3038469 0.995907 0.3031523 0.9970537 0.3031523 0.995907 0.9971215 0.001671016 0.9981218 0.00241971 0.9981104 0.001731038 0.9886185 0.5083078 0.9891956 0.5091302 0.9902797 0.5089696 0.06207609 0.9912399 0.06130099 0.9913095 0.06165069 0.9908334 0.0617634 0.992325 0.06236398 0.9923929 0.06121385 0.9924963 0.03971487 0.9907045 0.03992062 0.9903348 0.03949695 0.9901409 0.9970036 0.9074352 0.9959958 0.9066966 0.9969852 0.9067468 0.9959958 0.972613 0.9969971 0.9733614 0.9969847 0.9726731 0.4800744 0.9864004 0.4796239 0.9860414 0.4794674 0.9862831 0.3108971 0.995907 0.3102024 0.9970537 0.3108971 0.9970537 0.04978889 0.9915856 0.04988247 0.9911934 0.04993987 0.9922705 0.04846853 0.9922716 0.04846853 0.9912209 0.04865562 0.9914852 0.1223365 0.9889736 0.1225671 0.9899251 0.1227736 0.9891126 0.2911298 0.995907 0.2904352 0.9970537 0.2911298 0.9970537 0.9971329 0.01284527 0.9981104 0.01221674 0.9971215 0.01215672 0.9960151 0.8788915 0.9969851 0.8782534 0.9970045 0.8789417 0.782511 0.9966165 0.8509108 0.9950487 0.7852316 0.9965278 0.9600474 0.987647 0.9611277 0.9882396 0.9607204 0.9877806 0.1181797 0.9896907 0.1178612 0.9900497 0.1181325 0.9888324 0.9981218 0.00161314 0.9971215 8.64464e-4 0.9971329 0.001552999 0.9959959 0.9010864 0.9970037 0.9018251 0.9960142 0.9017749 0.8222365 0.9882063 0.226908 0.9875594 0.3998942 0.9868019 0.2951353 0.995907 0.29583 0.9970537 0.29583 0.995907 0.489393 0.9883276 0.4899721 0.9878923 0.4890848 0.9880379 0.9550916 0.9875492 0.9542394 0.9877806 0.9546467 0.9882395 0.1339319 0.9889772 0.1346476 0.9893256 0.1344977 0.9886357 0.9959958 0.9099025 0.9970036 0.9106411 0.9960142 0.910591 0.9960082 0.9829769 0.9969846 0.9823485 0.9959957 0.9822885 0.7592942 0.9882907 0.758981 0.9880088 0.7601474 0.9877391 0.758981 0.9880088 0.7592942 0.9882907 0.7584023 0.9876676 0.9897021 0.4878615 0.9886422 0.486662 0.9901719 0.4860925 0.001263082 0.9903135 4.59789e-4 0.9899348 4.93013e-4 0.990556 0.9959957 0.907498 0.9970035 0.9082367 0.9960141 0.9081865 0.9959959 0.9734194 0.9969972 0.9741679 0.9969847 0.9734795 0.9891826 0.4879493 0.9901719 0.4880342 0.9898723 0.4897737 0.9971215 0.09898847 0.9981091 0.09829181 0.9971215 0.09821385 0.1406964 0.9889513 0.1411412 0.9893257 0.1409913 0.9886357 0.9959957 0.9758382 0.9969971 0.9765866 0.9969846 0.9758983 0.6028969 0.9877318 0.6028328 0.9867207 0.6025366 0.9877933 0.6016073 0.9880412 0.6019166 0.9883196 0.6025366 0.9877933 0.6016073 0.9880412 0.6009905 0.9876602 0.6019166 0.9883196 0.996015 0.8942632 0.9969851 0.8936251 0.9970045 0.8943133 0.01840752 0.9909159 0.01823848 0.9914852 0.01797312 0.9913592 0.5293222 0.9965139 0.528979 0.9959813 0.5283244 0.9961441 0.9969851 0.8902707 0.9960151 0.8909088 0.9959957 0.8902206 0.02116894 0.9916322 0.0214163 0.9914578 0.02139014 0.9921322 0.02054363 0.9911665 0.01999163 0.9915863 0.01984059 0.9912209 0.2457654 0.9902257 0.2461552 0.9894468 0.2465731 0.9897485 0.3013134 0.9959069 0.3006188 0.9970536 0.3006187 0.9959069 0.9969851 0.903541 0.996014 0.9041793 0.9959957 0.9034909 0.9969846 0.9886906 0.9960082 0.9893189 0.9969971 0.989379 0.7547337 0.9878346 0.7544729 0.986593 0.7543299 0.9877244 0.7563156 0.9877325 0.7559113 0.9878566 0.7553228 0.9882908 0.2974853 0.9959069 0.29818 0.9970536 0.29818 0.9959069 0.0440973 0.9902666 0.04361736 0.9894852 0.04342246 0.99029 0.9969851 0.886265 0.9960151 0.8869031 0.9959957 0.8862149 0.7638544 0.9878567 0.764197 0.9867266 0.7642587 0.9877326 0.9922139 0.987917 0.9916107 0.9873035 0.9923382 0.9875631 0.9911319 0.9884539 0.9918566 0.9887436 0.9911663 0.9889338 0.9969847 0.9750919 0.9960083 0.9757202 0.9969971 0.9757803 0.2165234 0.9970538 0.2173049 0.995907 0.2173049 0.9970538 0.9970035 0.9090381 0.9959957 0.9082995 0.9969851 0.9083496 0.9960083 0.9797517 0.9969847 0.9791234 0.9959958 0.9790633 0.2982687 0.9970537 0.2989633 0.995907 0.2982687 0.995907 0.4772824 0.9879992 0.4776701 0.9883276 0.4781759 0.9879433 0.4776701 0.9883276 0.4772824 0.9879992 0.4766932 0.9877418 0.9890536 0.482196 0.988642 0.4827792 0.9891954 0.483891 0.3132472 0.9970536 0.3125525 0.9959069 0.3132472 0.9959069 0.9981219 0.008065879 0.9971216 0.007317185 0.997133 0.008005797 0.4815778 0.9861534 0.4806008 0.9865987 0.4807125 0.9870756 0.9960151 0.881295 0.9969851 0.8806569 0.9970045 0.8813452 0.5206112 0.9962288 0.5213956 0.9960266 0.5215595 0.9967865 0.02339166 0.9897072 0.02277004 0.990334 0.02300018 0.9906955 0.3014021 0.9970536 0.3020967 0.9959069 0.3020967 0.9970536 0.9970035 0.9098396 0.9959957 0.9091009 0.9969851 0.9091511 0.3028801 0.9970536 0.3021854 0.9959069 0.3021854 0.9970536 0.989529 0.4995106 0.9887195 0.4988583 0.9889371 0.4978173 0.1324231 0.989221 0.1318004 0.988932 0.1317914 0.9885327 0.3140305 0.995907 0.3133358 0.9970537 0.3133358 0.995907 0.02749186 0.9906282 0.02764779 0.9898144 0.02682846 0.9902665 0.4829524 0.9878754 0.4838396 0.9880469 0.4835315 0.9883276 0.1453447 0.9891751 0.14583 0.9891598 0.1445947 0.9885626 0.6067158 0.9866541 0.6067283 0.9873219 0.6068183 0.9877318 0.30053 0.995907 0.2998354 0.9970537 0.30053 0.9970537 0.9897021 0.5150423 0.9905749 0.5143002 0.9904173 0.5135126 0.1989878 0.9892153 0.1981313 0.9889964 0.1983553 0.9885327 0.9959958 0.9862116 0.9969971 0.9869601 0.9969847 0.9862717 0.4867386 0.9876979 0.4865571 0.9866556 0.4864622 0.9877418 0.3171639 0.995907 0.3178586 0.9970538 0.3178586 0.995907 0.9975348 0.2738399 0.9988918 0.1207309 0.9990305 0.1224745 0.9891954 0.5168962 0.9900342 0.5168962 0.9905964 0.5159282 0.9975277 0.2705377 0.9988918 0.1223925 0.9990304 0.1240718 0.9963694 0.54707 0.9987817 0.2266975 0.9994395 0.6364144 0.9970988 0.07862883 0.8766289 0.9959068 0.9954844 0.08254772 0.9847145 0.9878433 0.9848911 0.9882396 0.9838108 0.9876471 0.5471332 0.9877545 0.5458295 0.9880949 0.5468421 0.9877817 0.9727041 0.7088001 0.5261965 0.9933277 0.8946402 0.9933746 0.8983092 0.9934597 0.898584 0.9931917 0.8363347 0.9971336 0.7245163 0.9865997 0.7255106 0.9861416 0.7246454 0.986957 0.210789 0.9970538 0.2115705 0.995907 0.210789 0.995907 0.9911732 0.9814415 0.9907787 0.9811192 0.9910842 0.9805086 0.9910081 0.981634 0.9911732 0.9814415 0.9916338 0.9816876 0.9917449 0.9804332 0.9910842 0.9805086 0.9916107 0.9801463 0.9917449 0.9804332 0.9916107 0.9801463 0.9923837 0.9806177 0.9781138 0.9927433 0.6673167 0.9943987 0.9760835 0.9943977 0.9119504 0.9970099 0.9114852 0.9970149 0.9119668 0.9959067 0.9969847 0.9815424 0.9960083 0.9821707 0.9969971 0.9822308 0.9981219 0.01451855 0.9971215 0.01376992 0.997133 0.01445847 0.8150556 0.8976461 0.8181181 0.8976469 0.8143563 0.9092867 0.2973967 0.9970536 0.296702 0.995907 0.296702 0.9970536 0.6989744 0.9985755 0.6701504 0.9971624 0.7080648 0.9985939 0.9970037 0.9146484 0.9959959 0.9139097 0.9969853 0.9139599 0.9971219 0.8436505 0.9980676 0.5748811 0.9980661 0.8542222 0.9971215 0.1566299 0.9981091 0.1559332 0.9981091 0.1567079 0.4417139 0.7875024 0.4378269 0.7872391 0.4437625 0.7865183 0.4113562 0.9446086 0.436316 0.9371505 0.4363154 0.9445987 0.997218 0.3644803 0.9994201 0.6321954 0.9969592 0.5467896 0.07607233 0.9885638 0.07585424 0.9891287 0.07627832 0.9889317 0.6055005 0.9979575 0.9932308 0.7222012 0.9930736 0.721924 0.02721816 0.9924963 0.02806818 0.9922657 0.02836829 0.9923928 0.0276767 0.9910862 0.02721816 0.9909958 0.02796566 0.9908609 0.9312828 0.9970141 0.4817057 0.995931 0.9312813 0.9959108 0.5768615 0.9970119 0.9296979 0.9970142 0.9293921 0.9959109 0.9971269 0.5162922 0.9980668 0.579306 0.9980693 0.5173986 0.7823712 0.8987251 0.4016912 0.9977276 0.402086 0.9977341 0.8537518 0.9952194 0.8541405 0.9945707 0.8538285 0.9951678 0.9981986 0.3470121 0.6793197 0.9971284 0.6795926 0.9971475 0.6046532 0.9971473 0.6049265 0.9971268 0.6047899 0.997972 0.2513085 0.9989167 0.2509298 0.9993788 0.2509173 0.9989032 0.4339789 0.9371505 0.4033256 0.9446114 0.4224401 0.9371665 0.3780195 0.9927431 0.3766419 0.9944201 0.3766419 0.9927651 0.5140774 0.9871959 0.5143416 0.9879091 0.5143527 0.9864764 0.1991461 0.9970536 0.1983644 0.995907 0.1983644 0.9970536 0.8370445 0.9971452 0.9251767 0.8802834 0.9498401 0.7931628 0.9971215 0.1453686 0.9981092 0.1462213 0.9971215 0.1461434 0.9923391 0.9655726 0.9913581 0.9654729 0.9922211 0.9652593 0.9908064 0.9647052 0.9911653 0.964202 0.9911908 0.9645744 0.992207 0.9643532 0.9911908 0.9645744 0.9911653 0.964202 0.1469432 0.9885327 0.147903 0.9889967 0.1469555 0.9889736 0.9927281 0.1574725 0.9907786 0.1563763 0.9927281 0.1563786 0.9981218 0.00403285 0.9971215 0.003284156 0.9971329 0.003972828 0.3117691 0.9970536 0.3124638 0.995907 0.3117691 0.995907 0.2705816 0.9981016 0.5968112 0.9298844 0.2498143 0.9988984 0.9291192 0.2067419 0.9373947 0.2083927 0.9291192 0.2083827 0.9971215 0.1482287 0.9981092 0.1490813 0.9971215 0.1490033 0.9972248 0.2708671 0.9988974 0.6203133 0.9971505 0.4221214 0.9586535 0.7633564 0.5204932 0.9971408 0.520767 0.9972889 0.5434524 0.9877821 0.5441535 0.9883258 0.5447245 0.9878732 0.0130397 0.992576 0.01256501 0.9915927 0.01301711 0.9921562 0.9971214 0.1251277 0.9981092 0.1244293 0.9981092 0.1252042 0.9971215 0.1056903 0.9981092 0.1049936 0.9971215 0.1049157 0.9971215 0.09379857 0.9981092 0.09310013 0.9971215 0.09302365 0.9981092 0.1213918 0.9971215 0.1205404 0.9981092 0.120617 0.9981092 0.1038535 0.9971216 0.1030008 0.9971216 0.1037755 0.9981094 0.08046972 0.9971215 0.07961833 0.9971215 0.08039325 0.2144377 0.9970536 0.2136561 0.9959069 0.2136561 0.9970536 0.9911262 0.9690706 0.9919101 0.9691056 0.9917714 0.9694109 0.9924408 0.9680012 0.9925758 0.9687487 0.9922826 0.9683251 0.9911484 0.9681439 0.9911262 0.9690706 0.9907786 0.968438 0.9924408 0.9680012 0.9922826 0.9683251 0.9913969 0.9677835 0.9919101 0.9691056 0.9922826 0.9683251 0.9925758 0.9687487 0.245751 0.9989087 0.3996911 0.9979976 0.2475767 0.9989099 0.9971215 0.1386954 0.9981091 0.139548 0.9971215 0.1394701 0.2146118 0.9970536 0.2153934 0.9959069 0.2153934 0.9970536 0.2174791 0.9959069 0.2182607 0.9970536 0.2174791 0.9970536 0.9981092 0.1271104 0.9971214 0.126259 0.9981092 0.1263355 0.9913048 0.9675406 0.9909053 0.9667941 0.9916189 0.9673327 0.2060104 0.9970536 0.2067919 0.9959069 0.2067919 0.9970536 0.9981092 0.08908742 0.9971215 0.08823603 0.9971215 0.08901095 0.2079218 0.9970536 0.2087033 0.995907 0.2079218 0.995907 0.9971214 0.1357899 0.9981092 0.1366413 0.9971214 0.1365648 0.9971215 0.152042 0.9981092 0.1528946 0.9971215 0.1528167 0.1993201 0.9970536 0.2001018 0.9959069 0.2001018 0.9970536 0.2117447 0.9970536 0.2125263 0.995907 0.2117447 0.995907 0.9971216 0.1009033 0.9981092 0.1002066 0.9971216 0.1001287 0.05105 0.9910861 0.05050343 0.991122 0.051373 0.9909153 0.05162847 0.9923928 0.05093681 0.9924052 0.05158174 0.992025 0.9981092 0.1416333 0.9971216 0.1423301 0.9971216 0.1415554 0.9971215 0.09475606 0.9981094 0.09405767 0.9971215 0.09398114 0.9981092 0.1153423 0.9971215 0.1144897 0.9971215 0.1152644 0.05520695 0.9910978 0.05519896 0.991574 0.05467736 0.9911305 0.05494427 0.9922878 0.05519896 0.991574 0.05538582 0.9921323 0.9971215 0.146322 0.9981091 0.1471747 0.9971215 0.1470967 0.9971215 0.1317993 0.9981094 0.1311009 0.9981094 0.1318758 0.1888073 0.9970537 0.1895888 0.995907 0.1895889 0.9970537 0.9981092 0.1328289 0.9971215 0.1319774 0.9981092 0.132054 0.9971215 0.1018607 0.9981092 0.101164 0.9971215 0.101086 0.9971216 0.1085625 0.9981092 0.1078658 0.9971216 0.1077879 0.5051618 0.9291248 0.5126023 0.9365887 0.51261 0.9291247 0.1366622 0.9886357 0.1355957 0.9887147 0.1361135 0.9889757 0.9981092 0.1076831 0.9971215 0.1068305 0.9971215 0.107605 0.6989744 0.9985755 0.7080648 0.9985939 0.7153061 0.9986104 0.9959958 0.8986833 0.9970036 0.8994219 0.9960142 0.8993718 0.006997883 0.9912199 0.007013559 0.9921876 0.006855726 0.9916003 0.9927281 0.1563763 0.9907786 0.1552799 0.9927281 0.1552824 0.5160448 0.9870532 0.516391 0.986497 0.5169796 0.9862577 0.5160448 0.9870532 0.5165217 0.9879857 0.5159845 0.9877544 0.8034723 0.8549883 0.5224367 0.9971269 0.5196619 0.9996122 0.9972957 0.8621469 0.9872384 0.9982731 0.9873822 0.9959568 0.2021874 0.995907 0.202969 0.9970538 0.2021874 0.9970538 0.9969846 0.9799297 0.9960081 0.980558 0.996997 0.9806181 0.5110039 0.9870286 0.511942 0.9862576 0.5113534 0.9864969 0.8389497 0.9971013 0.8974543 0.9927431 0.8391366 0.9970917 0.2031432 0.9970538 0.2039247 0.995907 0.2039247 0.9970538 0.9927282 0.1597453 0.9907786 0.1586494 0.9927282 0.1586518 0.6891662 0.9721464 0.6325702 0.9721571 0.8640423 0.9721201 0.8550095 0.99566 0.8550711 0.9945542 0.8547757 0.9951357 0.6925832 0.972145 0.8696697 0.9680652 0.7199519 0.9680748 0.2213019 0.995907 0.2220835 0.9970537 0.2220835 0.995907 0.9744998 0.9970098 0.5397996 0.995909 0.5950286 0.9970116 0.7057535 0.9680752 0.8673642 0.9721194 0.8678586 0.9680653 0.7796961 0.9762165 0.6200802 0.9762277 0.766244 0.9797263 0.4195746 0.7890954 0.4196807 0.7864947 0.4204428 0.7880625 0.01334095 0.9908334 0.01423442 0.9914426 0.01348578 0.9911693 0.05267339 0.9948599 0.05236661 0.9946152 0.05280178 0.9954355 0.9972105 0.2696337 0.9990491 0.1233679 0.9988918 0.1232234 0.9962649 0.5498661 0.999421 0.6338866 0.9970691 0.5498635 0.7270417 0.9863603 0.726504 0.9866099 0.7265838 0.9871363 0.7073348 0.9974446 0.8518581 0.9951793 0.851954 0.995188 0.5114842 0.9879857 0.511954 0.9883328 0.5109485 0.9877545 0.6960628 0.9984709 0.7073348 0.9974446 0.7005373 0.9986136 0.9971215 0.1260808 0.9981092 0.1253824 0.9981092 0.1261573 0.9960151 0.8828975 0.9969851 0.8822594 0.9970045 0.8829476 0.998066 0.8509702 0.9971243 0.5266594 0.998065 0.5216056 0.2872131 0.9959069 0.2865185 0.9970536 0.2872131 0.9970536 0.3728196 0.9927431 0.3742006 0.9944201 0.3728196 0.9943981 0.489393 0.9860415 0.4903203 0.9867253 0.4898434 0.9864005 0.4898434 0.9864005 0.4885447 0.9865938 0.489393 0.9860415 0.9599997 0.9959071 0.6345068 0.9959124 0.6456469 0.997008 0.9959957 0.9845989 0.996997 0.9853474 0.9969846 0.984659 0.5336858 0.9966101 0.53266 0.9963141 0.5330851 0.9969688 0.998066 0.8568592 0.9971398 0.4594033 0.9971217 0.8556652 0.5428691 0.9866089 0.5431602 0.986642 0.5421675 0.9862214 0.9969592 0.5467896 0.9988433 0.2027686 0.997218 0.3644803 0.8522753 0.446031 0.8688269 0.4443758 0.8688269 0.4460307 0.2232134 0.9970537 0.223995 0.995907 0.223995 0.9970537 0.6119334 0.9960676 0.9935253 0.7236158 0.6095196 0.9979636 0.9913581 0.9654729 0.9908064 0.9647052 0.9911908 0.9645744 0.5471332 0.9866421 0.5468421 0.986609 0.5461404 0.9862216 0.4835315 0.9860415 0.4825546 0.9865987 0.4829524 0.9864767 0.5340042 0.9972834 0.9931647 0.6272525 0.9927958 0.6269615 0.2927852 0.9970536 0.2934799 0.9959069 0.2927852 0.9959069 0.7830716 0.9990592 0.9989073 0.7863137 0.9988929 0.7865867 0.2448694 0.9989339 0.1717818 0.9980716 0.3434374 0.9977471 0.09988749 0.9890217 0.1006976 0.989219 0.1004302 0.9885684 0.08471494 0.9885638 0.08449691 0.9891286 0.084921 0.9889315 0.9971328 0.0104255 0.9981103 0.009797036 0.9971214 0.009736955 0.9901718 0.4899754 0.9905304 0.4911409 0.9898722 0.4917148 0.9981219 0.009679079 0.9971215 0.008930385 0.997133 0.009618997 0.2303292 0.9869 0.2185758 0.9906972 0.2185758 0.9885327 0.5226546 0.9967865 0.5220001 0.9969496 0.5216568 0.9964169 0.698536 0.9985865 0.7065889 0.9974492 0.7064755 0.9974581 0.2404443 0.9873902 0.3998942 0.9868019 0.226908 0.9875594 0.0249378 0.9921312 0.0247007 0.9920232 0.02460223 0.9910935 0.02392226 0.9908612 0.02352672 0.9912431 0.02460223 0.9910935 0.02388042 0.9923459 0.02423304 0.992658 0.02341914 0.9922716 0.7453849 0.9971352 0.998317 0.3449072 0.9981682 0.3446307 0.6049407 0.997977 0.8868891 0.7964764 0.6052136 0.9979636 0.7890323 0.9721199 0.6607629 0.968073 0.7884469 0.9680654 0.9981092 0.08142727 0.9971214 0.08057582 0.9971214 0.08135074 0.9959958 0.9026893 0.9970037 0.9034279 0.9960142 0.9033778 0.8654226 0.9071707 0.9828088 0.9992946 0.9828088 0.9989032 0.9959957 0.3402655 0.9638792 0.9970005 0.9970988 0.3402655 0.9969852 0.892824 0.9960151 0.8934621 0.9959958 0.8927739 0.7344939 0.9868671 0.735449 0.9861906 0.7347483 0.9865598 0.9932313 0.6617341 0.5306628 0.997141 0.5309402 0.9972835 0.04799962 0.991905 0.04804992 0.9910976 0.04830962 0.9918249 0.4020892 0.9971277 0.4016912 0.9977276 0.4016944 0.9971268 0.6456469 0.997008 0.6345068 0.9959124 0.6458281 0.995908 0.9971253 0.5120881 0.9980661 0.8605715 0.9971215 0.8575797 0.3062857 0.995907 0.3069804 0.9970537 0.3062857 0.9970537 0.5228492 0.9961441 0.5228012 0.9967026 0.5233473 0.9970237 0.9971215 0.002477586 0.9981219 0.00322628 0.9981104 0.002537727 0.5386778 0.9970236 0.5381157 0.9965111 0.5385828 0.9959068 0.7262436 0.999534 0.7852316 0.9965278 0.7280196 0.9994893 0.08012807 0.9920439 0.0803579 0.9912203 0.08028608 0.9923142 0.9713682 0.987626 0.9722058 0.9877202 0.9712199 0.9880648 0.4781759 0.9879433 0.478647 0.9877703 0.4785574 0.987356 0.4767692 0.9871714 0.4772197 0.9863873 0.4766932 0.9865987 0.9993893 0.8141936 0.9994253 0.8144682 0.9988996 0.814329 0.5193789 0.9972891 0.9939816 0.6380056 0.9943524 0.6382964 0.9599997 0.9959071 0.5873195 0.9970112 0.9625797 0.99701 0.9981219 0.008872449 0.9971216 0.008123755 0.997133 0.008812367 0.9994074 0.8065204 0.9994246 0.8067933 0.7334305 0.9989379 0.9904171 0.5038053 0.9905747 0.5045929 0.9893584 0.5053055 0.9550626 0.9970008 0.9959957 0.3449481 0.997099 0.3449481 0.8952104 0.9938337 0.8954871 0.9935366 0.8377458 0.9971336 0.6682394 0.9971624 0.6740912 0.9980155 0.6846838 0.9975953 0.144488 0.4555995 0.1461417 0.3915379 0.1461428 0.4555995 0.4562101 0.8106754 0.456203 0.7864201 0.4571148 0.8087357 0.4663638 0.7885207 0.4641947 0.7924882 0.4627631 0.7880388 0.9969851 0.8894695 0.9960151 0.8901076 0.9959958 0.8894194 0.3077637 0.9970537 0.307069 0.995907 0.3077637 0.995907 0.9971215 0.07847821 0.9981092 0.07777976 0.9971215 0.07770329 0.2251248 0.9970537 0.2259064 0.995907 0.2251248 0.995907 0.9993894 0.8136308 0.9994254 0.8139053 0.9988997 0.8137661 0.3171639 0.9970536 0.3164692 0.9959069 0.3171639 0.9959069 0.9969851 0.8814581 0.9960151 0.8820962 0.9959957 0.881408 0.7225687 0.9868673 0.722823 0.9865599 0.7235237 0.9861908 0.9716116 0.9970098 0.5688993 0.9959103 0.5947051 0.9970129 0.2304422 0.9870428 0.2175202 0.9906972 0.2175202 0.9885327 0.954697 0.995907 0.9970998 0.344833 0.954697 0.9970005 0.9802812 0.5484511 0.9798343 0.5494002 0.9829121 0.549667 0.9902796 0.5128525 0.9905748 0.5123587 0.9904173 0.5115711 0.910363 0.9959069 0.9106804 0.9970099 0.6768652 0.9959177 0.6473245 0.9970116 0.6397132 0.9959154 0.6476014 0.995908 0.4786818 0.995929 0.4785408 0.9970173 0.9679537 0.9970099 0.0111342 0.991392 0.01108145 0.992007 0.01076263 0.9919834 0.01212579 0.9913914 0.01226496 0.9910977 0.0124439 0.9921323 0.8397235 0.9971047 0.8946402 0.9933746 0.8390209 0.9971404 0.8355798 0.9971157 0.8938025 0.9931254 0.894077 0.9929669 0.9971215 0.08518087 0.9981092 0.08448243 0.9971215 0.08440595 0.9927281 0.1586494 0.9907786 0.1575534 0.9927281 0.1575559 0.2301297 0.9876685 0.2282353 0.9874117 0.2304422 0.9870428 0.1298128 0.9885352 0.1289553 0.9888324 0.1296392 0.9889737 0.9971215 0.1529953 0.9981091 0.1538479 0.9971215 0.15377 0.9960151 0.8877041 0.9969851 0.8870661 0.9970045 0.8877543 0.9971253 0.5120881 0.9980664 0.5228684 0.9980661 0.8605715 0.9344476 0.9959108 0.6644193 0.9959113 0.7281754 0.9959158 0.3076738 0.9723722 0.3065706 0.9760977 0.3065706 0.9723575 0.9971215 0.08709591 0.9981094 0.08639746 0.9971215 0.08632099 0.9971215 0.1375179 0.9981092 0.1368195 0.9981092 0.1375944 0.04701209 0.990042 0.04620271 0.990246 0.04674488 0.9906954 0.9981219 0.007259309 0.9971215 0.006510496 0.997133 0.007199168 0.9981092 0.1067257 0.9971215 0.1058731 0.9971215 0.1066477 0.9971215 0.1232215 0.9981094 0.1225231 0.9981094 0.1232981 0.01863038 0.9923421 0.01928275 0.9920994 0.01942205 0.9923928 0.9971328 0.0120387 0.9981102 0.01141017 0.9971213 0.01135015 0.7623641 0.9873185 0.7631996 0.9881907 0.762273 0.9877245 0.7623641 0.9873185 0.762273 0.9877245 0.7623767 0.9866591 0.4562101 0.8106754 0.4581511 0.8096179 0.4620971 0.8098065 0.06871789 0.9911063 0.06953656 0.9911598 0.06936621 0.9913343 0.8965076 0.9092193 0.8976159 0.8976442 0.8976012 0.9092193 0.8408011 0.9971072 0.8949229 0.9934883 0.8401502 0.9971404 0.7793778 0.5904797 0.7490345 0.588801 0.7793778 0.5888394 0.9971022 0.01566505 0.9959958 0.003329932 0.9959988 0.01568388 0.9971329 0.0136519 0.9981104 0.01302331 0.9971215 0.01296329 0.2193905 0.9959069 0.2201721 0.9970536 0.2201721 0.9959069 0.6675837 0.9978598 0.7239395 0.9997709 0.723847 0.9997522 0.845193 0.4917474 0.8443477 0.4924495 0.8433672 0.4918872 0.1974087 0.995907 0.1981904 0.9970537 0.1974087 0.9970537 0.9969851 0.8798558 0.9960151 0.8804939 0.9959957 0.8798056 0.2896518 0.9970537 0.2903465 0.995907 0.2903465 0.9970537 0.9959957 0.8918228 0.9970045 0.8925611 0.9960151 0.892511 0.9911908 0.9645744 0.9922211 0.9652593 0.9913581 0.9654729 0.07907354 0.9914848 0.08012807 0.9920439 0.07935214 0.9922575 0.003899574 0.991766 0.005057752 0.991905 0.004522681 0.9923235 0.4619796 0.80848 0.4620971 0.8098065 0.4614462 0.8091033 0.4495841 0.787326 0.4501556 0.7885238 0.4492912 0.7880968 0.006430387 0.9923851 0.006004512 0.9911821 0.006855726 0.9916003 0.343407 0.9976528 0.4431515 0.982133 0.9852163 0.9985228 0.7836253 0.9990581 0.9988996 0.7861707 0.7833486 0.99891 0.5453685 0.9970102 0.9279068 0.9959073 0.9128199 0.9970099 0.7841789 0.9990583 0.9988996 0.7881405 0.7839022 0.99891 0.8484624 0.9945808 0.8480079 0.9951504 0.8482559 0.9954259 0.7008149 0.9986137 0.6964736 0.998471 0.7070565 0.997247 0.9128199 0.9970099 0.9279068 0.9959073 0.9124792 0.9959069 0.9324283 0.9989052 0.07228964 0.9977793 0.3368137 0.7863247 0.2456353 0.9989032 0.2572252 0.998786 0.3118293 0.9979287 0.07484209 0.9920256 0.07512122 0.9919828 0.07506805 0.9913587 0.5453685 0.9970102 0.9739044 0.9970097 0.9279068 0.9959073 0.7287857 0.9877145 0.7295294 0.9882641 0.7284915 0.987698 0.9322802 0.997011 0.9318076 0.9970141 0.9317958 0.9959108 0.9098339 0.9959068 0.6479893 0.997015 0.6478379 0.9959155 0.525707 0.9864754 0.5256254 0.9879427 0.5259842 0.9871953 0.06206834 0.9955441 0.06213492 0.9947479 0.06192445 0.995131 0.6711142 0.9971554 0.6964736 0.998471 0.7008149 0.9986137 0.7301874 0.9864971 0.7304028 0.9871438 0.7300716 0.9878752 0.997595 0.8649324 0.2572252 0.998786 0.9975913 0.8645377 0.660169 0.9959102 0.6605318 0.9970144 0.6598188 0.9970123 0.5241135 0.9869034 0.5250683 0.9862216 0.5243667 0.9866094 0.5240748 0.9877581 0.5241135 0.9869034 0.5243667 0.9877821 0.9302218 0.9970141 0.5602988 0.9959176 0.930221 0.9959108 0.05268657 0.9923484 0.05235916 0.99255 0.05203896 0.9919494 0.05339336 0.9917644 0.05367732 0.9916652 0.05341774 0.9923928 0.7285314 0.9868671 0.7294864 0.9861907 0.7287857 0.9865598 0.5371019 0.9967527 0.5377531 0.9969425 0.5380826 0.996514 0.6434915 0.9970101 0.638005 0.9959146 0.653173 0.9959111 0.9974082 0.2603157 0.9981017 0.2602394 0.9981357 0.2603439 0.653173 0.9959111 0.6595599 0.9970142 0.6434915 0.9970101 0.4758855 0.9959301 0.9327213 0.9959108 0.5581714 0.9970129 0.9847856 0.9992946 0.997595 0.8649324 0.9975913 0.8645377 0.9279068 0.9959073 0.6415681 0.9959133 0.9124792 0.9959069 0.0745781 0.9924558 0.07351195 0.9922051 0.07375395 0.9921026 0.07375395 0.9921026 0.07351195 0.9922051 0.07370012 0.9911807 0.5768615 0.9970119 0.9293921 0.9959109 0.9369228 0.9970141 0.682969 0.9944046 0.6830734 0.9927484 0.683748 0.9944 0.9843902 0.9992946 0.8132574 0.8918963 0.7730118 0.8982605 0.5424446 0.9944059 0.6115353 0.9927617 0.9382844 0.9944021 0.9410291 0.9927473 0.7883631 0.9943984 0.9410342 0.9944021 0.7877635 0.9948468 0.9989076 0.7874391 0.7839022 0.999059 0.8634187 0.9680653 0.7030328 0.9721441 0.8702985 0.9721188 0.7839022 0.999059 0.9989076 0.7874391 0.9988932 0.787712 0.9280305 0.9970141 0.4825711 0.9959391 0.9245807 0.995911 0.9323361 0.9959109 0.9369228 0.9970141 0.6343435 0.9959163 0.632443 0.9943964 0.9445277 0.9927472 0.6369542 0.9927511 0.9399359 0.9927473 0.632443 0.9943964 0.6369542 0.9927511 0.9327213 0.9959108 0.9291646 0.9970141 0.5581714 0.9970129 0.6629323 0.9959105 0.9377784 0.9970141 0.9415932 0.9959105 0.2505266 0.9989143 0.7730118 0.8982605 0.8132574 0.8918963 0.7030328 0.9721441 0.7853925 0.9680653 0.7853925 0.9721201 0.9975149 0.2595139 0.5447045 0.620965 0.07279109 0.9974597 0.9262441 0.9959111 0.6598188 0.9970123 0.9335299 0.9970142 0.7883631 0.9943984 0.9410291 0.9927473 0.7302535 0.9927563 0.9382844 0.9944021 0.6115353 0.9927617 0.9382867 0.9927472 0.9369228 0.9970141 0.9293921 0.9959109 0.6343435 0.9959163 0.683748 0.9944 0.6830734 0.9927484 0.6838252 0.9927455 0.8418119 0.5009337 0.8409667 0.5002297 0.8427923 0.5003739 0.8409667 0.5002297 0.8440232 0.4994218 0.8427923 0.5003739 0.8440232 0.4994218 0.8451929 0.500235 0.8443476 0.5009369 0.9980661 0.8568415 0.9971216 0.8568416 0.997128 0.5087681 0.03432363 0.9916955 0.03415465 0.991221 0.03483748 0.9911309 0.03415465 0.991221 0.03481197 0.9908335 0.03483748 0.9911309 0.03481197 0.9908335 0.03540527 0.9909952 0.03483748 0.9911309 0.03540527 0.9909952 0.0357849 0.9916654 0.03543877 0.9914845 0.03483748 0.9911309 0.03540527 0.9909952 0.03543877 0.9914845 0.0357849 0.9916654 0.03552526 0.992393 0.03538596 0.9920995 0.819675 0.9882063 0.2275742 0.987722 0.2301297 0.9876685 0.6673167 0.9943987 0.64966 0.992747 0.7562162 0.9927577 0.9969846 0.9854655 0.9959958 0.9854055 0.9960082 0.9860938 0.9902797 0.4856718 0.9893586 0.4858905 0.9888293 0.4855473 0.9888293 0.4855473 0.9886866 0.484582 0.9905652 0.484697 0.9886866 0.484582 0.9897385 0.4840172 0.9905652 0.484697 0.7324666 0.9877274 0.7325065 0.9868671 0.7327608 0.9877145 0.7327608 0.9877145 0.7340186 0.9878851 0.7334526 0.9882949 0.1156966 0.9900498 0.1165286 0.9907192 0.1161316 0.9900308 0.1165286 0.9907192 0.1166295 0.9903293 0.1161316 0.9900308 0.1175993 0.9889968 0.1166396 0.9885329 0.1171025 0.9890516 0.1166396 0.9885329 0.115743 0.9891343 0.1162495 0.9891656 0.1171025 0.9890516 0.1166396 0.9885329 0.1162495 0.9891656 0.1173374 0.9899055 0.1166777 0.9905751 0.117599 0.9902418 0.1171025 0.9890516 0.1173374 0.9899055 0.1175993 0.9889968 0.1173374 0.9899055 0.117599 0.9902418 0.1175993 0.9889968 0.115743 0.9891343 0.1156966 0.9900498 0.1161316 0.9900308 0.9890538 0.5171425 0.9898585 0.5170131 0.9905652 0.5177022 0.9905652 0.5177022 0.9904654 0.5184521 0.9893586 0.5188957 0.9893586 0.5188957 0.9886398 0.5181594 0.9890538 0.5171425 0.5995041 0.9879768 0.5990241 0.9876719 0.5999561 0.9883196 0.6009364 0.9865927 0.5998975 0.9861333 0.6004726 0.9864285 0.6009364 0.9865927 0.6004726 0.9864285 0.6008464 0.9870059 0.6004081 0.9879599 0.5995041 0.9879768 0.5999561 0.9883196 0.6009364 0.9877317 0.6009364 0.9865927 0.6008464 0.9870059 0.6004081 0.9879599 0.5999561 0.9883196 0.6009364 0.9877317 0.8957741 0.9931553 0.8960484 0.9929884 0.8393031 0.9971466 0.8446351 0.4940658 0.8443477 0.4924495 0.845193 0.4917474 0.8346181 0.4992353 0.8409667 0.4917423 0.8416464 0.4943214 0.8409667 0.4917423 0.841812 0.4924465 0.8416464 0.4943214 0.8446351 0.4940658 0.845193 0.4917474 0.8515415 0.4992558 0.8346181 0.4992353 0.8416464 0.4943214 0.8430798 0.4951435 0.8430798 0.4951435 0.8446351 0.4940658 0.8515415 0.4992558 0.03642868 0.9888602 0.03558194 0.9885327 0.03607219 0.9890717 0.03558194 0.9885327 0.03562891 0.9889306 0.03607219 0.9890717 0.03496825 0.9896006 0.03549313 0.9887036 0.03465545 0.9892162 0.03537511 0.9902752 0.03496825 0.9896006 0.03505736 0.9905514 0.03496825 0.9896006 0.03465545 0.9892162 0.03505736 0.9905514 0.03673517 0.9897292 0.03642868 0.9888602 0.03634554 0.9895865 0.03642868 0.9888602 0.03607219 0.9890717 0.03634554 0.9895865 0.03673517 0.9897292 0.03634554 0.9895865 0.03614234 0.9901338 0.03614234 0.9901338 0.03537511 0.9902752 0.03595185 0.9906954 0.03537511 0.9902752 0.03505736 0.9905514 0.03595185 0.9906954 0.2073457 0.4412442 0.2074169 0.441999 0.2108892 0.434947 0.2074169 0.441999 0.2135175 0.455771 0.2274837 0.4422306 0.2274837 0.4422306 0.2135175 0.455771 0.2213159 0.4557579 0.2135175 0.455771 0.2139567 0.456481 0.2208622 0.4563916 0.2213159 0.4557579 0.2219949 0.4558781 0.2274837 0.4422306 0.2219949 0.4558781 0.2296374 0.4558005 0.2274837 0.4422306 0.2274837 0.4422306 0.2296374 0.4558005 0.2283524 0.4423643 0.2135175 0.455771 0.2208622 0.4563916 0.2213159 0.4557579 0.2108892 0.434947 0.2067964 0.4409907 0.2073457 0.4412442 0.2274837 0.4422306 0.2274494 0.4414477 0.2229307 0.4359863 0.2074169 0.441999 0.2274837 0.4422306 0.2229307 0.4359863 0.8222658 0.001118004 0.8238211 0.00168097 0.8230322 4.21373e-5 0.8238211 0.00168097 0.8246663 9.7923e-4 0.8230322 4.21373e-5 0.8230322 4.21373e-5 0.8204401 9.73871e-4 0.8222658 0.001118004 0.5199588 0.986642 0.519882 0.9871952 0.5196678 0.9866089 0.8953998 0.9092193 0.8954138 0.8976443 0.8965077 0.8976443 0.03774052 0.9885327 0.03858733 0.9888603 0.03778749 0.9889307 0.03858733 0.9888603 0.03889381 0.9897293 0.03831881 0.9891523 0.03673517 0.9895785 0.0376622 0.9887923 0.0372256 0.9892694 0.03673517 0.9895785 0.0372256 0.9892694 0.03733837 0.9901409 0.03831881 0.9891523 0.03778749 0.9889307 0.03858733 0.9888603 0.03737968 0.990643 0.03673517 0.9895785 0.03733837 0.9901409 0.03737968 0.990643 0.03733837 0.9901409 0.03821015 0.990211 0.03850185 0.9897072 0.03831881 0.9891523 0.03889381 0.9897293 0.03811043 0.9906955 0.03737968 0.990643 0.03821015 0.990211 0.03821015 0.990211 0.03850185 0.9897072 0.03889381 0.9897293 0.9968003 0.5425031 0.9970901 0.4029469 0.9989109 0.6201062 0.6199266 0.9371494 0.6199213 0.9444547 0.4339783 0.9445987 0.7152761 0.9879589 0.7146419 0.9870263 0.7145783 0.9877244 0.9893446 0.4995399 0.988642 0.5002524 0.9893584 0.5014224 0.988642 0.5002524 0.9887463 0.5009578 0.9893584 0.5014224 0.9893584 0.5014224 0.9904652 0.5009788 0.9893446 0.4995399 0.9980716 0.7940285 0.9971271 0.7940285 0.9971216 0.7935894 0.04161924 0.9913096 0.04149872 0.992007 0.04117977 0.9915093 0.04286116 0.9913582 0.0428785 0.9920836 0.04263186 0.9915856 0.0428785 0.9920836 0.04256016 0.9920693 0.04263186 0.9915856 0.04161924 0.9913096 0.04117977 0.9915093 0.04212552 0.9908334 0.04286116 0.9913582 0.04263186 0.9915856 0.04210001 0.9911308 0.04210001 0.9911308 0.04161924 0.9913096 0.04212552 0.9908334 0.007636904 0.9913091 0.007671952 0.9909159 0.008398711 0.9912398 0.007671952 0.9909159 0.008686542 0.9910976 0.008398711 0.9912398 0.008686542 0.9910976 0.00894618 0.9918249 0.008654534 0.9916915 0.00894618 0.9918249 0.008686602 0.9923928 0.008479535 0.9921818 0.008654534 0.9916915 0.00894618 0.9918249 0.008479535 0.9921818 0.05955016 0.9901086 0.05901849 0.9903342 0.05981904 0.9903982 0.05901849 0.9903342 0.05897152 0.9907321 0.05981904 0.9903982 0.05796515 0.9896953 0.05888694 0.9905252 0.05835717 0.98967 0.05796515 0.9896953 0.05835717 0.98967 0.05861026 0.9886267 0.05835717 0.98967 0.05879902 0.9890218 0.05861026 0.9886267 0.05960917 0.9892191 0.05955016 0.9901086 0.05993807 0.9889978 0.05955016 0.9901086 0.05981904 0.9903982 0.05993807 0.9889978 0.05861026 0.9886267 0.05879902 0.9890218 0.05993807 0.9889978 0.8445131 0.5028116 0.8443476 0.5009369 0.8451929 0.500235 0.8346181 0.5077199 0.8409667 0.5002297 0.8415245 0.5025487 0.8409667 0.5002297 0.8418119 0.5009337 0.8415245 0.5025487 0.8445131 0.5028116 0.8451929 0.500235 0.8515414 0.5077414 0.8346181 0.5077199 0.8415245 0.5025487 0.8433672 0.5036054 0.8433672 0.5036054 0.8445131 0.5028116 0.8515414 0.5077414 0.1032797 0.9900847 0.1022206 0.9907322 0.1027994 0.9901086 0.1022206 0.9907322 0.1022676 0.9903343 0.1027994 0.9901086 0.1016064 0.9896701 0.1021317 0.9905622 0.1012932 0.9900566 0.1021254 0.9889523 0.1016064 0.9896701 0.1016955 0.9887195 0.1016064 0.9896701 0.1012932 0.9900566 0.1016955 0.9887195 0.1032797 0.9900847 0.1027994 0.9901086 0.1028738 0.989323 0.1029262 0.98873 0.1032797 0.9900847 0.1028738 0.989323 0.1028738 0.989323 0.1021254 0.9889523 0.1029262 0.98873 0.9923046 0.9870368 0.9921665 0.9867351 0.9922503 0.986153 0.9923382 0.9857738 0.9923046 0.9870368 0.9922503 0.986153 0.9911318 0.9866646 0.9908613 0.9867884 0.9908064 0.9861764 0.9911852 0.9860617 0.9911318 0.9866646 0.9908064 0.9861764 0.9916106 0.9855142 0.9923382 0.9857738 0.9918504 0.9858242 0.9923382 0.9857738 0.9922503 0.986153 0.9918504 0.9858242 0.9918504 0.9858242 0.9911852 0.9860617 0.9916106 0.9855142 0.03400152 0.9891523 0.03347033 0.9889307 0.03427004 0.9888603 0.03347033 0.9889307 0.03342336 0.9885327 0.03427004 0.9888603 0.03242444 0.9897646 0.03268897 0.9889011 0.03290838 0.9892694 0.03268897 0.9889011 0.03331589 0.9885458 0.0333628 0.9889438 0.03290838 0.9892694 0.03268897 0.9889011 0.0333628 0.9889438 0.03406035 0.9900421 0.03400152 0.9891523 0.03438895 0.9902611 0.03400152 0.9891523 0.03427004 0.9888603 0.03438895 0.9902611 0.03242444 0.9897646 0.03290838 0.9892694 0.03302121 0.9901409 0.033239 0.9907045 0.03242444 0.9897646 0.03302121 0.9901409 0.033239 0.9907045 0.03302121 0.9901409 0.03344488 0.9903348 0.03344488 0.9903348 0.03406035 0.9900421 0.03438895 0.9902611 0.138275 0.9903292 0.1381741 0.9907191 0.1377189 0.9899252 0.1381741 0.9907191 0.137342 0.9900498 0.1377189 0.9899252 0.1392444 0.9902418 0.1383295 0.9905504 0.138988 0.9898338 0.1392444 0.9902418 0.138988 0.9898338 0.1392447 0.9889967 0.138988 0.9898338 0.138748 0.9890515 0.1392447 0.9889967 0.1379086 0.9891516 0.1377189 0.9899252 0.1373885 0.9891343 0.1377189 0.9899252 0.137342 0.9900498 0.1373885 0.9891343 0.1392447 0.9889967 0.138748 0.9890515 0.138471 0.9885352 0.138748 0.9890515 0.1379086 0.9891516 0.138471 0.9885352 0.0242145 0.989684 0.02472841 0.9889438 0.02386242 0.9892163 0.02472841 0.9889438 0.0246815 0.9885459 0.02386242 0.9892163 0.02549386 0.9905313 0.0259422 0.9897294 0.0254386 0.9899798 0.0259422 0.9897294 0.02549386 0.9887366 0.02536714 0.9891524 0.0254386 0.9899798 0.0259422 0.9897294 0.02536714 0.9891524 0.02549386 0.9887366 0.02478897 0.9885329 0.02483588 0.9889307 0.02549386 0.9887366 0.02483588 0.9889307 0.02536714 0.9891524 0.0242145 0.989684 0.02386242 0.9892163 0.02426439 0.9905515 0.02469378 0.9903151 0.0242145 0.989684 0.02426439 0.9905515 0.0254386 0.9899798 0.02469378 0.9903151 0.02549386 0.9905313 0.06573539 0.992182 0.06604909 0.9922046 0.06492793 0.9925761 0.06441283 0.9918262 0.06492793 0.990916 0.0649603 0.9912404 0.06441283 0.9918262 0.0649603 0.9912404 0.06470447 0.9918 0.06505167 0.9923054 0.06573539 0.992182 0.06492793 0.9925761 0.06441283 0.9918262 0.06470447 0.9918 0.06505167 0.9923054 0.06705307 0.9894908 0.06752961 0.9905253 0.06660789 0.9896953 0.06815904 0.9886344 0.0687685 0.9897176 0.06825178 0.9892191 0.0687685 0.9897176 0.06846171 0.9903982 0.06819289 0.9901085 0.06825178 0.9892191 0.0687685 0.9897176 0.06819289 0.9901085 0.06846171 0.9903982 0.06761419 0.9907321 0.06766116 0.9903342 0.06846171 0.9903982 0.06766116 0.9903342 0.06819289 0.9901085 0.06705307 0.9894908 0.06660789 0.9896953 0.06742966 0.9885638 0.06763565 0.9889316 0.06705307 0.9894908 0.06742966 0.9885638 0.06825178 0.9892191 0.06763565 0.9889316 0.06815904 0.9886344 0.9669162 0.9867459 0.967413 0.9864434 0.9673124 0.9860534 0.9685665 0.9870545 0.9683807 0.9865241 0.9681342 0.9872081 0.9683807 0.9865241 0.9674211 0.9860415 0.9681342 0.9872081 0.9669162 0.9867459 0.9673124 0.9860534 0.9664819 0.98673 0.9668661 0.9874435 0.9669162 0.9867459 0.9664819 0.98673 0.9679637 0.9881363 0.9685665 0.9870545 0.9681342 0.9872081 0.9679637 0.9881363 0.9681342 0.9872081 0.9676694 0.9878222 0.9668661 0.9874435 0.9664819 0.98673 0.9668993 0.9880647 0.9679637 0.9881363 0.9676694 0.9878222 0.9668993 0.9880647 0.01342147 0.989684 0.01393538 0.9889438 0.01306939 0.9892163 0.01393538 0.9889438 0.01388847 0.9885459 0.01306939 0.9892163 0.01514911 0.9895391 0.01470077 0.9887366 0.01466673 0.9893695 0.01470077 0.9887366 0.01399588 0.9885329 0.01404285 0.9889307 0.01466673 0.9893695 0.01470077 0.9887366 0.01404285 0.9889307 0.01342147 0.989684 0.01306939 0.9892163 0.01347136 0.9905515 0.01470082 0.9905313 0.01514911 0.9895391 0.01455628 0.990134 0.01514911 0.9895391 0.01466673 0.9893695 0.01455628 0.990134 0.01390075 0.9903151 0.01342147 0.989684 0.01347136 0.9905515 0.01470082 0.9905313 0.01455628 0.990134 0.01390075 0.9903151 0.0811569 0.9901085 0.08060741 0.9904842 0.08170038 0.9899052 0.0796507 0.9900566 0.08047062 0.9907199 0.08051759 0.9903219 0.0796507 0.9900566 0.08051759 0.9903219 0.08000314 0.9895865 0.08123135 0.9893229 0.0811569 0.9901085 0.08170038 0.9899052 0.08123135 0.9893229 0.08170038 0.9899052 0.08128374 0.9887298 0.08005309 0.9887194 0.0796507 0.9900566 0.08000314 0.9895865 0.0804829 0.9889522 0.08123135 0.9893229 0.08128374 0.9887298 0.08005309 0.9887194 0.08000314 0.9895865 0.0804829 0.9889522 0.01730775 0.989539 0.01700127 0.9888603 0.01683974 0.9894032 0.01700127 0.9888603 0.01615446 0.9885329 0.01620137 0.9889307 0.01683974 0.9894032 0.01700127 0.9888603 0.01620137 0.9889307 0.01563948 0.9892694 0.01607614 0.9887923 0.01514911 0.9895786 0.01576817 0.9900996 0.01563948 0.9892694 0.01514911 0.9895786 0.01669889 0.9906282 0.01730775 0.989539 0.01652163 0.9902712 0.01730775 0.989539 0.01683974 0.9894032 0.01652163 0.9902712 0.01576817 0.9900996 0.01514911 0.9895786 0.01597023 0.9907046 0.01669889 0.9906282 0.01652163 0.9902712 0.01597023 0.9907046 0.08222323 0.9900003 0.08267819 0.9903219 0.08263123 0.9907199 0.08328366 0.9886344 0.08389312 0.9895275 0.0833764 0.9892191 0.08389312 0.9895275 0.08358633 0.9903982 0.08331751 0.9901085 0.0833764 0.9892191 0.08389312 0.9895275 0.08331751 0.9901085 0.08358633 0.9903982 0.08273875 0.9907321 0.08278572 0.9903342 0.08358633 0.9903982 0.08278572 0.9903342 0.08331751 0.9901085 0.08222323 0.9900003 0.08263123 0.9907199 0.08181136 0.9900566 0.08219641 0.9893231 0.08222323 0.9900003 0.08181136 0.9900566 0.08219641 0.9893231 0.08181136 0.9900566 0.08194404 0.9889828 0.08328366 0.9886344 0.0833764 0.9892191 0.0825318 0.9889929 0.0825318 0.9889929 0.08219641 0.9893231 0.08194404 0.9889828 0.01889133 0.9891524 0.01836001 0.9889307 0.01915991 0.9888603 0.01836001 0.9889307 0.0183131 0.9885327 0.01915991 0.9888603 0.0179522 0.990643 0.0173524 0.989951 0.0177713 0.9899473 0.0173524 0.989951 0.01738661 0.9892163 0.01779812 0.9892694 0.0177713 0.9899473 0.0173524 0.989951 0.01779812 0.9892694 0.01738661 0.9892163 0.0182057 0.9885458 0.01779812 0.9892694 0.0182057 0.9885458 0.01825267 0.9889438 0.01779812 0.9892694 0.01895022 0.9900421 0.01889133 0.9891524 0.01927876 0.9902611 0.01889133 0.9891524 0.01915991 0.9888603 0.01927876 0.9902611 0.0179522 0.990643 0.0177713 0.9899473 0.01821798 0.9903151 0.01821798 0.9903151 0.01895022 0.9900421 0.01927876 0.9902611 0.1201089 0.9902175 0.1208578 0.9907191 0.1204608 0.9900307 0.1208578 0.9907191 0.1209586 0.9903292 0.1204608 0.9900307 0.1216149 0.9900034 0.121008 0.9905701 0.12181 0.9903893 0.1216003 0.9892209 0.1216149 0.9900034 0.1219284 0.9889966 0.1216149 0.9900034 0.12181 0.9903893 0.1219284 0.9889966 0.1200721 0.9891342 0.1201089 0.9902175 0.1204106 0.9893348 0.1201089 0.9902175 0.1204608 0.9900307 0.1204106 0.9893348 0.1200721 0.9891342 0.1204106 0.9893348 0.1207465 0.988996 0.1207465 0.988996 0.1216003 0.9892209 0.1211546 0.9885351 0.1216003 0.9892209 0.1219284 0.9889966 0.1211546 0.9885351 0.01995664 0.9892694 0.02041125 0.9889438 0.01973736 0.9889012 0.02041125 0.9889438 0.02036434 0.9885458 0.01973736 0.9889012 0.01973736 0.9889012 0.01947277 0.9897646 0.01995664 0.9892694 0.02131849 0.9888603 0.02047175 0.9885327 0.02051866 0.9889307 0.02131849 0.9888603 0.02051866 0.9889307 0.02104997 0.9891524 0.02008539 0.9900996 0.01995664 0.9892694 0.01947277 0.9897646 0.0214374 0.9902611 0.02131849 0.9888603 0.02123308 0.9897072 0.02131849 0.9888603 0.02104997 0.9891524 0.02123308 0.9897072 0.02008539 0.9900996 0.01947277 0.9897646 0.02028745 0.9907046 0.0214374 0.9902611 0.02123308 0.9897072 0.02083879 0.9902712 0.02083879 0.9902712 0.02008539 0.9900996 0.02028745 0.9907046 0.9969846 0.9783172 0.9959957 0.9782571 0.9960082 0.9789454 0.008010327 0.9890717 0.007567048 0.9889307 0.007520139 0.9885327 0.00752002 0.9907342 0.006726086 0.9902899 0.007039964 0.9900501 0.006726086 0.9902899 0.006514728 0.9895785 0.007039964 0.9900501 0.006514728 0.9895785 0.007441759 0.9887923 0.007005095 0.9892693 0.006514728 0.9895785 0.007005095 0.9892693 0.007039964 0.9900501 0.008010327 0.9890717 0.007520139 0.9885327 0.008578121 0.9891724 0.008281469 0.9897071 0.008010327 0.9890717 0.008578121 0.9891724 0.00752002 0.9907342 0.007039964 0.9900501 0.007887184 0.9902711 0.008281469 0.9897071 0.008578121 0.9891724 0.008578121 0.9900958 0.008578121 0.9900958 0.00752002 0.9907342 0.007887184 0.9902711 0.00766009 0.992167 0.008479535 0.9921818 0.007536411 0.9924963 0.008479535 0.9921818 0.008686602 0.9923928 0.007536411 0.9924963 0.007156968 0.9918261 0.007671952 0.9909159 0.007636904 0.9913091 0.007156968 0.9918261 0.007636904 0.9913091 0.00766009 0.992167 0.149688 0.9900921 0.1491578 0.9905287 0.1501603 0.9899766 0.1481648 0.9900497 0.1489969 0.9907191 0.1486753 0.9901243 0.1489969 0.9907191 0.1490978 0.9903292 0.1486753 0.9901243 0.149688 0.9900921 0.1501603 0.9899766 0.1497395 0.989221 0.1501603 0.9899766 0.149809 0.9887307 0.1497395 0.989221 0.1481648 0.9900497 0.1486753 0.9901243 0.1485074 0.9894493 0.1492366 0.9889311 0.1497395 0.989221 0.149809 0.9887307 0.1485829 0.9887146 0.1481648 0.9900497 0.1485074 0.9894493 0.1492366 0.9889311 0.149809 0.9887307 0.1485829 0.9887146 0.1502631 0.989494 0.1506571 0.9904968 0.1507644 0.9900308 0.1506571 0.9904968 0.1511614 0.9907191 0.1512622 0.9903293 0.1507644 0.9900308 0.1506571 0.9904968 0.1512622 0.9903293 0.1519702 0.9899055 0.1513239 0.9905229 0.1523863 0.9898974 0.1517353 0.9890516 0.1519702 0.9899055 0.1522321 0.9889968 0.1519702 0.9899055 0.1523863 0.9898974 0.1522321 0.9889968 0.1502631 0.989494 0.1507644 0.9900308 0.1506718 0.9894493 0.1502631 0.989494 0.1506718 0.9894493 0.1510502 0.9889962 0.1510882 0.9885627 0.1502631 0.989494 0.1510502 0.9889962 0.1510502 0.9889962 0.1517353 0.9890516 0.1510882 0.9885627 0.5970151 0.9877684 0.5975965 0.9880008 0.5970913 0.9871974 0.5970151 0.9866293 0.5970151 0.9877684 0.5970913 0.9871974 0.5988507 0.9873476 0.59807 0.9882497 0.5989757 0.9877318 0.5988507 0.9873476 0.5989757 0.9877318 0.5989757 0.9865927 0.5970151 0.9866293 0.5970913 0.9871974 0.5974143 0.9864946 0.5984475 0.9863842 0.5988507 0.9873476 0.5989757 0.9865927 0.5979954 0.9860414 0.5970151 0.9866293 0.5974143 0.9864946 0.5984475 0.9863842 0.5989757 0.9865927 0.5979954 0.9860414 0.6049339 0.9871975 0.6049639 0.9866217 0.6048576 0.9877684 0.6068183 0.9877318 0.6067283 0.9873219 0.6061472 0.9880297 0.6055287 0.9880412 0.6049339 0.9871975 0.6048576 0.9877684 0.605838 0.9883196 0.6068183 0.9877318 0.6061472 0.9880297 0.6055287 0.9880412 0.6048576 0.9877684 0.605838 0.9883196 0.7617751 0.9879205 0.7612801 0.9882907 0.7622729 0.9877325 0.7622729 0.9877325 0.7622729 0.9866078 0.7621905 0.9872278 0.3755816 0.9944201 0.3755816 0.9927651 0.3742006 0.9927431 0.1951733 0.9894958 0.1958932 0.9906708 0.1955606 0.9895704 0.1958932 0.9906708 0.1960585 0.9903034 0.1955606 0.9895704 0.1967602 0.990093 0.1960548 0.9905751 0.1965532 0.9906769 0.1967602 0.990093 0.1965532 0.9906769 0.1973338 0.989703 0.1956589 0.9887164 0.1951733 0.9894958 0.1955606 0.9895704 0.1956589 0.9887164 0.1955606 0.9895704 0.1960743 0.9889536 0.1968306 0.9893167 0.1967602 0.990093 0.1973338 0.989703 0.1956589 0.9887164 0.1960743 0.9889536 0.1968881 0.9887272 0.1960743 0.9889536 0.1968306 0.9893167 0.1968881 0.9887272 0.8353025 0.9971157 0.8353669 0.9971122 0.8940842 0.9931253 0.005394876 0.9919834 0.005947649 0.9909213 0.006004512 0.9911821 0.005394876 0.9919834 0.006004512 0.9911821 0.005719244 0.9920659 0.006430387 0.9923851 0.006855726 0.9916003 0.007013559 0.9921876 0.006184101 0.9926581 0.005394876 0.9919834 0.005719244 0.9920659 0.006430387 0.9923851 0.007013559 0.9921876 0.006184101 0.9926581 0.006082415 0.9895526 0.005408406 0.9889307 0.006208181 0.9888602 0.005408406 0.9889307 0.005361497 0.9885327 0.006208181 0.9888602 0.006208181 0.9888602 0.006514728 0.989539 0.006082415 0.9895526 0.004356086 0.9895785 0.005276978 0.9887406 0.004747748 0.9896007 0.004356086 0.9895785 0.004747748 0.9896007 0.005051374 0.9902166 0.005728602 0.990271 0.006082415 0.9895526 0.006514728 0.989539 0.00517714 0.9907045 0.004356086 0.9895785 0.005051374 0.9902166 0.005728602 0.990271 0.006514728 0.989539 0.005905807 0.9906281 0.00517714 0.9907045 0.005051374 0.9902166 0.005728602 0.990271 0.9970045 0.8917601 0.9960151 0.8917099 0.9959957 0.8910217 0.4877472 0.9880468 0.4867386 0.9876979 0.4874391 0.9883276 0.4867386 0.9876979 0.4864622 0.9877418 0.4874391 0.9883276 0.4874391 0.9860414 0.4865571 0.9866556 0.4877472 0.9863311 0.488416 0.9866272 0.4874391 0.9860414 0.4877472 0.9863311 0.488416 0.9866272 0.4877472 0.9863311 0.4883263 0.9870389 0.4877472 0.9880468 0.4874391 0.9883276 0.488416 0.9877703 0.488416 0.9877703 0.488416 0.9866272 0.4883263 0.9870389 0.07075411 0.9908334 0.07072836 0.9911308 0.07024753 0.9913093 0.07012647 0.9920066 0.07065838 0.992342 0.06993925 0.9922711 0.07065838 0.992342 0.07090705 0.9926304 0.06993925 0.9922711 0.06980794 0.9915087 0.07075411 0.9908334 0.07024753 0.9913093 0.06980794 0.9915087 0.07024753 0.9913093 0.07012647 0.9920066 0.992576 0.9723271 0.9918461 0.9728604 0.9922914 0.972369 0.992576 0.9723271 0.9922914 0.972369 0.992521 0.9717151 0.9922914 0.972369 0.9920958 0.971629 0.992521 0.9717151 0.9910914 0.972369 0.9909414 0.9726098 0.9907788 0.9720164 0.9911486 0.9717223 0.9910914 0.972369 0.9907788 0.9720164 0.9911486 0.9717223 0.9907788 0.9720164 0.9913036 0.9712808 0.9919276 0.9712272 0.992521 0.9717151 0.9920958 0.971629 0.9920958 0.971629 0.9911486 0.9717223 0.9913036 0.9712808 0.7225288 0.9877275 0.7225687 0.9868673 0.722823 0.9877146 0.722823 0.9877146 0.7240808 0.9878852 0.7235147 0.9882948 0.04714107 0.9909061 0.04698693 0.9913095 0.04654753 0.9915092 0.04698693 0.9913095 0.04681193 0.9917999 0.04654753 0.9915092 0.04743254 0.9923264 0.04799962 0.991905 0.04764735 0.9926302 0.04681193 0.9917999 0.04743254 0.9923264 0.04689991 0.9924963 0.04743254 0.9923264 0.04764735 0.9926302 0.04689991 0.9924963 0.7681391 0.9871698 0.7682302 0.9877325 0.7682302 0.9866079 0.7672373 0.9882908 0.7677438 0.9879127 0.7667795 0.9879422 0.7662445 0.9877244 0.7672373 0.9882908 0.7667795 0.9879422 0.7678259 0.9864805 0.7681391 0.9871698 0.7682302 0.9866079 0.7678259 0.9864805 0.7682302 0.9866079 0.7672373 0.9860415 0.7662445 0.9877244 0.7667795 0.9879422 0.7663217 0.9871624 0.7666488 0.9864757 0.7678259 0.9864805 0.7672373 0.9860415 0.7662445 0.9865998 0.7662445 0.9877244 0.7663217 0.9871624 0.7666488 0.9864757 0.7672373 0.9860415 0.7662445 0.9865998 0.9921665 0.9867351 0.9923046 0.9870368 0.9916377 0.9870118 0.9923046 0.9870368 0.9913046 0.9872227 0.9916377 0.9870118 0.9913046 0.9872227 0.9908613 0.9867884 0.9911318 0.9866646 0.9981092 0.09196001 0.9981092 0.09118509 0.9971215 0.09110862 0.4441789 0.9371496 0.411356 0.937175 0.4113562 0.9446086 0.9901719 0.4919169 0.9893447 0.4917739 0.9886184 0.4927759 0.9886184 0.4927759 0.9891956 0.4935983 0.9901719 0.4919169 0.9891956 0.4935983 0.9902797 0.4934377 0.9901719 0.4919169 0.9971215 0.7905154 0.998066 0.790513 0.9980704 0.5763381 0.75764 0.8976874 0.7982082 0.8976461 0.7982072 0.9092874 0.1934118 0.9970536 0.1934118 0.995907 0.1926302 0.995907 0.939382 0.9927472 0.9393838 0.9944021 0.5435893 0.9943957 0.4990916 0.9880341 0.497887 0.9870612 0.4978222 0.9877524 0.2880852 0.9970537 0.2880851 0.995907 0.2887798 0.995907 0.7711302 0.8977316 0.6525403 0.9178742 0.9867624 0.9989032 0.9981092 0.1048108 0.9981092 0.1040362 0.9971215 0.1039583 0.8384563 0.9971452 0.8387292 0.9971297 0.8960561 0.9932015 0.2959187 0.9970537 0.2959187 0.995907 0.2966133 0.995907 0.5451455 0.9877543 0.5452316 0.9866119 0.5452247 0.9871959 0.6607629 0.968073 0.6658149 0.9721487 0.8631941 0.97212 0.9090694 0.9970138 0.9218359 0.9959109 0.6622403 0.9959085 0.08012807 0.9920439 0.08028608 0.9923142 0.07935214 0.9922575 0.08028608 0.9923142 0.07924193 0.9925757 0.07935214 0.9922575 0.07924193 0.9925757 0.07875436 0.9919827 0.07935214 0.9922575 0.07875436 0.9919827 0.07898736 0.9910981 0.07907354 0.9914848 0.07898736 0.9910981 0.07970076 0.9908332 0.07907354 0.9914848 0.07970076 0.9908332 0.0803579 0.9912203 0.07991141 0.991244 0.07970076 0.9908332 0.07991141 0.991244 0.07907354 0.9914848 0.4261246 0.9762821 0.4887201 0.9717118 0.9825071 0.9981028 0.5388962 0.9877816 0.5391104 0.9871952 0.5391872 0.9877544 0.5391104 0.9871952 0.5391872 0.986642 0.5391872 0.9877544 0.9090584 0.3371627 0.9090584 0.3360594 0.8977481 0.3360596 0.5193079 0.9960688 0.5193695 0.9967866 0.5186869 0.9959576 0.5193695 0.9967866 0.5189672 0.9970238 0.5186869 0.9959576 0.07075411 0.9908334 0.07131063 0.9910981 0.07072836 0.9911308 0.07131063 0.9910981 0.0715425 0.9919828 0.07125997 0.991586 0.0715425 0.9919828 0.07090705 0.9926304 0.0711708 0.9920998 0.07090705 0.9926304 0.07065838 0.992342 0.0711708 0.9920998 0.07125997 0.991586 0.07072836 0.9911308 0.07131063 0.9910981 0.9972105 0.2696337 0.9971352 0.4256501 0.9972715 0.4422062 0.7596872 0.9906398 0.7580323 0.9906411 0.3131421 0.9908547 0.9959958 0.8978818 0.9969853 0.8979319 0.9970036 0.8986204 0.9908065 0.9848522 0.9911219 0.9839553 0.9912796 0.9841395 0.9971216 0.8544502 0.9971269 0.5162922 0.9980693 0.5173986 0.9943396 0.7196692 0.9943438 0.7199449 0.9931743 0.6866794 0.7222382 0.9877203 0.7211884 0.9880062 0.7225269 0.9877325 0.7225269 0.9877325 0.7225269 0.9866147 0.7224524 0.9871438 0.7548094 0.9092749 0.7544545 0.897674 0.7969237 0.8976461 0.5391872 0.986642 0.5391104 0.9871952 0.5388962 0.9866089 0.9959958 0.9878243 0.9960082 0.9885127 0.9969971 0.9885727 0.3178381 0.9926224 0.7689137 0.990683 0.7672587 0.9906616 0.7245163 0.9877293 0.7246454 0.986957 0.7250542 0.9879161 0.7250542 0.9879161 0.7260789 0.9878814 0.7255067 0.9882923 0.03067702 0.9918733 0.03042721 0.9918846 0.03085273 0.9912778 0.03042721 0.9918846 0.03079658 0.9909958 0.03085273 0.9912778 0.03169125 0.9909153 0.03191941 0.9917995 0.03136831 0.9910861 0.03169125 0.9909153 0.03136831 0.9910861 0.03079658 0.9909958 0.03042721 0.9918846 0.03067702 0.9918733 0.03079658 0.9924962 0.03067702 0.9918733 0.03125512 0.9924052 0.03079658 0.9924962 0.03191941 0.9917995 0.03169125 0.9909153 0.03217911 0.9919821 0.03125512 0.9924052 0.03191941 0.9917995 0.03154408 0.9926301 0.03191941 0.9917995 0.03217911 0.9919821 0.03154408 0.9926301 0.9291192 0.2100329 0.9291192 0.2083927 0.9373946 0.2084032 0.2997467 0.9959069 0.2997467 0.9970536 0.2990521 0.9970536 0.4342016 0.9729972 0.4000943 0.9971958 0.4004887 0.9972404 0.9886184 0.5063662 0.9889296 0.5070115 0.9897021 0.5072762 0.9897021 0.5072762 0.9905748 0.5065342 0.9890537 0.5054936 0.9905748 0.5065342 0.9905049 0.5058937 0.9896879 0.5053347 0.9890537 0.5054936 0.9905748 0.5065342 0.9896879 0.5053347 0.2128719 0.3951166 0.2075026 0.4001805 0.2073022 0.4007726 0.9937208 0.7213625 0.9939512 0.7216373 0.9938533 0.629505 0.9959958 0.9123067 0.9969853 0.9123569 0.9970036 0.9130454 0.308547 0.9970536 0.308547 0.995907 0.3078524 0.995907 0.9971215 0.1510887 0.9981091 0.1511666 0.9981091 0.1519412 0.9970035 0.9058325 0.9960141 0.9057823 0.9959957 0.9050939 0.8522753 0.4443758 0.8522753 0.4427209 0.8688269 0.4427205 0.9988592 0.1222159 0.9986098 0.6076186 0.998829 0.6152574 0.9959957 0.8878171 0.996985 0.8878672 0.9970044 0.8885555 0.7894639 0.9680655 0.7894655 0.9721202 0.6925832 0.972145 0.9969851 0.8838617 0.9970045 0.8845499 0.996015 0.8844997 0.3039357 0.9970537 0.3046303 0.9970537 0.3046303 0.995907 0.9557934 0.9970005 0.9970999 0.3448905 0.9959966 0.3448905 0.2920019 0.995907 0.2926965 0.995907 0.2926965 0.9970537 0.7823712 0.8987251 0.9816227 0.9992946 0.9816227 0.9989032 0.2203462 0.995907 0.2203462 0.9970537 0.2211278 0.9970537 0.9971215 0.1308463 0.9971215 0.1300714 0.9981092 0.1301478 0.7115474 0.9183259 0.2488707 0.9989127 0.2484794 0.9988983 0.8966191 0.9931786 0.8968935 0.9930186 0.8378914 0.9971464 0.220687 0.9886127 0.220687 0.9907771 0.2196314 0.9906972 0.4990916 0.9880341 0.4988202 0.988323 0.4998084 0.9877544 0.4998084 0.9877544 0.4994543 0.9864752 0.4997316 0.9871952 0.2441734 0.9981684 0.2634726 0.9980956 0.2468542 0.9989032 0.4149056 0.9908374 0.426419 0.9886025 0.4247796 0.9885403 0.9960082 0.9773328 0.996997 0.9773929 0.9969846 0.9767045 0.3156859 0.9959069 0.3156859 0.9970536 0.3163806 0.9970536 0.5269732 0.9960688 0.5262353 0.9960578 0.526196 0.996862 0.526196 0.996862 0.5266325 0.9970238 0.5270348 0.9967866 0.4000907 0.9971277 0.4000877 0.9977458 0.3996927 0.9977374 0.3065706 0.9761125 0.3065706 0.9723722 0.3054674 0.9723574 0.9981091 0.1473533 0.9981091 0.148128 0.9971215 0.14805 0.9943419 0.6333073 0.9943524 0.6335822 0.9932947 0.6335458 0.4545038 0.7872241 0.4538652 0.7875221 0.4557872 0.7864294 0.4557872 0.7864294 0.4548971 0.7883192 0.4549722 0.7875565 0.9971296 0.5823194 0.9980691 0.5825577 0.998066 0.7940285 0.2313803 0.9876044 0.2297222 0.9876256 0.8183949 0.9860419 0.5428692 0.9877816 0.5418671 0.9881028 0.5431602 0.9877544 0.5431602 0.9877544 0.5431602 0.986642 0.5430834 0.9871951 0.7392184 0.9043873 0.9839949 0.9992946 0.9839949 0.9989032 0.5315616 0.9962288 0.532202 0.9959238 0.532375 0.9969244 0.532202 0.9959238 0.5325728 0.9964016 0.532375 0.9969244 0.848667 0.9952324 0.7064755 0.9974581 0.7065889 0.9974492 0.2292404 0.9876259 0.225082 0.9876433 0.2284269 0.9868578 0.5196678 0.9877816 0.519882 0.9871952 0.5199588 0.9877544 0.519882 0.9871952 0.5199588 0.986642 0.5199588 0.9877544 0.9971215 0.5843545 0.9971216 0.7900078 0.9980661 0.7909014 0.9988656 0.6204782 0.9969792 0.5394232 0.9969004 0.5396999 0.06656491 0.9921258 0.06729853 0.9925138 0.0665816 0.9924963 0.0665816 0.9924963 0.06620204 0.9918261 0.06656491 0.9921258 0.06620204 0.9918261 0.06646168 0.9910985 0.06650835 0.9914663 0.06646168 0.9910985 0.06697916 0.9908406 0.06710451 0.9911351 0.06650835 0.9914663 0.06656491 0.9921258 0.06620204 0.9918261 0.06770437 0.9917995 0.06710451 0.9911351 0.06791055 0.9913581 0.06710451 0.9911351 0.06697916 0.9908406 0.06791055 0.9913581 0.06791061 0.9921322 0.06729853 0.9925138 0.06770437 0.9917995 0.9943395 0.7199509 0.9943438 0.7202267 0.9931743 0.6860299 0.3996927 0.9977374 0.4000877 0.9977458 0.7392184 0.9043873 0.7919932 0.7862444 0.7919647 0.8096915 0.7930626 0.8064296 0.7919647 0.8096915 0.7930586 0.8096915 0.7930626 0.8064296 0.7930626 0.8064296 0.800571 0.8000811 0.7982527 0.7995232 0.800571 0.8000811 0.7998689 0.7992358 0.7982527 0.7995232 0.7930831 0.7895063 0.793087 0.7862444 0.7919932 0.7862444 0.7998719 0.7967001 0.8005761 0.7958548 0.7982564 0.7964127 0.8005761 0.7958548 0.7930831 0.7895063 0.7982564 0.7964127 0.7930831 0.7895063 0.7919932 0.7862444 0.7930626 0.8064296 0.7971749 0.797968 0.7982564 0.7964127 0.7930831 0.7895063 0.7930626 0.8064296 0.7982527 0.7995232 0.7971749 0.797968 0.4459087 0.8096777 0.4494042 0.8096039 0.444037 0.8106762 0.4494042 0.8096039 0.4501537 0.8098056 0.444037 0.8106762 0.4501537 0.8098056 0.4505884 0.8092756 0.454155 0.8097893 0.4505884 0.8092756 0.4537203 0.8092629 0.454155 0.8097893 0.454155 0.8097893 0.4549045 0.8095815 0.4558086 0.8106278 0.454155 0.8097893 0.4558086 0.8106278 0.4501537 0.8098056 0.4494042 0.8096039 0.4459087 0.8096777 0.4492459 0.8091614 0.4459087 0.8096777 0.4461244 0.8090544 0.4492459 0.8091614 0.4537203 0.8092629 0.4505884 0.8092756 0.4503571 0.8086286 0.4498049 0.80848 0.4461244 0.8090544 0.4478425 0.8045684 0.4461244 0.8090544 0.4455757 0.8084973 0.4478425 0.8045684 0.4537203 0.8092629 0.4503571 0.8086286 0.4539517 0.808614 0.4503571 0.8086286 0.4498049 0.80848 0.4478425 0.8045684 0.4539517 0.808614 0.4503571 0.8086286 0.4478425 0.8045684 0.4545038 0.8084609 0.4539517 0.808614 0.4478425 0.8045684 0.4558086 0.8106278 0.4549045 0.8095815 0.4550525 0.809018 0.4557872 0.7864294 0.4558086 0.8106278 0.4550525 0.809018 0.4557872 0.7864294 0.4550525 0.809018 0.4548971 0.7883192 0.4550525 0.809018 0.4545038 0.8084609 0.4548971 0.7883192 0.4539516 0.7884336 0.4548971 0.7883192 0.4478425 0.792529 0.4548971 0.7883192 0.4545038 0.8084609 0.4478425 0.792529 0.4504575 0.7875376 0.4538652 0.7875221 0.4539516 0.7884336 0.4460809 0.7880691 0.4492912 0.7880968 0.4478425 0.792529 0.4492912 0.7880968 0.4501556 0.7885238 0.4478425 0.792529 0.4501556 0.7885238 0.4504575 0.7875376 0.4539516 0.7884336 0.4454583 0.8098663 0.4459087 0.8096777 0.444037 0.8106762 0.4478425 0.792529 0.443924 0.7890954 0.4452786 0.7885636 0.4452786 0.7885636 0.4460809 0.7880691 0.4478425 0.792529 0.4501556 0.7885238 0.4539516 0.7884336 0.4478425 0.792529 0.4478425 0.792529 0.4545038 0.8084609 0.4478425 0.8045684 0.4449402 0.8096221 0.4454583 0.8098663 0.444037 0.8106762 0.4449402 0.8096221 0.444037 0.8106762 0.443924 0.808034 0.4478425 0.8045684 0.4455757 0.8084973 0.443924 0.808034 0.4455757 0.8084973 0.4449079 0.8088552 0.443924 0.808034 0.4447922 0.7880625 0.4452786 0.7885636 0.443924 0.7890954 0.4439074 0.7865673 0.4557872 0.7864294 0.4495841 0.787326 0.4557872 0.7864294 0.4538652 0.7875221 0.4504575 0.7875376 0.4495841 0.787326 0.4557872 0.7864294 0.4504575 0.7875376 0.4495841 0.787326 0.4492912 0.7880968 0.4460809 0.7880691 0.4495841 0.787326 0.4460809 0.7880691 0.4457964 0.7873415 0.4447922 0.7880625 0.443924 0.7890954 0.4439074 0.7865673 0.4495841 0.787326 0.4457964 0.7873415 0.4439074 0.7865673 0.4457964 0.7873415 0.4451201 0.7873443 0.4439074 0.7865673 0.4338421 0.7875534 0.4372085 0.7875227 0.4373129 0.7884518 0.4337183 0.7884665 0.4373129 0.7884518 0.4389651 0.790075 0.4373129 0.7884518 0.4381824 0.7884483 0.4389651 0.790075 0.4337183 0.7884665 0.4389651 0.790075 0.4316602 0.7901048 0.4381824 0.7884483 0.4384137 0.7877994 0.4389651 0.790075 0.4384137 0.7877994 0.4417139 0.7875024 0.4417769 0.7884336 0.4417769 0.7884336 0.4423291 0.7885822 0.4398275 0.7925121 0.4423291 0.7885822 0.4436417 0.7891663 0.4398275 0.7925121 0.4384137 0.7877994 0.4417769 0.7884336 0.4389651 0.790075 0.4330523 0.7885889 0.4337183 0.7884665 0.4316602 0.7901048 0.4372085 0.7875227 0.4338421 0.7875534 0.4378269 0.7872391 0.4338421 0.7875534 0.4330005 0.7873596 0.4318592 0.7864924 0.4318592 0.7864924 0.4378269 0.7872391 0.4338421 0.7875534 0.4384137 0.8092756 0.4378746 0.8085231 0.4389651 0.8069956 0.4416936 0.8086993 0.4416264 0.8094393 0.4384137 0.8092756 0.4425129 0.8085684 0.4416936 0.8086993 0.4398658 0.8046213 0.4416936 0.8086993 0.4384137 0.8092756 0.4389651 0.8069956 0.4416936 0.8086993 0.4389651 0.8069956 0.4398658 0.8046213 0.4436292 0.8106301 0.4423291 0.809819 0.4428778 0.8092575 0.4436292 0.8106301 0.4428778 0.8092575 0.443746 0.8079851 0.4428778 0.8092575 0.4425129 0.8085684 0.443746 0.8079851 0.4398658 0.8046213 0.443746 0.8079851 0.4425129 0.8085684 0.4318592 0.7864924 0.4330005 0.7873596 0.4326072 0.7879428 0.4316602 0.7901048 0.4318592 0.7864924 0.4326072 0.7879428 0.4316602 0.7901048 0.4326072 0.7879428 0.4330523 0.7885889 0.4398658 0.8046213 0.4389651 0.8069956 0.4398275 0.7925121 0.4389651 0.8069956 0.4389651 0.790075 0.4398275 0.7925121 0.4370986 0.8089765 0.4338406 0.8088504 0.4378746 0.8085231 0.4338406 0.8088504 0.4329658 0.808617 0.4316602 0.8070253 0.4378746 0.8085231 0.4338406 0.8088504 0.4389651 0.8069956 0.4329658 0.808617 0.4326175 0.8092992 0.4316602 0.8070253 0.4379789 0.8098056 0.4384137 0.8092756 0.4416264 0.8094393 0.4416264 0.8094393 0.4423291 0.809819 0.4379789 0.8098056 0.4423291 0.809819 0.4436292 0.8106301 0.4379789 0.8098056 0.4317868 0.8106407 0.4316602 0.8070253 0.4326175 0.8092992 0.4317868 0.8106407 0.4326175 0.8092992 0.4330523 0.8098257 0.4436292 0.8106301 0.4317868 0.8106407 0.4379789 0.8098056 0.4317868 0.8106407 0.4330523 0.8098257 0.4338017 0.8096179 0.4338017 0.8096179 0.4338406 0.8088504 0.4370986 0.8089765 0.4372295 0.8096039 0.4379789 0.8098056 0.4317868 0.8106407 0.4338017 0.8096179 0.4370986 0.8089765 0.4372295 0.8096039 0.820998 0.003292739 0.8212854 0.001677811 0.8204401 9.73871e-4 0.8140916 0.008464097 0.8108297 0.008459925 0.8108297 0.009553492 0.820998 0.003292739 0.8204401 9.73871e-4 0.8140916 0.008464097 0.8225532 0.004374027 0.820998 0.003292739 0.8140916 0.008464097 0.8140916 0.008464097 0.8108297 0.009553492 0.8342767 0.009583175 0.8342767 0.009583175 0.8342767 0.008489668 0.8310149 0.008485496 0.8310149 0.008485496 0.8246663 9.7923e-4 0.8241085 0.003296732 0.8246663 9.7923e-4 0.8238211 0.00168097 0.8241085 0.003296732 0.8140916 0.008464097 0.8342767 0.009583175 0.8310149 0.008485496 0.8310149 0.008485496 0.8241085 0.003296732 0.8225532 0.004374027 0.4679871 0.7864454 0.4681844 0.788743 0.4670738 0.7875164 0.4681844 0.788743 0.4670792 0.7883447 0.4670738 0.7875164 0.9817735 0.5419537 0.9801081 0.5425545 0.9798809 0.5438292 0.9798809 0.5438292 0.980973 0.544912 0.9817735 0.5419537 0.980973 0.544912 0.9820257 0.5448207 0.9817735 0.5419537 0.980973 0.5479621 0.982259 0.5477374 0.9828656 0.5460872 0.9828656 0.5460872 0.9820266 0.5450959 0.980973 0.5479621 0.9820266 0.5450959 0.9809739 0.5450047 0.980973 0.5479621 0.9970046 0.8797427 0.9960151 0.8796926 0.9959958 0.8790043 0.24002 0.4569379 0.2405769 0.4573385 0.2379099 0.4585918 0.2379099 0.4585918 0.236531 0.4572334 0.24002 0.4569379 0.236531 0.4572334 0.236531 0.3944047 0.2417868 0.441833 0.2418932 0.4010692 0.2427311 0.4012899 0.2471691 0.4156733 0.2427311 0.4012899 0.248942 0.4150475 0.2471691 0.4156733 0.236531 0.4572334 0.2417868 0.441833 0.2417868 0.4423141 0.236531 0.3944047 0.2418932 0.4010692 0.2471691 0.4156733 0.2417868 0.441833 0.236531 0.3944047 0.2471691 0.4156733 0.2402247 0.4561892 0.24002 0.4569379 0.236531 0.4572334 0.2483406 0.456503 0.241301 0.4565051 0.2407877 0.4560436 0.2402247 0.4561892 0.236531 0.4572334 0.2417868 0.4423141 0.2425357 0.4427348 0.2483406 0.456503 0.2407877 0.4560436 0.2407877 0.4560436 0.2402247 0.4561892 0.2425357 0.4427348 0.2471691 0.4360514 0.2485224 0.436654 0.24301 0.4416264 0.2485224 0.436654 0.2431561 0.4421994 0.24301 0.4416264 0.2471691 0.4156733 0.2471691 0.4360514 0.2417868 0.441833 0.2417868 0.4423141 0.2425357 0.4427348 0.2402247 0.4561892 0.2471691 0.4360514 0.24301 0.4416264 0.2424606 0.4413728 0.2490599 0.4560874 0.2483406 0.456503 0.2425357 0.4427348 0.2431561 0.4421994 0.2485224 0.436654 0.263148 0.4426127 0.2485224 0.436654 0.2576949 0.4366862 0.263148 0.4426127 0.2490599 0.4560874 0.2425357 0.4427348 0.2431561 0.4421994 0.2570751 0.456124 0.2490599 0.4560874 0.2431561 0.4421994 0.2576949 0.4366862 0.2630234 0.4419195 0.263148 0.4426127 0.263148 0.4426127 0.2640168 0.4427465 0.2653703 0.4561437 0.2577442 0.456344 0.2570751 0.456124 0.263148 0.4426127 0.2570751 0.456124 0.2431561 0.4421994 0.263148 0.4426127 0.2648005 0.4568075 0.257895 0.4568969 0.2577442 0.456344 0.263148 0.4426127 0.2653703 0.4561437 0.2577442 0.456344 0.2490599 0.4560874 0.2570751 0.456124 0.2495899 0.4567645 0.2570751 0.456124 0.2565265 0.4567738 0.2495899 0.4567645 0.2565265 0.4567738 0.2566878 0.4572092 0.2495899 0.4567645 0.2575607 0.4573638 0.257895 0.4568969 0.2652015 0.4573796 0.257895 0.4568969 0.2648005 0.4568075 0.2652015 0.4573796 0.2495899 0.4567645 0.2566878 0.4572092 0.2490617 0.4574095 0.2566878 0.4572092 0.2575607 0.4573638 0.2490617 0.4574095 0.2490617 0.4574095 0.2575607 0.4573638 0.268248 0.4587154 0.2575607 0.4573638 0.2652015 0.4573796 0.268248 0.4587154 0.241301 0.4565051 0.2483406 0.456503 0.2412651 0.4570498 0.2483406 0.456503 0.2484138 0.4571755 0.2412651 0.4570498 0.2484138 0.4571755 0.2490617 0.4574095 0.2405769 0.4573385 0.2412651 0.4570498 0.2484138 0.4571755 0.2405769 0.4573385 0.268248 0.4587154 0.2379099 0.4585918 0.2490617 0.4574095 0.2379099 0.4585918 0.2405769 0.4573385 0.2490617 0.4574095 0.269627 0.3945395 0.269627 0.4573683 0.2644035 0.4420436 0.269627 0.4573683 0.268248 0.4587154 0.2660182 0.4572472 0.2644035 0.4420436 0.269627 0.4573683 0.2640168 0.4427465 0.2661379 0.3948351 0.268248 0.3931811 0.269627 0.3945395 0.2660182 0.3955007 0.2661379 0.3948351 0.269627 0.3945395 0.2660182 0.3955007 0.269627 0.3945395 0.2642466 0.4003185 0.2653703 0.3957294 0.2660182 0.3955007 0.2642466 0.4003185 0.269627 0.3945395 0.2644035 0.4420436 0.2593287 0.4160563 0.2644035 0.4008935 0.269627 0.3945395 0.2593287 0.4160563 0.268248 0.4587154 0.2652015 0.4573796 0.2660182 0.4572472 0.2660182 0.4563777 0.2653703 0.4561437 0.2640168 0.4427465 0.2660182 0.4572472 0.2660182 0.4563777 0.269627 0.4573683 0.2648671 0.3952409 0.2653703 0.3957294 0.2634374 0.4001365 0.269627 0.3945395 0.2644035 0.4008935 0.2642466 0.4003185 0.2576592 0.3945137 0.2651453 0.3944765 0.2648671 0.3952409 0.2634374 0.4001365 0.2578131 0.3953707 0.2648671 0.3952409 0.2578131 0.3953707 0.2576592 0.3945137 0.2648671 0.3952409 0.2642466 0.4003185 0.2634374 0.4001365 0.2653703 0.3957294 0.269627 0.4573683 0.2660182 0.4563777 0.2640168 0.4427465 0.2636973 0.4414594 0.2630234 0.4419195 0.2593287 0.4357675 0.2630234 0.4419195 0.2576949 0.4366862 0.2593287 0.4357675 0.2644035 0.4420436 0.2636973 0.4414594 0.2593287 0.4357675 0.2593287 0.4357675 0.2593287 0.4160563 0.2644035 0.4420436 0.2593287 0.4160563 0.2581593 0.4152483 0.2638218 0.4014617 0.2581593 0.4152483 0.2633388 0.4013762 0.2638218 0.4014617 0.2215149 0.3953005 0.2209153 0.3947884 0.2136536 0.3951719 0.2209153 0.3947884 0.2139567 0.3944995 0.2136536 0.3951719 0.2136536 0.3951719 0.2073022 0.4007726 0.2124673 0.4148022 0.2229307 0.4150672 0.2275265 0.4008699 0.2124673 0.4148022 0.2275265 0.4008699 0.2215149 0.3953005 0.2124673 0.4148022 0.2054468 0.4558107 0.2127496 0.4559238 0.2066719 0.4423864 0.2127496 0.4559238 0.2135175 0.455771 0.2074169 0.441999 0.2066719 0.4423864 0.2127496 0.4559238 0.2074169 0.441999 0.2066719 0.4423864 0.2061226 0.441932 0.2048839 0.4556605 0.2048839 0.4556605 0.2054468 0.4558107 0.2066719 0.4423864 0.2008666 0.4568513 0.2043593 0.4562493 0.2048839 0.4556605 0.2043418 0.3945026 0.2008666 0.3940225 0.2045605 0.3950968 0.2008666 0.3940225 0.2008666 0.4568513 0.2061226 0.4414508 0.2045605 0.3950968 0.2008666 0.3940225 0.2061226 0.4000564 0.2064945 0.3996635 0.2051733 0.3952342 0.2045605 0.3950968 0.2061226 0.4414508 0.2008666 0.4568513 0.2061226 0.441932 0.2008666 0.4568513 0.2048839 0.4556605 0.2061226 0.441932 0.2061226 0.4000564 0.2064945 0.3996635 0.2045605 0.3950968 0.2061754 0.400649 0.2061226 0.4000564 0.2008666 0.3940225 0.2061226 0.4414508 0.2067964 0.4409907 0.2108892 0.434947 0.2008666 0.3940225 0.2061226 0.4414508 0.2105616 0.41689 0.2061754 0.400649 0.2008666 0.3940225 0.2105616 0.41689 0.2061226 0.4414508 0.2108892 0.434947 0.2105616 0.41689 0.2105616 0.41689 0.2124673 0.4148022 0.2067964 0.4010032 0.2124673 0.4148022 0.2073022 0.4007726 0.2067964 0.4010032 0.2208622 0.4563916 0.2139567 0.456481 0.2212632 0.4569637 0.2139567 0.456481 0.2133975 0.4570273 0.2212632 0.4569637 0.2127496 0.4567934 0.2127496 0.4559238 0.2056007 0.4566677 0.2127496 0.4559238 0.2054468 0.4558107 0.2056007 0.4566677 0.2133975 0.4570273 0.2127496 0.4567934 0.2048839 0.4569926 0.2127496 0.4567934 0.2056007 0.4566677 0.2048839 0.4569926 0.2292028 0.4566053 0.2221539 0.4566322 0.229706 0.4570938 0.2221539 0.4566322 0.2212632 0.4569637 0.229706 0.4570938 0.229706 0.4570938 0.2212632 0.4569637 0.2325837 0.4583333 0.2212632 0.4569637 0.2133975 0.4570273 0.2325837 0.4583333 0.2133975 0.4570273 0.2048839 0.4569926 0.2022457 0.4582096 0.2048839 0.4569926 0.2043593 0.4562493 0.2022457 0.4582096 0.2022457 0.4582096 0.2325837 0.4583333 0.2133975 0.4570273 0.2325837 0.4583333 0.2339627 0.4569861 0.2303539 0.4568651 0.229706 0.4570938 0.2325837 0.4583333 0.2303539 0.4568651 0.2339627 0.4569861 0.2339627 0.3941574 0.2287392 0.4416614 0.2339627 0.3941574 0.2301072 0.3952748 0.2285823 0.3999364 0.2287392 0.4416614 0.2339627 0.3941574 0.2287392 0.4005113 0.2301072 0.3952748 0.2292975 0.3951142 0.2285823 0.3999364 0.2283524 0.4423643 0.2296374 0.4558005 0.2303539 0.4559956 0.2303539 0.4559956 0.2303539 0.4568651 0.2339627 0.4569861 0.2303539 0.4559956 0.2339627 0.4569861 0.2283524 0.4423643 0.2287392 0.4005113 0.2339627 0.3941574 0.2285823 0.3999364 0.2287392 0.4416614 0.2283524 0.4423643 0.2339627 0.4569861 0.2229307 0.4359863 0.2274494 0.4414477 0.2281575 0.4410884 0.2229307 0.4150672 0.2229307 0.4359863 0.2281575 0.4410884 0.2281575 0.4410884 0.2287392 0.4416614 0.2229307 0.4150672 0.2287392 0.4416614 0.2287392 0.4005113 0.2229307 0.4150672 0.2292975 0.3951142 0.2292975 0.3942447 0.2220799 0.3950848 0.2275265 0.4008699 0.2229307 0.4150672 0.2283916 0.4009969 0.2283916 0.4009969 0.2229307 0.4150672 0.2287392 0.4005113 0.2285823 0.3999364 0.2292975 0.3951142 0.2277558 0.3997623 0.2300615 0.394047 0.2305048 0.3945669 0.2325837 0.392799 0.2277558 0.3997623 0.2292975 0.3951142 0.2220799 0.3950848 0.2292975 0.3942447 0.2300615 0.394047 0.2325837 0.392799 0.2325837 0.392799 0.2022457 0.3926753 0.2134079 0.3939609 0.2022457 0.3926753 0.2049819 0.3939447 0.2134079 0.3939609 0.2049819 0.3939447 0.2056009 0.3942447 0.2127495 0.3941773 0.2134079 0.3939609 0.2049819 0.3939447 0.2127495 0.3941773 0.2056007 0.3949211 0.2051733 0.3952342 0.2070417 0.3996398 0.2051733 0.3952342 0.2064945 0.3996635 0.2070417 0.3996398 0.2070417 0.3996398 0.2075026 0.4001805 0.2128719 0.3951166 0.227316 0.4003834 0.2277558 0.3997623 0.2220799 0.3950848 0.2220799 0.3950848 0.2292975 0.3942447 0.2220799 0.3942153 0.2220799 0.3950848 0.2215149 0.3953005 0.227316 0.4003834 0.2214108 0.3939953 0.2220799 0.3942153 0.2292975 0.3942447 0.2056009 0.3942447 0.2056007 0.3949211 0.2127495 0.3941773 0.2056007 0.3949211 0.2070417 0.3996398 0.2128719 0.3951166 0.2127495 0.3941773 0.2056007 0.3949211 0.2128719 0.3951166 0.2214108 0.3939953 0.2292975 0.3942447 0.2325837 0.392799 0.2219949 0.4558781 0.2221539 0.4566322 0.2292028 0.4566053 0.2139567 0.3944995 0.2209153 0.3947884 0.2214108 0.3939953 0.2339627 0.3941574 0.2325837 0.392799 0.2305048 0.3945669 0.2249507 0.995907 0.2249507 0.9970537 0.2241691 0.9970537 0.9959989 0.01727187 0.9960131 0.001562893 0.997107 0.001562893 0.9971329 7.46511e-4 0.9981218 8.06589e-4 0.9981104 1.17957e-4 0.9912231 0.9779216 0.992151 0.9781064 0.9914545 0.97833 0.9911218 0.9767981 0.9918 0.9768597 0.9911484 0.9770902 0.9912231 0.9779216 0.9914545 0.97833 0.9908065 0.977695 0.9911218 0.9767981 0.9911484 0.9770902 0.9908065 0.977695 0.9960131 0.002269804 0.9959957 0.00262326 0.9970896 0.00262326 0.9968454 0.5405438 0.9969432 0.4618597 0.9989109 0.6198244 0.9969951 0.8728491 0.9959957 0.8729091 0.9960062 0.8722207 0.9904173 0.5096296 0.9898583 0.5092472 0.9893585 0.5111297 0.9898583 0.5092472 0.9888085 0.5096483 0.9888293 0.5107865 0.9893585 0.5111297 0.9898583 0.5092472 0.9888293 0.5107865 0.9893585 0.5111297 0.9901632 0.5110004 0.9905748 0.5104171 0.7889565 0.9721201 0.6977273 0.9721447 0.6638655 0.9680718 0.1653724 0.9367914 0.1653647 0.9291248 0.1728129 0.9291247 0.8953997 0.9091415 0.8165369 0.9092845 0.8160104 0.897646 0.9971309 0.458913 0.9980713 0.4587777 0.998066 0.855004 0.9981092 0.1000238 0.9981092 0.09924918 0.9971216 0.09917122 0.9895984 0.5189549 0.9886421 0.5196675 0.9905652 0.519644 0.9886421 0.5196675 0.9891955 0.5207793 0.9905652 0.519644 0.7548094 0.9092749 0.8294548 0.9091929 0.8181181 0.8976469 0.3101137 0.995907 0.3094191 0.995907 0.3094191 0.9970537 0.9988552 0.6196073 0.9972795 0.3202933 0.9972141 0.460779 0.9888104 0.9978414 0.4930727 0.9686787 0.4678335 0.976393 0.9971216 0.149182 0.9981092 0.1492599 0.9981092 0.1500346 0.9981092 0.1356882 0.9971215 0.1356117 0.9971215 0.1348368 0.9988675 0.6215701 0.9990394 0.1221233 0.9988272 0.1271079 0.1421062 0.9900308 0.1426041 0.9903292 0.1418647 0.990368 0.1426041 0.9903292 0.1425032 0.9907191 0.1418647 0.990368 0.1418647 0.990368 0.141646 0.9893094 0.1421062 0.9900308 0.141646 0.9893094 0.1422535 0.9886238 0.1420137 0.9894493 0.1422535 0.9886238 0.1431558 0.9886356 0.1426231 0.988932 0.1431558 0.9886356 0.1436655 0.9891597 0.1430771 0.9890515 0.1436655 0.9891597 0.1434555 0.9903894 0.143312 0.9899054 0.1430771 0.9890515 0.1436655 0.9891597 0.143312 0.9899054 0.1434555 0.9903894 0.1426475 0.9905936 0.143312 0.9899054 0.1420137 0.9894493 0.1421062 0.9900308 0.141646 0.9893094 0.1426231 0.988932 0.1420137 0.9894493 0.1422535 0.9886238 0.8152973 0.9217619 0.8654226 0.9071707 0.1762828 0.9988651 0.9971215 0.5615472 0.997128 0.5746049 0.9980706 0.5711973 0.5275127 0.9879853 0.527926 0.987029 0.5280475 0.9877544 0.527926 0.987029 0.5280475 0.9865962 0.5280475 0.9877544 0.5270544 0.9883258 0.5260598 0.9877542 0.5265969 0.9879856 0.5270544 0.9883258 0.5265969 0.9879856 0.5275127 0.9879853 0.2417868 0.4004386 0.2418932 0.4010692 0.236531 0.3944047 0.236531 0.3944047 0.23791 0.3930575 0.2400199 0.3949241 0.2404322 0.3955972 0.2411144 0.3954362 0.2424606 0.3999892 0.236531 0.3944047 0.2400199 0.3949241 0.2404322 0.3955972 0.2424606 0.3999892 0.2417868 0.4004386 0.2404322 0.3955972 0.2657258 0.3944291 0.2651453 0.3944765 0.268248 0.3931811 0.2651453 0.3944765 0.2576592 0.3945137 0.268248 0.3931811 0.2569801 0.3943935 0.2565874 0.3951917 0.2495899 0.3950495 0.2576592 0.3945137 0.2569801 0.3943935 0.268248 0.3931811 0.268248 0.3931811 0.2661379 0.3948351 0.2657258 0.3944291 0.2406679 0.3942862 0.2400199 0.3949241 0.23791 0.3930575 0.2424606 0.3999892 0.2411144 0.3954362 0.2482525 0.3949935 0.2411144 0.3954362 0.2412651 0.3946269 0.2482525 0.3949935 0.2406679 0.3942862 0.23791 0.3930575 0.2484138 0.3945594 0.23791 0.3930575 0.268248 0.3931811 0.2491778 0.3943617 0.2431507 0.4005035 0.2424606 0.3999892 0.2482525 0.3949935 0.2412651 0.3946269 0.2406679 0.3942862 0.2484138 0.3945594 0.23791 0.3930575 0.2491778 0.3943617 0.2484138 0.3945594 0.2569801 0.3943935 0.2495899 0.3950495 0.2491778 0.3943617 0.268248 0.3931811 0.2569801 0.3943935 0.2491778 0.3943617 0.2487695 0.395648 0.2431507 0.4005035 0.2482525 0.3949935 0.2431507 0.4005035 0.2487695 0.395648 0.2427311 0.4012899 0.2487695 0.395648 0.2495899 0.3950495 0.2570962 0.3956956 0.2495899 0.3950495 0.2565874 0.3951917 0.2570962 0.3956956 0.2570962 0.3956956 0.2578131 0.3953707 0.2629911 0.4006434 0.2578131 0.3953707 0.2634374 0.4001365 0.2629911 0.4006434 0.2629911 0.4006434 0.2633388 0.4013762 0.2570962 0.3956956 0.2633388 0.4013762 0.2581593 0.4152483 0.248942 0.4150475 0.2487695 0.395648 0.2570962 0.3956956 0.248942 0.4150475 0.248942 0.4150475 0.2427311 0.4012899 0.2487695 0.395648 0.8209497 0.9860422 0.8209549 0.9882063 0.225082 0.9876433 0.8372287 0.9971048 0.9253221 0.890775 0.9465376 0.8125442 0.8400801 0.9971156 0.8401532 0.997112 0.8963372 0.9931499 0.3793971 0.9943981 0.3793971 0.9927431 0.3780195 0.9927651 0.03437513 0.9924963 0.03399556 0.9918262 0.03432363 0.9916955 0.03399556 0.9918262 0.03415465 0.991221 0.03432363 0.9916955 0.03538596 0.9920995 0.03552526 0.992393 0.03473359 0.9923421 0.03552526 0.992393 0.03437513 0.9924963 0.03473359 0.9923421 0.7165641 0.9877325 0.7165639 0.9865626 0.7164346 0.9873455 0.7164346 0.9873455 0.7152761 0.9879589 0.7165641 0.9877325 0.9988968 0.6230809 0.9990146 0.1265994 0.9988245 0.1294839 0.9959957 0.9042922 0.9969851 0.9043423 0.9970035 0.9050308 0.9959957 0.8830103 0.9969851 0.8830604 0.9970045 0.8837487 0.1728283 0.9367914 0.1728206 0.9291248 0.1802688 0.9291247 0.9974734 0.8657332 0.997421 0.8661282 0.9855763 0.9989032 0.997128 0.5087681 0.9971218 0.7887814 0.9980661 0.7904465 0.6777951 0.978786 0.7238565 0.9708659 0.2460415 0.9989032 0.997127 0.7896367 0.9971215 0.7891975 0.998066 0.7891975 0.9959958 0.9742256 0.9960082 0.974914 0.9969971 0.974974 0.95689 0.9970195 0.95689 0.9959257 0.9959966 0.3451205 0.2912185 0.9970537 0.2912185 0.995907 0.2919132 0.995907 0.9981104 0.01463651 0.9971215 0.01457649 0.9971329 0.01526504 0.8374947 0.997105 0.8374426 0.9971072 0.9323207 0.8590387 0.1003316 0.9444767 0.09817487 0.9373331 0.6283107 0.937149 0.0649603 0.9912404 0.06492793 0.990916 0.0657646 0.9914001 0.06492793 0.990916 0.06594246 0.9910978 0.0657646 0.9914001 0.06594246 0.9910978 0.06604909 0.9922046 0.0657646 0.9914001 0.2634726 0.9980956 0.2441734 0.9981684 0.9878535 1.00059 0.9970046 0.8893567 0.9960152 0.8893066 0.9959958 0.8886184 0.6064293 0.9970118 0.9734939 0.9970098 0.9744329 0.9959067 0.3155972 0.995907 0.3155972 0.9970537 0.3149026 0.9970537 0.9959957 0.9115052 0.9969851 0.9115554 0.9970034 0.9122439 0.9981105 0.01060354 0.9971216 0.01054346 0.997133 0.01123213 0.1484367 0.4556093 0.1484355 0.3915477 0.1467805 0.3915477 0.8977482 0.3338524 0.8977482 0.3327491 0.9090585 0.3327488 0.9886397 0.5026277 0.9889372 0.5017002 0.9891955 0.5033059 0.9889372 0.5017002 0.9898583 0.5014815 0.9891955 0.5033059 0.9898583 0.5014815 0.9904173 0.5018638 0.9905748 0.5026515 0.9905748 0.5026515 0.9898722 0.503364 0.9898583 0.5014815 0.2677112 0.9723575 0.2677112 0.9761053 0.266608 0.9761201 0.5159859 0.9866422 0.5159091 0.9871953 0.5156948 0.9866091 0.5159091 0.9871953 0.5159859 0.9866422 0.5159859 0.9877545 0.5159859 0.9877545 0.5149927 0.988326 0.5156948 0.9877818 0.5149927 0.988326 0.5143416 0.9879091 0.5156948 0.9877818 0.9971215 0.1501353 0.9981091 0.1502133 0.9981091 0.1509879 0.9971266 0.55246 0.9980681 0.5433283 0.9980661 0.8489363 0.9959959 0.9002851 0.9969854 0.9003352 0.9970037 0.9010237 0.5169792 0.988326 0.5159845 0.9877544 0.5165217 0.9879857 0.5174376 0.9879855 0.5178955 0.9871953 0.5179724 0.9877574 0.5169792 0.988326 0.5165217 0.9879857 0.5174376 0.9879855 0.5394794 0.9877821 0.5392413 0.987016 0.5391875 0.9877296 0.5401806 0.9883258 0.5411796 0.987751 0.5407515 0.9878733 0.5394794 0.9877821 0.5391875 0.9877296 0.5401806 0.9883258 0.4363154 0.9445987 0.436316 0.9371505 0.6212065 0.9371494 0.2297222 0.9876256 0.2313803 0.9876044 0.230443 0.987223 0.9565244 0.9970197 0.9970989 0.344833 0.9959957 0.344833 0.2888685 0.9970536 0.2895632 0.9970536 0.2895631 0.9959069 0.3274646 0.9981128 0.9972957 0.8621469 0.9873822 0.9959568 0.001932561 0.9913039 0.002145767 0.9913929 0.001869857 0.9921333 0.002145767 0.9913929 0.00234723 0.9922651 0.001869857 0.9921333 0.00234723 0.9922651 0.003268241 0.9922615 0.002605557 0.9926581 0.002145767 0.9913929 0.001932561 0.9913039 0.002605557 0.9908334 0.002605557 0.9908334 0.003314316 0.991295 0.002627193 0.9910861 0.9959958 0.9131082 0.9969853 0.9131584 0.9970036 0.9138469 0.0168659 0.9910998 0.01685321 0.9908455 0.01763278 0.9910977 0.01786524 0.9919822 0.01744461 0.9923962 0.01752865 0.9914339 0.01752865 0.9914339 0.0168659 0.9910998 0.01763278 0.9910977 0.01685321 0.9908455 0.0168659 0.9910998 0.01626217 0.991221 0.0168659 0.9910998 0.0163511 0.9916885 0.01626217 0.991221 0.01666468 0.9922676 0.01744461 0.9923962 0.01642554 0.9924114 0.0163511 0.9916885 0.01666468 0.9922676 0.01642554 0.9924114 0.9969846 0.9775108 0.9959958 0.9774507 0.9960082 0.9781391 0.5174376 0.9864054 0.5169795 0.9861771 0.5179723 0.9866124 0.5179723 0.9866124 0.5179724 0.9877574 0.5178955 0.9871953 0.9922168 0.9764088 0.9914546 0.9765406 0.9919523 0.9762217 0.9923059 0.9756204 0.9919981 0.975151 0.9925755 0.9754408 0.9919981 0.975151 0.9921082 0.974908 0.9925755 0.9754408 0.9922168 0.9764088 0.9919523 0.9762217 0.9923059 0.9756204 0.9913034 0.9748593 0.9921082 0.974908 0.9914298 0.9751246 0.9921082 0.974908 0.9919981 0.975151 0.9914298 0.9751246 0.9911994 0.9759761 0.9919523 0.9762217 0.9914546 0.9765406 0.9913034 0.9748593 0.9914298 0.9751246 0.9907786 0.9755949 0.9914298 0.9751246 0.9911994 0.9759761 0.9907786 0.9755949 0.9981092 0.1299697 0.9971215 0.1298931 0.9971215 0.1291183 0.0415427 0.9892693 0.04199731 0.9889437 0.04132342 0.9889011 0.04199731 0.9889437 0.0419504 0.9885458 0.04132342 0.9889011 0.04132342 0.9889011 0.04105883 0.9897646 0.0415427 0.9892693 0.04187351 0.9907045 0.04260218 0.9906281 0.04207926 0.9903348 0.04260218 0.9906281 0.0432111 0.9897292 0.0426948 0.990042 0.0432111 0.9897292 0.04260218 0.9886394 0.04263597 0.9891523 0.04260218 0.9886394 0.04205781 0.9885327 0.04210472 0.9889306 0.04263597 0.9891523 0.04260218 0.9886394 0.04210472 0.9889306 0.0416556 0.9901409 0.0415427 0.9892693 0.04105883 0.9897646 0.0432111 0.9897292 0.04263597 0.9891523 0.0426948 0.990042 0.04260218 0.9906281 0.0426948 0.990042 0.04207926 0.9903348 0.0416556 0.9901409 0.04105883 0.9897646 0.04187351 0.9907045 0.7265838 0.9871363 0.726504 0.9866099 0.7265039 0.9877244 0.7274943 0.9882922 0.7280666 0.9878814 0.7270417 0.9879161 0.7270417 0.9879161 0.7265838 0.9871363 0.7265039 0.9877244 0.5200583 0.9365886 0.520066 0.9291247 0.5126178 0.9291248 0.6350734 0.9927476 0.6333217 0.9943965 0.928155 0.9944025 0.9971215 0.1143069 0.9981092 0.1143849 0.9981092 0.1136102 0.8013843 0.7989114 0.8005761 0.7958548 0.7998719 0.7967001 0.8003569 0.798534 0.7998689 0.7992358 0.800571 0.8000811 0.8013843 0.7989114 0.7998719 0.7967001 0.8003569 0.798534 0.3086357 0.9970536 0.3086357 0.9959069 0.3093304 0.9959069 0.04189062 0.9923421 0.04256016 0.9920693 0.041969 0.9926582 0.04256016 0.9920693 0.0428785 0.9920836 0.041969 0.9926582 0.04141223 0.9923938 0.04117977 0.9915093 0.04149872 0.992007 0.04141223 0.9923938 0.04149872 0.992007 0.04189062 0.9923421 0.4807125 0.9870756 0.4806008 0.9865987 0.4806008 0.9877417 0.4815778 0.9883276 0.4825009 0.9876627 0.4818859 0.9880468 0.4812696 0.9880378 0.4807125 0.9870756 0.4806008 0.9877417 0.4815778 0.9883276 0.4818859 0.9880468 0.4812696 0.9880378 0.9399394 0.9927472 0.7293365 0.992756 0.7294149 0.9943931 0.4298913 0.7872726 0.4294849 0.7882174 0.4261587 0.7875747 0.4294849 0.7882174 0.4260398 0.788407 0.4261587 0.7875747 0.4316602 0.7900552 0.4302771 0.7885031 0.4306592 0.7877672 0.4298913 0.7872726 0.4261587 0.7875747 0.4256904 0.7872424 0.4315878 0.7865183 0.4316602 0.7900552 0.4306592 0.7877672 0.4315878 0.7865183 0.4306592 0.7877672 0.4298913 0.7872726 0.4256904 0.7872424 0.4251695 0.7873729 0.4196807 0.7864947 0.4315878 0.7865183 0.4298913 0.7872726 0.4256904 0.7872424 0.4261174 0.808788 0.4294925 0.8087742 0.426091 0.8095998 0.4294925 0.8087742 0.4295188 0.8095858 0.426091 0.8095998 0.4303869 0.8097025 0.4307031 0.809018 0.4315337 0.8105922 0.4307031 0.809018 0.4316602 0.8069757 0.4315337 0.8105922 0.426091 0.8095998 0.4295188 0.8095858 0.4315337 0.8105922 0.4295188 0.8095858 0.4303869 0.8097025 0.4315337 0.8105922 0.4217289 0.8093889 0.4249194 0.8091885 0.4253416 0.8098075 0.4253416 0.8098075 0.426091 0.8095998 0.4315337 0.8105922 0.4315337 0.8105922 0.4195974 0.8105993 0.4253416 0.8098075 0.4195974 0.8105993 0.4204797 0.809086 0.4208775 0.8098257 0.4208775 0.8098257 0.4217289 0.8093889 0.4253416 0.8098075 0.4316602 0.8069757 0.4307031 0.809018 0.4301545 0.808461 0.4301545 0.808461 0.4294925 0.8087742 0.4316602 0.8069757 0.4294925 0.8087742 0.4261174 0.808788 0.4243555 0.8070055 0.4254555 0.8084801 0.4249194 0.8091885 0.4243555 0.8070055 0.4249194 0.8091885 0.4217289 0.8093889 0.4215436 0.8086469 0.4243555 0.8070055 0.4249194 0.8091885 0.4215436 0.8086469 0.4294925 0.8087742 0.4243555 0.8070055 0.4316602 0.8069757 0.4261174 0.808788 0.4254555 0.8084801 0.4243555 0.8070055 0.4302771 0.7885031 0.4316602 0.7900552 0.4294849 0.7882174 0.4316602 0.7900552 0.4243555 0.790085 0.4294849 0.7882174 0.4260398 0.788407 0.4294849 0.7882174 0.4243555 0.790085 0.4209914 0.8084983 0.4204797 0.809086 0.4194856 0.8083375 0.4243555 0.8070055 0.4215436 0.8086469 0.4234548 0.8046386 0.4215436 0.8086469 0.4209914 0.8084983 0.4234548 0.8046386 0.4255729 0.7886114 0.4260398 0.788407 0.4243555 0.790085 0.4209914 0.8084983 0.4194856 0.8083375 0.4234548 0.8046386 0.4249373 0.7881603 0.4255729 0.7886114 0.4243555 0.790085 0.4243555 0.790085 0.4243555 0.8070055 0.4234713 0.7925001 0.4243555 0.8070055 0.4234548 0.8046386 0.4234713 0.7925001 0.4234713 0.7925001 0.4215493 0.7884311 0.4243555 0.790085 0.4215493 0.7884311 0.4217444 0.7877016 0.4249373 0.7881603 0.4243555 0.790085 0.4215493 0.7884311 0.4249373 0.7881603 0.4251695 0.7873729 0.4249373 0.7881603 0.4217444 0.7877016 0.5449472 0.9867391 0.5447245 0.9878732 0.5451526 0.9877508 0.5451466 0.9866122 0.5441538 0.9861624 0.5449472 0.9867391 0.9971215 0.08613836 0.9981092 0.08621484 0.9981092 0.08543998 0.9959958 0.9018878 0.9969853 0.901938 0.9970037 0.9026265 0.9943417 0.635193 0.9943524 0.6354679 0.9932946 0.6354315 0.9969851 0.8854638 0.9970045 0.8861521 0.996015 0.8861019 0.2677112 0.9723722 0.2677112 0.9761201 0.2688145 0.9761053 0.3109858 0.9970537 0.3109858 0.995907 0.3116804 0.995907 0.6680933 0.9721494 0.8587328 0.9721207 0.8604233 0.9680653 0.06936627 0.9921564 0.06936621 0.9913343 0.06969982 0.9921321 0.06936621 0.9913343 0.06953656 0.9911598 0.06969982 0.9921321 0.06969982 0.9921321 0.06926548 0.9925754 0.06936627 0.9921564 0.06926548 0.9925754 0.06850641 0.992576 0.06855279 0.9922675 0.06936627 0.9921564 0.06926548 0.9925754 0.06855279 0.9922675 0.9959966 0.345063 0.9557935 0.9959257 0.9557935 0.9970195 0.9943418 0.6329931 0.9943524 0.6332679 0.9932947 0.6332316 0.938834 0.9944022 0.6333217 0.9943965 0.6350734 0.9927476 0.9971382 0.2675495 0.9988713 0.2039842 0.9990347 0.2030277 0.9988519 0.6171639 0.9990394 0.124899 0.998871 0.1258845 0.76128 0.9860414 0.7604263 0.9865931 0.7617379 0.9863901 0.7617379 0.9863901 0.7621905 0.9872278 0.7622729 0.9866078 0.9910949 0.979095 0.9915164 0.9798226 0.9908068 0.9794842 0.9915164 0.9798226 0.9911664 0.9799873 0.9908068 0.9794842 0.9908068 0.9794842 0.9910432 0.9786167 0.9910949 0.979095 0.9915906 0.9786892 0.9910432 0.9786167 0.9922279 0.9785612 0.992576 0.9794842 0.9917716 0.9801463 0.9921971 0.9795988 0.9917716 0.9801463 0.9915164 0.9798226 0.9921971 0.9795988 0.9922873 0.979095 0.9915906 0.9786892 0.9922279 0.9785612 0.992576 0.9794842 0.9921971 0.9795988 0.9922873 0.979095 0.03392767 0.9920712 0.03347915 0.9922242 0.03372806 0.9915738 0.03315752 0.9910861 0.03261095 0.9911221 0.03348052 0.9909153 0.03348052 0.9909153 0.03392767 0.9920712 0.03372806 0.9915738 0.03333342 0.9926301 0.03258585 0.9924962 0.03259074 0.9920876 0.03258585 0.9924962 0.03223347 0.9919832 0.03259074 0.9920876 0.03223347 0.9919832 0.03261095 0.9911221 0.03259074 0.9920876 0.03347915 0.9922242 0.03392767 0.9920712 0.03333342 0.9926301 0.3054137 0.9970536 0.304719 0.9970536 0.304719 0.9959069 0.9465376 0.8125442 0.9253221 0.890775 0.5273733 0.9898098 0.2184348 0.9970536 0.2192164 0.9970536 0.2192164 0.9959069 0.7793777 0.588801 0.7490344 0.5887642 0.7490344 0.5871234 0.6350738 0.9959069 0.6350738 0.9970102 0.6342681 0.9970126 0.9631429 0.9959247 0.9959958 0.3401504 0.9970988 0.3401504 0.9898585 0.4937154 0.9904173 0.4940977 0.9889373 0.493934 0.9904173 0.4940977 0.9905304 0.4950239 0.9889373 0.493934 0.9905304 0.4950239 0.9897021 0.4956274 0.9889373 0.493934 0.9897021 0.4956274 0.9888294 0.4952546 0.9889373 0.493934 0.9802812 0.5392989 0.9798809 0.5407781 0.9812381 0.5419073 0.9812381 0.5419073 0.9824653 0.5414646 0.9802812 0.5392989 0.9824653 0.5414646 0.9829121 0.5405153 0.9802812 0.5392989 0.5337551 0.9963142 0.5339347 0.9969248 0.5342978 0.9959071 0.5339347 0.9969248 0.5346385 0.9968616 0.5342978 0.9959071 0.9932314 0.6630473 0.9931743 0.6866794 0.5309414 0.997141 0.8977482 0.3338526 0.8977482 0.3349559 0.9090585 0.3349556 0.6325702 0.9721571 0.6720577 0.9680728 0.7869206 0.9680653 0.2942633 0.9959069 0.2942633 0.9970536 0.2935686 0.9970536 0.9890537 0.4957863 0.988642 0.4963695 0.9905747 0.4968268 0.988642 0.4963695 0.9887463 0.4970748 0.9898722 0.4975394 0.9905747 0.4968268 0.988642 0.4963695 0.9898722 0.4975394 0.2022457 0.3926753 0.2008666 0.3940225 0.2043418 0.3945026 0.3148139 0.9970537 0.3148139 0.995907 0.3141192 0.995907 0.9090586 0.3360592 0.8977483 0.3360594 0.8977483 0.3349561 0.9691519 0.9866517 0.9695734 0.9864434 0.9694728 0.9860534 0.9704232 0.986377 0.9695815 0.9860416 0.9696846 0.9864408 0.9704232 0.986377 0.9696846 0.9864408 0.9701626 0.9866767 0.9691519 0.9866517 0.9694728 0.9860534 0.9686424 0.98673 0.968962 0.9872093 0.9691519 0.9866517 0.9686424 0.98673 0.9705414 0.9877716 0.9704232 0.986377 0.9702737 0.987444 0.9704232 0.986377 0.9701626 0.9866767 0.9702737 0.987444 0.968962 0.9872093 0.9686424 0.98673 0.9689132 0.9879478 0.9705414 0.9877716 0.9702737 0.987444 0.9697691 0.9882396 0.9702737 0.987444 0.9695765 0.9877997 0.9697691 0.9882396 0.9695765 0.9877997 0.968962 0.9872093 0.9689132 0.9879478 0.2047236 0.998174 0.2286226 0.9981023 0.247564 0.9989148 0.4224401 0.9371665 0.4033256 0.9446114 0.4418441 0.9445978 0.9919437 0.9711548 0.9911664 0.971041 0.991892 0.9708755 0.9911664 0.971041 0.9908067 0.9705378 0.9911174 0.9704 0.9908067 0.9705378 0.9910431 0.9696704 0.9911174 0.9704 0.9914299 0.9697568 0.9911174 0.9704 0.9910431 0.9696704 0.9910431 0.9696704 0.9920777 0.9694914 0.9914299 0.9697568 0.9920777 0.9694914 0.9925209 0.9699258 0.9921273 0.9698773 0.9925209 0.9699258 0.992576 0.9705377 0.9923061 0.970358 0.992576 0.9705377 0.9919437 0.9711548 0.991892 0.9708755 0.9923061 0.970358 0.992576 0.9705377 0.991892 0.9708755 0.9921273 0.9698773 0.9914299 0.9697568 0.9920777 0.9694914 0.9971214 0.0880534 0.9981092 0.08812993 0.9981092 0.08735501 0.2163491 0.995907 0.2163492 0.9970538 0.2155676 0.9970538 0.9971215 0.5784674 0.9971214 0.7881315 0.998066 0.7912592 0.9988968 0.6183143 0.9990147 0.1271507 0.9988247 0.1300284 0.2501047 0.9989042 0.2504959 0.9989168 0.3274646 0.9981128 0.5411736 0.9866123 0.5401809 0.9861624 0.5409742 0.9867392 0.5409742 0.9867392 0.5407515 0.9878733 0.5411796 0.987751 0.2222577 0.9970537 0.2230393 0.9970537 0.2230392 0.995907 0.7540394 0.9877203 0.7528802 0.9879161 0.7540636 0.9878812 0.7528802 0.9879161 0.7524148 0.987201 0.7540636 0.9878812 0.7540636 0.9878812 0.754328 0.9865744 0.7542537 0.9871438 0.4678335 0.976393 0.4930727 0.9686787 0.2532603 0.998903 0.9971383 0.2639424 0.9988713 0.2028136 0.9990348 0.2018835 0.9517319 0.9869968 0.9522908 0.9864434 0.9514427 0.9865614 0.9522908 0.9864434 0.9521902 0.9860535 0.9514427 0.9865614 0.9532585 0.9865241 0.9523389 0.9861968 0.9529973 0.986863 0.9532585 0.9865241 0.9529973 0.986863 0.9532587 0.9877716 0.9529973 0.986863 0.9527629 0.9877203 0.9532587 0.9877716 0.9517319 0.9869968 0.9514427 0.9865614 0.951406 0.9876471 0.9520791 0.9877806 0.9517319 0.9869968 0.951406 0.9876471 0.9532587 0.9877716 0.9527629 0.9877203 0.9524863 0.9882396 0.9527629 0.9877203 0.9520791 0.9877806 0.9524863 0.9882396 0.9971215 0.09571361 0.9981092 0.09579008 0.9981092 0.09501516 0.03196966 0.9887366 0.0312801 0.988663 0.03201019 0.9894675 0.03241807 0.9895391 0.03196966 0.9887366 0.03201019 0.9894675 0.03030407 0.989951 0.03090387 0.9906431 0.03116965 0.9903151 0.03090387 0.9906431 0.03163456 0.9906955 0.03116965 0.9903151 0.03115737 0.9885459 0.03033816 0.9892163 0.03120428 0.9889439 0.03033816 0.9892163 0.03030407 0.989951 0.03069037 0.9896841 0.03069037 0.9896841 0.03120428 0.9889439 0.03033816 0.9892163 0.03241807 0.9895391 0.03201019 0.9894675 0.03182524 0.990134 0.03116965 0.9903151 0.03069037 0.9896841 0.03030407 0.989951 0.03163456 0.9906955 0.03241807 0.9895391 0.03182524 0.990134 0.9959958 0.9870179 0.9960082 0.9877063 0.9969971 0.9877664 0.9971329 0.004779458 0.9981218 0.004839539 0.9981104 0.004150867 0.1243547 0.9900498 0.1251868 0.9907191 0.1252877 0.9903293 0.1243547 0.9900498 0.1252877 0.9903293 0.1247276 0.989781 0.1254836 0.9885352 0.1246261 0.9888325 0.1252907 0.9889755 0.1246261 0.9888325 0.1243547 0.9900498 0.1247276 0.989781 0.1259956 0.9899055 0.1253358 0.990575 0.1262572 0.9902418 0.1259893 0.9893256 0.1259956 0.9899055 0.1262575 0.9889968 0.1259956 0.9899055 0.1262572 0.9902418 0.1262575 0.9889968 0.1246261 0.9888325 0.1247276 0.989781 0.1252907 0.9889755 0.1254836 0.9885352 0.1252907 0.9889755 0.1259893 0.9893256 0.9959957 0.9058952 0.9969851 0.9059454 0.9970035 0.9066339 0.3055023 0.995907 0.3055024 0.9970537 0.306197 0.9970537 0.6080639 0.9880139 0.6069542 0.9877732 0.6077986 0.9883197 0.6087789 0.9865927 0.6077339 0.9861429 0.6083797 0.9864729 0.6087789 0.9865927 0.6083797 0.9864729 0.608689 0.987006 0.6080639 0.9880139 0.6077986 0.9883197 0.6087789 0.9877318 0.6087789 0.9877318 0.6087789 0.9865927 0.608689 0.987006 0.9969851 0.8846627 0.9970045 0.8853509 0.9960151 0.8853008 0.2873018 0.9970536 0.2873018 0.9959069 0.2879964 0.9959069 0.9959957 0.9107039 0.9969851 0.9107541 0.9970035 0.9114426 0.9959957 0.9806759 0.9960082 0.9813643 0.9969971 0.9814243 0.9971328 0.006392598 0.9981217 0.00645262 0.9981102 0.005764067 0.004522681 0.9923235 0.005057752 0.991905 0.004705548 0.9926302 0.005057752 0.991905 0.005367696 0.9918249 0.004705548 0.9926302 0.004705548 0.9926302 0.003957927 0.9924963 0.004522681 0.9923235 0.003957927 0.9924963 0.003622531 0.9915711 0.003899574 0.991766 0.003899574 0.991766 0.003622531 0.9915711 0.00439471 0.9908334 0.00439471 0.9908334 0.005208671 0.9912199 0.004620254 0.9911853 0.005208671 0.9912199 0.005367696 0.9918249 0.005057752 0.991905 0.004620254 0.9911853 0.005208671 0.9912199 0.005057752 0.991905 0.1267907 0.9888324 0.1276482 0.9885351 0.1271089 0.9891284 0.1276482 0.9885351 0.128422 0.9889966 0.128094 0.9892209 0.1271089 0.9891284 0.1276482 0.9885351 0.128094 0.9892209 0.1283037 0.9903893 0.1275017 0.99057 0.1281085 0.9900034 0.1283037 0.9903893 0.1281085 0.9900034 0.128422 0.9889966 0.1281085 0.9900034 0.128094 0.9892209 0.128422 0.9889966 0.1274521 0.9903292 0.1273514 0.990719 0.1268962 0.9899251 0.1273514 0.990719 0.1265193 0.9900497 0.1268962 0.9899251 0.1271089 0.9891284 0.1268962 0.9899251 0.1265193 0.9900497 0.9960083 0.9837833 0.9969972 0.9838433 0.9969847 0.9831549 0.01083201 0.9895786 0.01175892 0.9887923 0.01126384 0.9895464 0.01083201 0.9895786 0.01126384 0.9895464 0.01165294 0.9907046 0.01126384 0.9895464 0.01185882 0.9903348 0.01165294 0.9907046 0.01299059 0.9897294 0.01238167 0.9906282 0.01247429 0.9900422 0.01238167 0.9906282 0.01165294 0.9907046 0.01185882 0.9903348 0.01247429 0.9900422 0.01238167 0.9906282 0.01185882 0.9903348 0.0118373 0.9885329 0.01268398 0.9888603 0.01188427 0.9889307 0.01268398 0.9888603 0.01299059 0.9897294 0.01241546 0.9891524 0.01241546 0.9891524 0.01188427 0.9889307 0.01268398 0.9888603 0.2943519 0.9970537 0.2950466 0.9970537 0.2950466 0.995907 0.9971329 0.005586028 0.9981218 0.005646049 0.9981104 0.004957497 0.9911133 0.9739338 0.9908612 0.9742637 0.991043 0.9732491 0.991043 0.9732491 0.9919275 0.9730167 0.9914298 0.9733356 0.9919275 0.9730167 0.9920361 0.9734047 0.9914298 0.9733356 0.9916118 0.9747787 0.9908612 0.9742637 0.9915317 0.9744688 0.9908612 0.9742637 0.9911133 0.9739338 0.9915317 0.9744688 0.9919275 0.9730167 0.9924409 0.973369 0.9920361 0.9734047 0.9924409 0.973369 0.9925213 0.9742636 0.9921969 0.9742313 0.9920361 0.9734047 0.9924409 0.973369 0.9921969 0.9742313 0.9925213 0.9742636 0.9916118 0.9747787 0.9921969 0.9742313 0.3038469 0.995907 0.303847 0.9970537 0.3031523 0.9970537 0.9971215 0.001671016 0.9971329 0.002359688 0.9981218 0.00241971 0.9902797 0.5089696 0.9905652 0.5079948 0.9901719 0.5074488 0.9901719 0.5074488 0.9893448 0.5073058 0.9902797 0.5089696 0.9893448 0.5073058 0.9886185 0.5083078 0.9902797 0.5089696 0.06130099 0.9913095 0.06112593 0.991765 0.06085056 0.9916369 0.06165069 0.9908334 0.06224399 0.9909952 0.06207609 0.9912399 0.06224399 0.9909952 0.06262356 0.9916653 0.06207609 0.9912399 0.06262356 0.9916653 0.06233191 0.9917991 0.06207609 0.9912399 0.06130099 0.9913095 0.06085056 0.9916369 0.06165069 0.9908334 0.06085056 0.9916369 0.06112593 0.991765 0.06121385 0.9924963 0.06112593 0.991765 0.0617634 0.992325 0.06121385 0.9924963 0.0617634 0.992325 0.06233191 0.9917991 0.06236398 0.9923929 0.06233191 0.9917991 0.06262356 0.9916653 0.06236398 0.9923929 0.03938412 0.9892694 0.03983873 0.9889438 0.03916478 0.9889011 0.03983873 0.9889438 0.03979176 0.9885458 0.03916478 0.9889011 0.03916478 0.9889011 0.03890025 0.9897646 0.03938412 0.9892694 0.03971487 0.9907045 0.04044353 0.9906282 0.03992062 0.9903348 0.04044353 0.9906282 0.04105246 0.9897294 0.04053622 0.9900421 0.04105246 0.9897294 0.04074597 0.9888603 0.04047739 0.9891524 0.04074597 0.9888603 0.03989923 0.9885327 0.03994607 0.9889307 0.04047739 0.9891524 0.04074597 0.9888603 0.03994607 0.9889307 0.03949695 0.9901409 0.03938412 0.9892694 0.03890025 0.9897646 0.04105246 0.9897294 0.04047739 0.9891524 0.04053622 0.9900421 0.04044353 0.9906282 0.04053622 0.9900421 0.03992062 0.9903348 0.03949695 0.9901409 0.03890025 0.9897646 0.03971487 0.9907045 0.9970036 0.9074352 0.9960141 0.9073851 0.9959958 0.9066966 0.9959958 0.972613 0.9960083 0.9733014 0.9969971 0.9733614 0.4800744 0.9864004 0.4805526 0.9867223 0.4796239 0.9860414 0.4796239 0.9860414 0.4787497 0.9866604 0.4794674 0.9862831 0.3108971 0.995907 0.3102024 0.995907 0.3102024 0.9970537 0.04943662 0.9926302 0.0495091 0.9922545 0.04993987 0.9922705 0.0495091 0.9922545 0.04978889 0.9915856 0.04993987 0.9922705 0.04988247 0.9911934 0.04978889 0.9915856 0.04936087 0.9911494 0.04897183 0.9908612 0.04988247 0.9911934 0.04936087 0.9911494 0.0495091 0.9922545 0.04943662 0.9926302 0.04885709 0.9922516 0.04943662 0.9926302 0.04846853 0.9922716 0.04885709 0.9922516 0.04846853 0.9912209 0.04897183 0.9908612 0.04865562 0.9914852 0.04897183 0.9908612 0.04936087 0.9911494 0.04865562 0.9914852 0.04865562 0.9914852 0.04885709 0.9922516 0.04846853 0.9922716 0.1221902 0.9900497 0.1230223 0.990719 0.1225671 0.9899251 0.1230223 0.990719 0.1231232 0.9903292 0.1225671 0.9899251 0.1238343 0.9887306 0.1231332 0.9885326 0.1235962 0.9890515 0.1231332 0.9885326 0.1223365 0.9889736 0.1227736 0.9891126 0.1235962 0.9890515 0.1231332 0.9885326 0.1227736 0.9891126 0.1240926 0.9902417 0.124279 0.9895222 0.1238311 0.9899054 0.124279 0.9895222 0.1238343 0.9887306 0.1235962 0.9890515 0.1238311 0.9899054 0.1231713 0.9905749 0.1240926 0.9902417 0.1235962 0.9890515 0.1238311 0.9899054 0.124279 0.9895222 0.1223365 0.9889736 0.1221902 0.9900497 0.1225671 0.9899251 0.2911298 0.995907 0.2904352 0.995907 0.2904352 0.9970537 0.9971329 0.01284527 0.9981218 0.01290535 0.9981104 0.01221674 0.9960151 0.8788915 0.9959957 0.8782033 0.9969851 0.8782534 0.9604352 0.986746 0.9609321 0.9864434 0.9608315 0.9860534 0.9618998 0.9865241 0.9609866 0.9862216 0.9615871 0.9867652 0.9618998 0.9865241 0.9615871 0.9867652 0.9619 0.9877716 0.9615871 0.9867652 0.9615726 0.9875492 0.9619 0.9877716 0.9604352 0.986746 0.9608315 0.9860534 0.960001 0.98673 0.9603852 0.9874435 0.9604352 0.986746 0.960001 0.98673 0.9619 0.9877716 0.9615726 0.9875492 0.9611277 0.9882396 0.9615726 0.9875492 0.9607204 0.9877806 0.9611277 0.9882396 0.9603852 0.9874435 0.960001 0.98673 0.9600474 0.987647 0.9607204 0.9877806 0.9603852 0.9874435 0.9600474 0.987647 0.1181797 0.9896907 0.1187941 0.9903291 0.1178612 0.9900497 0.1187941 0.9903291 0.1186932 0.990719 0.1178612 0.9900497 0.1181325 0.9888324 0.1189901 0.9885351 0.118582 0.988996 0.1189901 0.9885351 0.1197639 0.9889966 0.1194358 0.9892209 0.118582 0.988996 0.1189901 0.9885351 0.1194358 0.9892209 0.1196455 0.9903893 0.1188436 0.99057 0.1194504 0.9900033 0.1196455 0.9903893 0.1194504 0.9900033 0.1197639 0.9889966 0.1194504 0.9900033 0.1194358 0.9892209 0.1197639 0.9889966 0.118582 0.988996 0.1181797 0.9896907 0.1181325 0.9888324 0.9981218 0.00161314 0.9981104 9.24553e-4 0.9971215 8.64464e-4 0.9959959 0.9010864 0.9969853 0.9011366 0.9970037 0.9018251 0.2951353 0.995907 0.2951353 0.9970537 0.29583 0.9970537 0.4903699 0.9877704 0.4903203 0.9867253 0.4899721 0.9878923 0.4890848 0.9880379 0.4884699 0.9876356 0.489393 0.9883276 0.489393 0.9883276 0.4903699 0.9877704 0.4899721 0.9878923 0.9553009 0.986377 0.9545006 0.9862017 0.9551061 0.9867651 0.9553009 0.986377 0.9551061 0.9867651 0.9554191 0.9877716 0.9551061 0.9867651 0.9550916 0.9875492 0.9554191 0.9877716 0.9534666 0.9869108 0.9535664 0.987647 0.9538379 0.9870874 0.9535664 0.987647 0.9546467 0.9882395 0.9542394 0.9877806 0.9544512 0.9864434 0.9543505 0.9860534 0.9534666 0.9869108 0.9538379 0.9870874 0.9544512 0.9864434 0.9534666 0.9869108 0.9542394 0.9877806 0.9538379 0.9870874 0.9535664 0.987647 0.9554191 0.9877716 0.9550916 0.9875492 0.9546467 0.9882395 0.1346538 0.9899055 0.1339941 0.990575 0.1349154 0.9902418 0.1349154 0.9902418 0.1351017 0.9895223 0.1346538 0.9899055 0.1351017 0.9895223 0.1344977 0.9886357 0.1346476 0.9893256 0.1344977 0.9886357 0.1334311 0.9887146 0.1339319 0.9889772 0.1334311 0.9887146 0.1329877 0.9893094 0.1333315 0.9896908 0.1339319 0.9889772 0.1334311 0.9887146 0.1333315 0.9896908 0.1329877 0.9893094 0.1332064 0.990368 0.1333315 0.9896908 0.1332064 0.990368 0.133845 0.9907191 0.1339458 0.9903292 0.1333315 0.9896908 0.1332064 0.990368 0.1339458 0.9903292 0.1346476 0.9893256 0.1346538 0.9899055 0.1351017 0.9895223 0.9959958 0.9099025 0.9969853 0.9099526 0.9970036 0.9106411 0.9960082 0.9829769 0.9969971 0.9830369 0.9969846 0.9823485 0.9905652 0.4866385 0.9902797 0.4876133 0.9901719 0.4860925 0.9902797 0.4876133 0.9897021 0.4878615 0.9901719 0.4860925 0.9897021 0.4878615 0.9887465 0.4873674 0.9886422 0.486662 0.9886422 0.486662 0.9893447 0.4859495 0.9901719 0.4860925 4.51767e-4 0.9893435 0.001006722 0.9889346 9.0611e-4 0.9885447 0.002160251 0.989735 0.001974344 0.9890154 0.001727819 0.9896994 0.001974344 0.9890154 0.001014769 0.9885329 0.001727819 0.9896994 4.51767e-4 0.9893435 9.0611e-4 0.9885447 7.56571e-5 0.9892213 4.59789e-4 0.9899348 4.51767e-4 0.9893435 7.56571e-5 0.9892213 0.00155735 0.9906276 0.002160251 0.989735 0.001727819 0.9896994 0.00155735 0.9906276 0.001727819 0.9896994 0.001263082 0.9903135 4.59789e-4 0.9899348 7.56571e-5 0.9892213 4.93013e-4 0.990556 0.00155735 0.9906276 0.001263082 0.9903135 4.93013e-4 0.990556 0.9959957 0.907498 0.9969851 0.9075482 0.9970035 0.9082367 0.9959959 0.9734194 0.9960083 0.9741078 0.9969972 0.9741679 0.9901719 0.4880342 0.9905304 0.4891997 0.9898723 0.4897737 0.9898723 0.4897737 0.9888294 0.4894304 0.9891826 0.4879493 0.9888294 0.4894304 0.9886866 0.4884651 0.9891826 0.4879493 0.9971215 0.09898847 0.9981091 0.09906643 0.9981091 0.09829181 0.1395066 0.9900498 0.1403387 0.9907192 0.1399416 0.9900308 0.1403387 0.9907192 0.1404395 0.9903293 0.1399416 0.9900308 0.141501 0.9891598 0.1409913 0.9886357 0.1411412 0.9893257 0.1409913 0.9886357 0.1399248 0.9887147 0.1406964 0.9889513 0.1410958 0.9900035 0.1404941 0.9905504 0.141409 0.9902418 0.1411412 0.9893257 0.1410958 0.9900035 0.141501 0.9891598 0.1410958 0.9900035 0.141409 0.9902418 0.141501 0.9891598 0.1395066 0.9900498 0.1399416 0.9900308 0.1398915 0.989335 0.1399248 0.9887147 0.1395066 0.9900498 0.1398915 0.989335 0.1399248 0.9887147 0.1398915 0.989335 0.1406964 0.9889513 0.9959957 0.9758382 0.9960082 0.9765266 0.9969971 0.9765866 0.996015 0.8942632 0.9959957 0.893575 0.9969851 0.8936251 0.01840752 0.9909159 0.01863038 0.9911496 0.01823848 0.9914852 0.5283244 0.9961441 0.5282765 0.9967026 0.5293222 0.9965139 0.5282765 0.9967026 0.5288224 0.9970238 0.5293222 0.9965139 0.9969851 0.8902707 0.9970045 0.890959 0.9960151 0.8909088 0.02139014 0.9921322 0.02065449 0.992658 0.02100419 0.9921819 0.02065449 0.992658 0.01994127 0.9923937 0.0202291 0.9922516 0.02100419 0.9921819 0.02065449 0.992658 0.0202291 0.9922516 0.01994127 0.9923937 0.01999163 0.9915863 0.0202291 0.9922516 0.02100419 0.9921819 0.02116894 0.9916322 0.02139014 0.9921322 0.02065443 0.9908333 0.0214163 0.9914578 0.02116894 0.9916322 0.02065443 0.9908333 0.02116894 0.9916322 0.02054363 0.9911665 0.01999163 0.9915863 0.01994127 0.9923937 0.01984059 0.9912209 0.02065443 0.9908333 0.02054363 0.9911665 0.01984059 0.9912209 0.2454186 0.9889311 0.2449145 0.9892189 0.244624 0.98894 0.2456151 0.9885424 0.2463905 0.9890313 0.2454186 0.9889311 0.2463905 0.9890313 0.2465731 0.9897485 0.2461552 0.9894468 0.2445158 0.9901071 0.244695 0.9891582 0.244877 0.9899507 0.2445158 0.9901071 0.244877 0.9899507 0.2457849 0.9906851 0.244877 0.9899507 0.2457654 0.9902257 0.2457849 0.9906851 0.2454186 0.9889311 0.244624 0.98894 0.2456151 0.9885424 0.2461552 0.9894468 0.2454186 0.9889311 0.2463905 0.9890313 0.2457849 0.9906851 0.2457654 0.9902257 0.2465731 0.9897485 0.3013134 0.9959069 0.3013134 0.9970536 0.3006188 0.9970536 0.9969851 0.903541 0.9970035 0.9042295 0.996014 0.9041793 0.9969846 0.9886906 0.9959958 0.9886305 0.9960082 0.9893189 0.7563156 0.9877325 0.756218 0.9865772 0.7562245 0.9870138 0.7559113 0.9878566 0.7547337 0.9878346 0.7553228 0.9882908 0.7563156 0.9877325 0.7562245 0.9870138 0.7559113 0.9878566 0.2974853 0.9959069 0.2974854 0.9970536 0.29818 0.9970536 0.04361736 0.9894852 0.04413199 0.9887409 0.04323542 0.989394 0.04323542 0.989394 0.04342246 0.99029 0.04361736 0.9894852 0.04342246 0.99029 0.04421645 0.9907343 0.0440973 0.9902666 0.04421645 0.9907343 0.04492127 0.9905313 0.0440973 0.9902666 0.04492127 0.9905313 0.04536968 0.9897294 0.04492187 0.9897958 0.0440973 0.9902666 0.04492127 0.9905313 0.04492187 0.9897958 0.04536968 0.9897294 0.04476076 0.9886395 0.04492187 0.9897958 0.04476076 0.9886395 0.04421645 0.9885329 0.04436445 0.9889535 0.04492187 0.9897958 0.04476076 0.9886395 0.04436445 0.9889535 0.9969851 0.886265 0.9970045 0.8869533 0.9960151 0.8869031 0.9922139 0.987917 0.9913581 0.9877322 0.9916107 0.9873035 0.9922139 0.987917 0.9923382 0.9875631 0.9925214 0.9885776 0.9917715 0.9890927 0.9911663 0.9889338 0.9918566 0.9887436 0.9911663 0.9889338 0.9907787 0.9881199 0.9911319 0.9884539 0.9907787 0.9881199 0.991043 0.9875631 0.9913581 0.9877322 0.991043 0.9875631 0.9916107 0.9873035 0.9913581 0.9877322 0.9922139 0.987917 0.9925214 0.9885776 0.9918566 0.9887436 0.9925214 0.9885776 0.9917715 0.9890927 0.9918566 0.9887436 0.9907787 0.9881199 0.9913581 0.9877322 0.9911319 0.9884539 0.9969847 0.9750919 0.9959958 0.9750318 0.9960083 0.9757202 0.2165234 0.9970538 0.2165233 0.995907 0.2173049 0.995907 0.9970035 0.9090381 0.9960141 0.9089879 0.9959957 0.9082995 0.9960083 0.9797517 0.9969972 0.9798118 0.9969847 0.9791234 0.2982687 0.9970537 0.2989634 0.9970537 0.2989633 0.995907 0.9891954 0.483891 0.9902409 0.4837062 0.9905651 0.4827557 0.9905651 0.4827557 0.9898583 0.4820666 0.9891954 0.483891 0.9898583 0.4820666 0.9890536 0.482196 0.9891954 0.483891 0.3132472 0.9970536 0.3125525 0.9970536 0.3125525 0.9959069 0.9981219 0.008065879 0.9981105 0.007377207 0.9971216 0.007317185 0.9960151 0.881295 0.9959957 0.8806068 0.9969851 0.8806569 0.5215595 0.9967865 0.5211572 0.9970237 0.5207207 0.996862 0.5207207 0.996862 0.5206112 0.9962288 0.5215595 0.9967865 0.02218228 0.9891752 0.02256989 0.9889439 0.02252292 0.9885459 0.02252292 0.9885459 0.02170377 0.9892163 0.02218228 0.9891752 0.02170377 0.9892163 0.02166962 0.989951 0.02204489 0.9898353 0.02218228 0.9891752 0.02170377 0.9892163 0.02204489 0.9898353 0.02166962 0.989951 0.02226936 0.9906431 0.02204489 0.9898353 0.02226936 0.9906431 0.02300018 0.9906955 0.02277004 0.990334 0.02300018 0.9906955 0.02375149 0.9899169 0.02339166 0.9897072 0.02375149 0.9899169 0.02368837 0.9891725 0.02339166 0.9897072 0.02368837 0.9891725 0.02263039 0.9885329 0.02320849 0.9891524 0.02263039 0.9885329 0.0226773 0.9889308 0.02320849 0.9891524 0.02368837 0.9891725 0.02320849 0.9891524 0.02339166 0.9897072 0.02277004 0.990334 0.02204489 0.9898353 0.02226936 0.9906431 0.3014021 0.9970536 0.3014021 0.9959069 0.3020967 0.9959069 0.9970035 0.9098396 0.996014 0.9097894 0.9959957 0.9091009 0.3028801 0.9970536 0.3028801 0.9959069 0.3021854 0.9959069 0.9889371 0.4978173 0.9898583 0.4975986 0.989529 0.4995106 0.9898583 0.4975986 0.9904171 0.4979809 0.989529 0.4995106 0.9904171 0.4979809 0.9905302 0.4989071 0.989529 0.4995106 0.1317813 0.9903292 0.1316805 0.9907191 0.1312068 0.9896699 0.1316805 0.9907191 0.1307726 0.9896826 0.1312068 0.9896699 0.1307726 0.9896826 0.1309946 0.9889737 0.1312068 0.9896699 0.1309946 0.9889737 0.1317914 0.9885327 0.1318004 0.988932 0.1328427 0.9900761 0.1317895 0.9907302 0.1325252 0.9898006 0.1328427 0.9900761 0.1325252 0.9898006 0.1328428 0.9891597 0.1325252 0.9898006 0.1324231 0.989221 0.1328428 0.9891597 0.1318004 0.988932 0.1312068 0.9896699 0.1309946 0.9889737 0.1328428 0.9891597 0.1324231 0.989221 0.1317914 0.9885327 0.3140305 0.995907 0.3140305 0.9970537 0.3133358 0.9970537 0.0277943 0.9888603 0.02694749 0.9885327 0.02743768 0.9890718 0.02694749 0.9885327 0.0269944 0.9889307 0.02743768 0.9890718 0.02676326 0.9907045 0.02749186 0.9906282 0.02682846 0.9902665 0.02749186 0.9906282 0.02810078 0.989539 0.02764779 0.9898144 0.02684015 0.9885458 0.0262131 0.9889011 0.02688699 0.9889438 0.0262131 0.9889011 0.02594864 0.9897646 0.02634859 0.9894852 0.02634859 0.9894852 0.02688699 0.9889438 0.0262131 0.9889011 0.02810078 0.989539 0.0277943 0.9888603 0.02743768 0.9890718 0.02810078 0.989539 0.02743768 0.9890718 0.02764779 0.9898144 0.02634859 0.9894852 0.02594864 0.9897646 0.02682846 0.9902665 0.02594864 0.9897646 0.02676326 0.9907045 0.02682846 0.9902665 0.4838396 0.9880469 0.484404 0.9877077 0.4835315 0.9883276 0.4835315 0.9883276 0.4825986 0.9876549 0.4829524 0.9878754 0.1454249 0.9900034 0.1448368 0.9904977 0.1458927 0.9898973 0.1438106 0.9893094 0.1440292 0.990368 0.1441733 0.9898107 0.1440292 0.990368 0.1446678 0.9907191 0.1447687 0.9903292 0.1441733 0.9898107 0.1440292 0.990368 0.1447687 0.9903292 0.1454249 0.9900034 0.1458927 0.9898973 0.1453447 0.9891751 0.1458927 0.9898973 0.14583 0.9891598 0.1453447 0.9891751 0.1445947 0.9885626 0.1438106 0.9893094 0.1444522 0.9890574 0.1438106 0.9893094 0.1441733 0.9898107 0.1444522 0.9890574 0.1444522 0.9890574 0.1453447 0.9891751 0.1445947 0.9885626 0.30053 0.995907 0.2998354 0.995907 0.2998354 0.9970537 0.9904173 0.5135126 0.9893447 0.5131303 0.9897021 0.5150423 0.9893447 0.5131303 0.9887517 0.5135738 0.9897021 0.5150423 0.9887517 0.5135738 0.9886828 0.5144162 0.9897021 0.5150423 0.1977294 0.9896918 0.1982285 0.9903033 0.1980634 0.9906706 0.1973339 0.9896839 0.1975564 0.9889759 0.1977294 0.9896918 0.1975564 0.9889759 0.1983553 0.9885327 0.1981313 0.9889964 0.1983553 0.9885327 0.1990582 0.9887272 0.1989878 0.9892153 0.1990582 0.9887272 0.199504 0.9897029 0.1989878 0.9892153 0.199504 0.9897029 0.1987234 0.9906768 0.1987597 0.9902321 0.1987234 0.9906768 0.1981689 0.9907 0.198338 0.9903239 0.1987597 0.9902321 0.1987234 0.9906768 0.198338 0.9903239 0.1977294 0.9896918 0.1980634 0.9906706 0.1973339 0.9896839 0.1981313 0.9889964 0.1977294 0.9896918 0.1975564 0.9889759 0.199504 0.9897029 0.1987597 0.9902321 0.1991115 0.9896729 0.199504 0.9897029 0.1991115 0.9896729 0.1989878 0.9892153 0.9959958 0.9862116 0.9960083 0.9869 0.9969971 0.9869601 0.3171639 0.995907 0.317164 0.9970538 0.3178586 0.9970538 0.9905964 0.5159282 0.9901717 0.5152148 0.9891954 0.5168962 0.9901717 0.5152148 0.9893446 0.5150718 0.9891954 0.5168962 0.9893446 0.5150718 0.9886183 0.5160737 0.9891954 0.5168962 0.9854021 0.9868629 0.9847437 0.9861969 0.9856632 0.9865241 0.9837645 0.98673 0.984595 0.9860534 0.9841987 0.986746 0.984595 0.9860534 0.9846956 0.9864434 0.9841987 0.986746 0.9854021 0.9868629 0.9856632 0.9865241 0.9856635 0.9877716 0.9852592 0.9876422 0.9854021 0.9868629 0.9856635 0.9877716 0.9838108 0.9876471 0.9837645 0.98673 0.9842095 0.9875488 0.9837645 0.98673 0.9841987 0.986746 0.9842095 0.9875488 0.9852592 0.9876422 0.9856635 0.9877716 0.9848911 0.9882396 0.9838108 0.9876471 0.9842095 0.9875488 0.9847145 0.9878433 0.9847145 0.9878433 0.9852592 0.9876422 0.9848911 0.9882396 0.5468421 0.9877817 0.5470564 0.9871953 0.5471332 0.9877545 0.5470564 0.9871953 0.5471332 0.9866421 0.5471332 0.9877545 0.210789 0.9970538 0.2115706 0.9970538 0.2115705 0.995907 0.9911732 0.9814415 0.9910081 0.981634 0.9907787 0.9811192 0.9916338 0.9816876 0.9924485 0.9812921 0.9917715 0.9819356 0.9917715 0.9819356 0.9910081 0.981634 0.9916338 0.9816876 0.9781138 0.9927433 0.64966 0.992747 0.6673167 0.9943987 0.9969847 0.9815424 0.9959958 0.9814823 0.9960083 0.9821707 0.9981219 0.01451855 0.9981104 0.01382994 0.9971215 0.01376992 0.2973967 0.9970536 0.2973966 0.995907 0.296702 0.995907 0.9970037 0.9146484 0.9960142 0.9145982 0.9959959 0.9139097 0.9971219 0.8436505 0.9971279 0.5737679 0.9980676 0.5748811 0.9971215 0.1566299 0.9971215 0.1558552 0.9981091 0.1559332 0.4436417 0.7891663 0.4423291 0.7885822 0.4428778 0.7880207 0.4425499 0.7873051 0.4417139 0.7875024 0.4437625 0.7865183 0.4417139 0.7875024 0.4384137 0.7877994 0.4378269 0.7872391 0.4436417 0.7891663 0.4428778 0.7880207 0.4437625 0.7865183 0.4428778 0.7880207 0.4425499 0.7873051 0.4437625 0.7865183 0.4378269 0.7872391 0.4318592 0.7864924 0.4437625 0.7865183 0.4113562 0.9446086 0.411356 0.937175 0.436316 0.9371505 0.07527488 0.9898795 0.07614928 0.9907199 0.07574129 0.9900003 0.07614928 0.9907199 0.07619625 0.990322 0.07574129 0.9900003 0.07607233 0.9885638 0.07536423 0.9891456 0.07585424 0.9891287 0.07536423 0.9891456 0.07527488 0.9898795 0.07574129 0.9900003 0.07585424 0.9891287 0.07536423 0.9891456 0.07574129 0.9900003 0.07741117 0.9895276 0.07680171 0.9886344 0.07689446 0.9892192 0.07680171 0.9886344 0.07607233 0.9885638 0.07627832 0.9889317 0.07689446 0.9892192 0.07680171 0.9886344 0.07627832 0.9889317 0.07625681 0.9907322 0.07710433 0.9903982 0.07630378 0.9903342 0.07710433 0.9903982 0.07741117 0.9895276 0.07683557 0.9901086 0.07683557 0.9901086 0.07630378 0.9903342 0.07710433 0.9903982 0.07689446 0.9892192 0.07683557 0.9901086 0.07741117 0.9895276 0.6055005 0.9979575 0.6052277 0.9979769 0.9932308 0.7222012 0.02721816 0.9924963 0.02684873 0.9918846 0.02727425 0.9922142 0.02684873 0.9918846 0.02712321 0.9916425 0.02727425 0.9922142 0.02806818 0.9922657 0.02850896 0.9916247 0.02836829 0.9923928 0.02721816 0.9924963 0.02727425 0.9922142 0.02806818 0.9922657 0.02712321 0.9916425 0.02684873 0.9918846 0.02721816 0.9909958 0.02796566 0.9908609 0.02850896 0.9916247 0.0276767 0.9910862 0.0276767 0.9910862 0.02712321 0.9916425 0.02721816 0.9909958 0.9312828 0.9970141 0.4817419 0.9970219 0.4817057 0.995931 0.7823712 0.8987251 0.7083637 0.9111605 0.4016912 0.9977276 0.2513085 0.9989167 0.251321 0.9993923 0.2509298 0.9993788 0.4339789 0.9371505 0.4339783 0.9445987 0.4033256 0.9446114 0.3780195 0.9927431 0.3780195 0.9943981 0.3766419 0.9944201 0.1991461 0.9970536 0.1991461 0.995907 0.1983644 0.995907 0.8370445 0.9971452 0.8373176 0.9971297 0.9251767 0.8802834 0.9971215 0.1453686 0.9981092 0.1454467 0.9981092 0.1462213 0.992207 0.9643532 0.9926036 0.9650159 0.9922211 0.9652593 0.9926036 0.9650159 0.9923391 0.9655726 0.9922211 0.9652593 0.9923391 0.9655726 0.9911544 0.965628 0.9913581 0.9654729 0.1459244 0.9896826 0.1461465 0.9889736 0.1463428 0.9894493 0.1461465 0.9889736 0.1469432 0.9885327 0.1469555 0.9889736 0.1477846 0.9903894 0.1469413 0.9907302 0.1470445 0.9903309 0.1477846 0.9903894 0.1470445 0.9903309 0.1475234 0.9900921 0.1464353 0.9900307 0.1469331 0.9903292 0.1468323 0.9907191 0.1464353 0.9900307 0.1468323 0.9907191 0.1459244 0.9896826 0.147903 0.9889967 0.1477846 0.9903894 0.1476349 0.9893256 0.1477846 0.9903894 0.1475234 0.9900921 0.1476349 0.9893256 0.1463428 0.9894493 0.1464353 0.9900307 0.1459244 0.9896826 0.147903 0.9889967 0.1476349 0.9893256 0.1469555 0.9889736 0.1469555 0.9889736 0.1463428 0.9894493 0.1461465 0.9889736 0.9927281 0.1574725 0.9907786 0.1574701 0.9907786 0.1563763 0.9981218 0.00403285 0.9981104 0.003344297 0.9971215 0.003284156 0.3117691 0.9970536 0.3124638 0.9970536 0.3124638 0.995907 0.9291192 0.2067419 0.9373947 0.206752 0.9373947 0.2083927 0.9971215 0.1482287 0.9981092 0.1483066 0.9981092 0.1490813 0.9586535 0.7633564 0.9323207 0.8590387 0.5204932 0.9971408 0.5434524 0.9877821 0.5432142 0.987016 0.5431604 0.9877295 0.5441535 0.9883258 0.5451526 0.9877508 0.5447245 0.9878732 0.5434524 0.9877821 0.5431604 0.9877295 0.5441535 0.9883258 0.01301711 0.9921562 0.01367509 0.9923049 0.0130397 0.992576 0.01367509 0.9923049 0.01393443 0.9924955 0.0130397 0.992576 0.01256501 0.9915927 0.01287066 0.9914852 0.01301711 0.9921562 0.9971214 0.1251277 0.9971214 0.1243528 0.9981092 0.1244293 0.9971215 0.1056903 0.9981092 0.1057683 0.9981092 0.1049936 0.9971215 0.09379857 0.9981092 0.09387505 0.9981092 0.09310013 0.9981092 0.1213918 0.9971215 0.1213154 0.9971215 0.1205404 0.9981092 0.1038535 0.9981092 0.1030788 0.9971216 0.1030008 0.9981094 0.08046972 0.9981094 0.0796948 0.9971215 0.07961833 0.2144377 0.9970536 0.2144377 0.9959069 0.2136561 0.9959069 0.245751 0.9989087 0.3992962 0.9979967 0.3996911 0.9979976 0.9971215 0.1386954 0.9981091 0.1387734 0.9981091 0.139548 0.2146118 0.9970536 0.2146118 0.9959069 0.2153934 0.9959069 0.2174791 0.9959069 0.2182606 0.9959069 0.2182607 0.9970536 0.9981092 0.1271104 0.9971214 0.1270339 0.9971214 0.126259 0.9916189 0.9673327 0.9923093 0.9668002 0.9919289 0.9675941 0.9923093 0.9668002 0.9925215 0.9671062 0.9919289 0.9675941 0.9919289 0.9675941 0.9913048 0.9675406 0.9916189 0.9673327 0.2060104 0.9970536 0.2060104 0.9959069 0.2067919 0.9959069 0.9981092 0.08908742 0.9981092 0.0883125 0.9971215 0.08823603 0.2079218 0.9970536 0.2087033 0.9970536 0.2087033 0.995907 0.9971214 0.1357899 0.9981092 0.1358664 0.9981092 0.1366413 0.9971215 0.152042 0.9981092 0.1521199 0.9981092 0.1528946 0.1993201 0.9970536 0.1993201 0.9959069 0.2001018 0.9959069 0.2117447 0.9970536 0.2125263 0.9970536 0.2125263 0.995907 0.9971216 0.1009033 0.9981092 0.1009812 0.9981092 0.1002066 0.05185258 0.9915301 0.05159622 0.9915058 0.051373 0.9909153 0.05159622 0.9915058 0.05105 0.9910861 0.051373 0.9909153 0.05159622 0.9915058 0.05185258 0.9915301 0.05158174 0.992025 0.05185258 0.9915301 0.05162847 0.9923928 0.05158174 0.992025 0.05047833 0.9924962 0.05024158 0.9919516 0.05093681 0.9924052 0.05162847 0.9923928 0.05047833 0.9924962 0.05093681 0.9924052 0.9981092 0.1416333 0.9981092 0.142408 0.9971216 0.1423301 0.9971215 0.09475606 0.9981094 0.09483253 0.9981094 0.09405767 0.9981092 0.1153423 0.9981092 0.1145676 0.9971215 0.1144897 0.05467736 0.9911305 0.05394488 0.9917321 0.05393689 0.9910986 0.05394488 0.9917321 0.0537045 0.9917989 0.05393689 0.9910986 0.05393689 0.9910986 0.05465018 0.9908334 0.05467736 0.9911305 0.05465018 0.9908334 0.05520695 0.9910978 0.05467736 0.9911305 0.05519896 0.991574 0.05520695 0.9910978 0.05538582 0.9921323 0.05538582 0.9921323 0.05495142 0.9925755 0.05494427 0.9922878 0.05495142 0.9925755 0.05419242 0.9925761 0.05440396 0.9923854 0.05494427 0.9922878 0.05495142 0.9925755 0.05440396 0.9923854 0.05419242 0.9925761 0.0537045 0.9917989 0.05394488 0.9917321 0.05419242 0.9925761 0.05394488 0.9917321 0.05440396 0.9923854 0.9971215 0.146322 0.9981091 0.1464 0.9981091 0.1471747 0.9971215 0.1317993 0.9971215 0.1310244 0.9981094 0.1311009 0.1888073 0.9970537 0.1888073 0.995907 0.1895888 0.995907 0.9981092 0.1328289 0.9971215 0.1327524 0.9971215 0.1319774 0.9971215 0.1018607 0.9981092 0.1019386 0.9981092 0.101164 0.9971216 0.1085625 0.9981092 0.1086405 0.9981092 0.1078658 0.5051618 0.9291248 0.5051541 0.9365888 0.5126023 0.9365887 0.1368183 0.9899055 0.1361586 0.990575 0.13708 0.9902418 0.13708 0.9902418 0.1372662 0.9895223 0.1368183 0.9899055 0.1372662 0.9895223 0.1366622 0.9886357 0.1368121 0.9893257 0.1351775 0.9900498 0.1360096 0.9907191 0.1361104 0.9903293 0.1351775 0.9900498 0.1361104 0.9903293 0.1355504 0.989781 0.1368121 0.9893257 0.1368183 0.9899055 0.1372662 0.9895223 0.1351775 0.9900498 0.1355504 0.989781 0.1355957 0.9887147 0.1355504 0.989781 0.1361135 0.9889757 0.1355957 0.9887147 0.1361135 0.9889757 0.1368121 0.9893257 0.1366622 0.9886357 0.9981092 0.1076831 0.9981092 0.1069084 0.9971215 0.1068305 0.9959958 0.8986833 0.9969853 0.8987334 0.9970036 0.8994219 0.006855726 0.9916003 0.006004512 0.9911821 0.006997883 0.9912199 0.006004512 0.9911821 0.005947649 0.9909213 0.006997883 0.9912199 0.9927281 0.1563763 0.9907786 0.1563739 0.9907786 0.1552799 0.2021874 0.995907 0.202969 0.995907 0.202969 0.9970538 0.9969846 0.9799297 0.9959957 0.9798696 0.9960081 0.980558 0.8389497 0.9971013 0.8971786 0.9927534 0.8974543 0.9927431 0.2031432 0.9970538 0.2031431 0.995907 0.2039247 0.995907 0.9927282 0.1597453 0.9907786 0.1597429 0.9907786 0.1586494 0.6925832 0.972145 0.8641009 0.9721204 0.8696697 0.9680652 0.2213019 0.995907 0.221302 0.9970537 0.2220835 0.9970537 0.9744998 0.9970098 0.9747462 0.9959065 0.5397996 0.995909 0.7057535 0.9680752 0.7045517 0.9721412 0.8673642 0.9721194 0.4206741 0.78847 0.4215493 0.7884311 0.4195746 0.7890954 0.4215493 0.7884311 0.4234713 0.7925001 0.4195746 0.7890954 0.4196807 0.7864947 0.4251695 0.7873729 0.4213367 0.7873011 0.4196807 0.7864947 0.4213367 0.7873011 0.4207707 0.7873443 0.4196807 0.7864947 0.4207707 0.7873443 0.4204428 0.7880625 0.4204428 0.7880625 0.4206741 0.78847 0.4195746 0.7890954 0.01287066 0.9914852 0.01256501 0.9915927 0.01334095 0.9908334 0.01423442 0.9914426 0.01393443 0.9924955 0.01402229 0.9916915 0.01393443 0.9924955 0.01367509 0.9923049 0.01402229 0.9916915 0.01348578 0.9911693 0.01287066 0.9914852 0.01334095 0.9908334 0.01423442 0.9914426 0.01402229 0.9916915 0.01348578 0.9911693 0.9962649 0.5498661 0.997022 0.4140972 0.999421 0.6338866 0.9971215 0.1260808 0.9971215 0.1253059 0.9981092 0.1253824 0.9960151 0.8828975 0.9959957 0.8822093 0.9969851 0.8822594 0.998066 0.8509702 0.9971213 0.8541951 0.9971243 0.5266594 0.2872131 0.9959069 0.2865184 0.9959069 0.2865185 0.9970536 0.3728196 0.9927431 0.3742006 0.9927651 0.3742006 0.9944201 0.9959957 0.9845989 0.9960081 0.9852873 0.996997 0.9853474 0.5336858 0.9966101 0.5333731 0.9959878 0.53266 0.9963141 0.998066 0.8568592 0.9980762 0.4594033 0.9971398 0.4594033 0.5428691 0.9866089 0.5430834 0.9871951 0.5431602 0.986642 0.8522753 0.446031 0.8522753 0.4443761 0.8688269 0.4443758 0.2232134 0.9970537 0.2232134 0.995907 0.223995 0.995907 0.9913581 0.9654729 0.9911544 0.965628 0.9908064 0.9647052 0.5471332 0.9866421 0.5470564 0.9871953 0.5468421 0.986609 0.483982 0.9864005 0.4844602 0.9867224 0.4835315 0.9860415 0.4825546 0.9865987 0.4825986 0.9876549 0.4829524 0.9864767 0.4829524 0.9864767 0.483982 0.9864005 0.4835315 0.9860415 0.2927852 0.9970536 0.2934799 0.9970536 0.2934799 0.9959069 0.1006387 0.9901084 0.1001069 0.9903341 0.1009075 0.9903981 0.1001069 0.9903341 0.1000599 0.990732 0.1009075 0.9903981 0.1009075 0.9903981 0.1012143 0.9895274 0.1006387 0.9901084 0.09905368 0.9896952 0.0999754 0.990525 0.0994457 0.9896699 0.09905368 0.9896952 0.0994457 0.9896699 0.09969872 0.9886265 0.0994457 0.9896699 0.09988749 0.9890217 0.09969872 0.9886265 0.1006976 0.989219 0.1006387 0.9901084 0.1012143 0.9895274 0.1006976 0.989219 0.1012143 0.9895274 0.1004302 0.9885684 0.09969872 0.9886265 0.09988749 0.9890217 0.1004302 0.9885684 0.08547818 0.9901084 0.08494645 0.9903342 0.085747 0.9903981 0.08494645 0.9903342 0.08489948 0.9907321 0.085747 0.9903981 0.085747 0.9903981 0.08605384 0.9895275 0.08547818 0.9901084 0.08605384 0.9895275 0.08544433 0.9886343 0.08553713 0.9892191 0.08544433 0.9886343 0.08471494 0.9885638 0.084921 0.9889315 0.08553713 0.9892191 0.08544433 0.9886343 0.084921 0.9889315 0.08389961 0.9895092 0.08416438 0.9903698 0.08438396 0.9900002 0.08416438 0.9903698 0.08479195 0.9907198 0.08483892 0.9903219 0.08438396 0.9900002 0.08416438 0.9903698 0.08483892 0.9903219 0.08553713 0.9892191 0.08547818 0.9901084 0.08605384 0.9895275 0.08389961 0.9895092 0.08438396 0.9900002 0.08449691 0.9891286 0.08471494 0.9885638 0.08389961 0.9895092 0.08449691 0.9891286 0.9971328 0.0104255 0.9981217 0.01048558 0.9981103 0.009797036 0.9898722 0.4917148 0.9888293 0.4913716 0.9901718 0.4899754 0.9888293 0.4913716 0.9886865 0.4904063 0.9895148 0.4898028 0.9901718 0.4899754 0.9888293 0.4913716 0.9895148 0.4898028 0.9981219 0.009679079 0.9981104 0.008990466 0.9971215 0.008930385 0.2303292 0.9869 0.2284269 0.9868578 0.2185758 0.9906972 0.522144 0.9959421 0.5227025 0.9962282 0.5216568 0.9964169 0.5227025 0.9962282 0.5226546 0.9967865 0.5216568 0.9964169 0.02388042 0.9923459 0.0247007 0.9920232 0.02423304 0.992658 0.0247007 0.9920232 0.0249378 0.9921312 0.02423304 0.992658 0.02341914 0.9922716 0.02352672 0.9912431 0.02350807 0.9918038 0.02341914 0.9922716 0.02350807 0.9918038 0.02388042 0.9923459 0.9981092 0.08142727 0.9981092 0.08065235 0.9971214 0.08057582 0.9959958 0.9026893 0.9969853 0.9027395 0.9970037 0.9034279 0.8654226 0.9071707 0.8152973 0.9217619 0.9828088 0.9992946 0.9959957 0.3402655 0.9638792 0.9959069 0.9638792 0.9970005 0.9969852 0.892824 0.9970046 0.8935123 0.9960151 0.8934621 0.9932313 0.6617341 0.9931743 0.6860299 0.5306628 0.997141 0.0476405 0.9911948 0.04714107 0.9909061 0.04804992 0.9910976 0.04830962 0.9918249 0.04764735 0.9926302 0.04799962 0.991905 0.04799962 0.991905 0.0476405 0.9911948 0.04804992 0.9910976 0.4020892 0.9971277 0.402086 0.9977341 0.4016912 0.9977276 0.3062857 0.995907 0.3069803 0.995907 0.3069804 0.9970537 0.5233473 0.9970237 0.5237748 0.9966717 0.5235037 0.9959811 0.5235037 0.9959811 0.5228492 0.9961441 0.5233473 0.9970237 0.9971215 0.002477586 0.997133 0.003166258 0.9981219 0.00322628 0.5385828 0.9959068 0.5390807 0.9961437 0.5390802 0.9967867 0.5390802 0.9967867 0.5386778 0.9970236 0.5385828 0.9959068 0.7262436 0.999534 0.782511 0.9966165 0.7852316 0.9965278 0.08012807 0.9920439 0.07991141 0.991244 0.0803579 0.9912203 0.9724402 0.9868629 0.9717818 0.9861968 0.9727013 0.9865241 0.9727013 0.9865241 0.9728872 0.9872437 0.9724402 0.9868629 0.9728872 0.9872437 0.9722843 0.9881364 0.9722058 0.9877202 0.9724402 0.9868629 0.9728872 0.9872437 0.9722058 0.9877202 0.9722843 0.9881364 0.9712199 0.9880648 0.9722058 0.9877202 0.9712199 0.9880648 0.9707775 0.987472 0.9713682 0.987626 0.9707775 0.987472 0.9709957 0.9864098 0.9711787 0.9868522 0.9709957 0.9864098 0.971633 0.9860534 0.9717336 0.9864434 0.9711787 0.9868522 0.9709957 0.9864098 0.9717336 0.9864434 0.9707775 0.987472 0.9711787 0.9868522 0.9713682 0.987626 0.4781759 0.9879433 0.4776701 0.9883276 0.478647 0.9877703 0.478647 0.9877703 0.4785257 0.9866191 0.4785574 0.987356 0.4766932 0.9877418 0.4772824 0.9879992 0.4767692 0.9871714 0.4772197 0.9863873 0.4785257 0.9866191 0.4776701 0.9860414 0.4766932 0.9865987 0.4766932 0.9877418 0.4767692 0.9871714 0.4772197 0.9863873 0.4776701 0.9860414 0.4766932 0.9865987 0.9981219 0.008872449 0.9981105 0.008183836 0.9971216 0.008123755 0.9905747 0.5045929 0.990163 0.5051762 0.9893584 0.5053055 0.9893584 0.5053055 0.9888291 0.5049623 0.9893445 0.503423 0.9888291 0.5049623 0.9886864 0.503997 0.9893445 0.503423 0.9893445 0.503423 0.9904171 0.5038053 0.9893584 0.5053055 0.9550626 0.9970008 0.9550626 0.9959069 0.9959957 0.3449481 0.144488 0.4555995 0.1444867 0.3915379 0.1461417 0.3915379 0.466043 0.8086993 0.4659613 0.8094074 0.46272 0.8090266 0.4619796 0.80848 0.4614462 0.8091033 0.4582188 0.8088296 0.466043 0.8086993 0.46272 0.8090266 0.4642152 0.8046212 0.46272 0.8090266 0.4619796 0.80848 0.4642152 0.8046212 0.4668624 0.8085684 0.466043 0.8086993 0.4642152 0.8046212 0.4619796 0.80848 0.4582188 0.8088296 0.4577504 0.8084973 0.4679825 0.8106283 0.4666521 0.8098005 0.4672272 0.8092574 0.4621397 0.7885864 0.4641947 0.7924882 0.4578644 0.788587 0.4641947 0.7924882 0.4642152 0.8046212 0.4577504 0.8084973 0.4578644 0.788587 0.4641947 0.7924882 0.4574016 0.7885888 0.4583054 0.7878907 0.461431 0.7879245 0.4578644 0.788587 0.461431 0.7879245 0.4621397 0.7885864 0.4578644 0.788587 0.4574016 0.7885888 0.4641947 0.7924882 0.4577504 0.8084973 0.4680954 0.8079851 0.4679825 0.8106283 0.4672272 0.8092574 0.4680954 0.8079851 0.4672272 0.8092574 0.4668624 0.8085684 0.4569566 0.7879427 0.4574016 0.7885888 0.4571148 0.8087357 0.4642152 0.8046212 0.4680954 0.8079851 0.4668624 0.8085684 0.4574016 0.7885888 0.4577504 0.8084973 0.4571148 0.8087357 0.4642152 0.8046212 0.4619796 0.80848 0.4577504 0.8084973 0.456203 0.7864201 0.4579712 0.7873415 0.4571148 0.7874989 0.456203 0.7864201 0.4571148 0.7874989 0.4569566 0.7879427 0.4569669 0.8092992 0.4575155 0.8098563 0.4562101 0.8106754 0.4569566 0.7879427 0.4571148 0.8087357 0.456203 0.7864201 0.4571148 0.8087357 0.4569669 0.8092992 0.4562101 0.8106754 0.4619796 0.7872433 0.461431 0.7879245 0.4579712 0.7873415 0.461431 0.7879245 0.4583054 0.7878907 0.4579712 0.7873415 0.4579712 0.7873415 0.456203 0.7864201 0.4619796 0.7872433 0.456203 0.7864201 0.4679871 0.7864454 0.4619796 0.7872433 0.4619796 0.7872433 0.4679871 0.7864454 0.4624353 0.7873233 0.4679871 0.7864454 0.4662993 0.7872793 0.4624353 0.7873233 0.4624353 0.7873233 0.4662993 0.7872793 0.465895 0.788026 0.4641947 0.7924882 0.4621397 0.7885864 0.4627631 0.7880388 0.4627631 0.7880388 0.4624353 0.7873233 0.465895 0.788026 0.4663638 0.7885207 0.4670792 0.7883447 0.4681844 0.788743 0.4627631 0.7880388 0.465895 0.788026 0.4663638 0.7885207 0.4663638 0.7885207 0.4681844 0.788743 0.4641947 0.7924882 0.9969851 0.8894695 0.9970045 0.8901577 0.9960151 0.8901076 0.3077637 0.9970537 0.3070691 0.9970537 0.307069 0.995907 0.9971215 0.07847821 0.9981092 0.07855468 0.9981092 0.07777976 0.2251248 0.9970537 0.2259064 0.9970537 0.2259064 0.995907 0.3171639 0.9970536 0.3164693 0.9970536 0.3164692 0.9959069 0.9969851 0.8814581 0.9970045 0.8821463 0.9960151 0.8820962 0.9716116 0.9970098 0.9690314 0.9959068 0.5688993 0.9959103 0.2304422 0.9870428 0.2282353 0.9874117 0.2175202 0.9906972 0.954697 0.995907 0.9959965 0.344833 0.9970998 0.344833 0.9809729 0.5510123 0.9822589 0.5507876 0.9798343 0.5494002 0.9822589 0.5507876 0.9829121 0.549667 0.9798343 0.5494002 0.9829121 0.549667 0.9824659 0.5484511 0.9815083 0.5480085 0.9815083 0.5480085 0.9802812 0.5484511 0.9829121 0.549667 0.9893447 0.5111888 0.988642 0.5119013 0.9904173 0.5115711 0.988642 0.5119013 0.9887464 0.5126067 0.9893585 0.5130712 0.9904173 0.5115711 0.988642 0.5119013 0.9902796 0.5128525 0.9893585 0.5130712 0.9902796 0.5128525 0.988642 0.5119013 0.01108145 0.992007 0.01167958 0.9923236 0.01170831 0.992658 0.01076263 0.9919834 0.01089435 0.991221 0.0111342 0.991392 0.01089435 0.991221 0.01148545 0.9908453 0.01153862 0.9911378 0.0111342 0.991392 0.01089435 0.991221 0.01153862 0.9911378 0.01108145 0.992007 0.01170831 0.992658 0.01076263 0.9919834 0.01170831 0.992658 0.01167958 0.9923236 0.0124439 0.9921323 0.01167958 0.9923236 0.01221472 0.9919051 0.0124439 0.9921323 0.01212579 0.9913914 0.01153862 0.9911378 0.01226496 0.9910977 0.01153862 0.9911378 0.01148545 0.9908453 0.01226496 0.9910977 0.0124439 0.9921323 0.01221472 0.9919051 0.01212579 0.9913914 0.8355798 0.9971157 0.835646 0.997112 0.8938025 0.9931254 0.9971215 0.08518087 0.9981092 0.08525735 0.9981092 0.08448243 0.9927281 0.1586494 0.9907786 0.158647 0.9907786 0.1575534 0.2301297 0.9876685 0.2275742 0.987722 0.2282353 0.9874117 0.1286839 0.9900498 0.129516 0.9907191 0.1291944 0.9901244 0.129516 0.9907191 0.1296167 0.9903292 0.1291944 0.9901244 0.1303247 0.9899055 0.1296602 0.9905936 0.1304682 0.9903894 0.1303185 0.9893256 0.1303247 0.9899055 0.1305866 0.9889968 0.1303247 0.9899055 0.1304682 0.9903894 0.1305866 0.9889968 0.1286839 0.9900498 0.1291944 0.9901244 0.1290264 0.9894493 0.1289553 0.9888324 0.1286839 0.9900498 0.1290264 0.9894493 0.1289553 0.9888324 0.1290264 0.9894493 0.1296392 0.9889737 0.1296392 0.9889737 0.1303185 0.9893256 0.1298128 0.9885352 0.1303185 0.9893256 0.1305866 0.9889968 0.1298128 0.9885352 0.9971215 0.1529953 0.9981091 0.1530733 0.9981091 0.1538479 0.9960151 0.8877041 0.9959957 0.8870159 0.9969851 0.8870661 0.3076738 0.9723722 0.3076738 0.9761125 0.3065706 0.9760977 0.9971215 0.08709591 0.9981094 0.08717238 0.9981094 0.08639746 0.9971215 0.1375179 0.9971215 0.136743 0.9981092 0.1368195 0.04752826 0.9897293 0.04722172 0.9888602 0.04712051 0.9894673 0.04722172 0.9888602 0.04639154 0.9886729 0.04712051 0.9894673 0.0454142 0.9899508 0.04601407 0.990643 0.04620271 0.990246 0.04601407 0.990643 0.04674488 0.9906954 0.04620271 0.990246 0.04628616 0.9887036 0.04544848 0.9892162 0.04576128 0.9896006 0.04544848 0.9892162 0.0454142 0.9899508 0.04576128 0.9896006 0.04752826 0.9897293 0.04712051 0.9894673 0.04701209 0.990042 0.04620271 0.990246 0.04576128 0.9896006 0.0454142 0.9899508 0.04674488 0.9906954 0.04752826 0.9897293 0.04701209 0.990042 0.9981219 0.007259309 0.9981104 0.006570637 0.9971215 0.006510496 0.9981092 0.1067257 0.9981092 0.105951 0.9971215 0.1058731 0.9971215 0.1232215 0.9971215 0.1224467 0.9981094 0.1225231 0.01925289 0.9914127 0.01863038 0.9911496 0.01930207 0.9909951 0.01863038 0.9911496 0.01840752 0.9909159 0.01930207 0.9909951 0.01930207 0.9909951 0.01968163 0.9916653 0.01925289 0.9914127 0.01968163 0.9916653 0.01942205 0.9923928 0.01928275 0.9920994 0.01925289 0.9914127 0.01968163 0.9916653 0.01928275 0.9920994 0.01797312 0.9913592 0.01823848 0.9914852 0.01823848 0.992007 0.01827192 0.9924963 0.01797312 0.9913592 0.01823848 0.992007 0.01827192 0.9924963 0.01823848 0.992007 0.01863038 0.9923421 0.01827192 0.9924963 0.01863038 0.9923421 0.01942205 0.9923928 0.9971328 0.0120387 0.9981217 0.01209878 0.9981102 0.01141017 0.46272 0.8090266 0.4659613 0.8094074 0.4620971 0.8098065 0.4659613 0.8094074 0.4666521 0.8098005 0.4620971 0.8098065 0.4666521 0.8098005 0.4679825 0.8106283 0.4620971 0.8098065 0.4679825 0.8106283 0.4562101 0.8106754 0.4620971 0.8098065 0.4562101 0.8106754 0.4575155 0.8098563 0.4581511 0.8096179 0.4581511 0.8096179 0.4582188 0.8088296 0.4614462 0.8091033 0.4581511 0.8096179 0.4614462 0.8091033 0.4620971 0.8098065 0.06871789 0.9911063 0.06850636 0.9909158 0.06953656 0.9911598 0.8965076 0.9092193 0.8965224 0.8976442 0.8976159 0.8976442 0.7793778 0.5904797 0.7490345 0.5904412 0.7490345 0.588801 0.9971022 0.01566505 0.9970893 0.003329992 0.9959958 0.003329932 0.9971329 0.0136519 0.9981218 0.01371198 0.9981104 0.01302331 0.2193905 0.9959069 0.2193905 0.9970536 0.2201721 0.9970536 0.8433672 0.4918872 0.841812 0.4924465 0.8421364 0.4909318 0.841812 0.4924465 0.8409667 0.4917423 0.8421364 0.4909318 0.8421364 0.4909318 0.845193 0.4917474 0.8433672 0.4918872 0.1974087 0.995907 0.1981903 0.995907 0.1981904 0.9970537 0.9969851 0.8798558 0.9970045 0.880544 0.9960151 0.8804939 0.2896518 0.9970537 0.2896518 0.995907 0.2903465 0.995907 0.9959957 0.8918228 0.9969851 0.8918729 0.9970045 0.8925611 0.9911908 0.9645744 0.992207 0.9643532 0.9922211 0.9652593 0.07907354 0.9914848 0.07991141 0.991244 0.08012807 0.9920439 0.003899574 0.991766 0.004620254 0.9911853 0.005057752 0.991905 0.4619796 0.80848 0.46272 0.8090266 0.4620971 0.8098065 0.4495841 0.787326 0.4504575 0.7875376 0.4501556 0.7885238 0.006430387 0.9923851 0.005719244 0.9920659 0.006004512 0.9911821 0.07433277 0.9908334 0.07370012 0.9911807 0.07462662 0.9912035 0.07484209 0.9920256 0.0745781 0.9924558 0.07512122 0.9919828 0.07506805 0.9913587 0.07433277 0.9908334 0.07462662 0.9912035 0.07462662 0.9912035 0.07484209 0.9920256 0.07506805 0.9913587 0.7287857 0.9877145 0.7300716 0.9878752 0.7295294 0.9882641 0.7284915 0.987698 0.7285314 0.9868671 0.7287857 0.9877145 0.9098339 0.9959068 0.9098339 0.9970099 0.6479893 0.997015 0.997595 0.8649324 0.3118293 0.9979287 0.2572252 0.998786 0.5256254 0.9879427 0.525061 0.9883297 0.5243667 0.9877821 0.525061 0.9883297 0.5240748 0.9877581 0.5243667 0.9877821 0.9302218 0.9970141 0.5464605 0.997015 0.5602988 0.9959176 0.05283921 0.9910861 0.0522927 0.991122 0.05316221 0.9909153 0.05341774 0.9923928 0.05235916 0.99255 0.05268657 0.9923484 0.05339336 0.9917644 0.05283921 0.9910861 0.05316221 0.9909153 0.05341774 0.9923928 0.05268657 0.9923484 0.05339336 0.9917644 0.05339336 0.9917644 0.05316221 0.9909153 0.05367732 0.9916652 0.5380826 0.996514 0.5377397 0.9959811 0.5370851 0.9961436 0.5370851 0.9961436 0.5371019 0.9967527 0.5380826 0.996514 0.653173 0.9959111 0.6595599 0.9959113 0.6595599 0.9970142 0.9847856 0.9992946 0.9847856 0.9989032 0.997595 0.8649324 0.9843902 0.9992946 0.9843902 0.9989032 0.8132574 0.8918963 0.8634187 0.9680653 0.7136648 0.9680746 0.7030328 0.9721441 0.9280305 0.9970141 0.4825711 0.9970327 0.4825711 0.9959391 0.632443 0.9943964 0.9453479 0.9944024 0.9445277 0.9927472 0.9399359 0.9927473 0.9399359 0.9944022 0.632443 0.9943964 0.6629323 0.9959105 0.6631235 0.9970132 0.9377784 0.9970141 0.2505266 0.9989143 0.2467569 0.9989667 0.7730118 0.8982605 0.7030328 0.9721441 0.7136648 0.9680746 0.7853925 0.9680653 0.9262441 0.9959111 0.660169 0.9959102 0.6598188 0.9970123</float_array>
          <technique_common>
            <accessor source="#fifth_wheel_base-mesh-map-0-array" count="9090" stride="2">
              <param name="S" type="float"/>
              <param name="T" type="float"/>
            </accessor>
          </technique_common>
        </source>
        <vertices id="fifth_wheel_base-mesh-vertices">
          <input semantic="POSITION" source="#fifth_wheel_base-mesh-positions"/>
        </vertices>
        <lines count="1">
          <input semantic="VERTEX" source="#fifth_wheel_base-mesh-vertices" offset="0"/>
          <p>3362 3361</p>
        </lines>
        <triangles material="mat_13-material" count="1817">
          <input semantic="VERTEX" source="#fifth_wheel_base-mesh-vertices" offset="0"/>
          <input semantic="NORMAL" source="#fifth_wheel_base-mesh-normals" offset="1"/>
          <input semantic="TEXCOORD" source="#fifth_wheel_base-mesh-map-0" offset="2" set="0"/>
          <p>1942 3 3 1945 4 4 1940 5 5 1697 9 9 1693 10 10 1692 11 11 1733 15 15 1738 16 16 1739 17 17 1707 18 18 1709 19 19 1708 20 20 1607 27 27 1609 28 28 1605 29 29 2642 30 30 2653 31 31 2641 32 32 1520 33 33 1518 34 34 1541 35 35 1330 39 39 1331 40 40 1333 41 41 1944 51 51 1945 4 52 1943 52 53 1004 53 54 1000 54 55 1003 55 56 1052 56 57 1054 57 58 1053 58 59 1005 61 63 1000 54 64 1004 53 65 2688 62 66 2683 63 67 2687 64 68 2649 65 69 2646 66 70 2645 67 71 2499 74 78 2510 75 79 2500 76 80 1283 77 81 1281 78 82 1284 79 83 791 80 84 796 81 85 794 82 86 1325 86 90 1326 87 91 1327 88 92 1145 89 93 1144 90 94 1143 91 95 625 92 96 618 93 97 617 94 98 2425 95 99 2429 96 100 2427 97 101 1494 98 102 1496 99 103 1495 100 104 1156 101 105 1170 102 106 1157 103 107 1632 104 108 1631 105 109 1633 106 110 2647 107 111 2648 108 112 2645 67 113 2734 109 114 2736 110 115 2735 111 116 1023 112 117 1017 113 118 1011 114 119 2172 115 120 2171 116 121 2189 117 122 1376 118 123 1373 119 124 1375 120 125 2405 121 126 2404 122 127 2403 123 128 1751 127 132 1753 128 133 1750 129 134 1391 130 135 1392 131 136 1393 132 137 2577 133 138 2573 134 139 2576 135 140 1100 136 141 1097 137 142 1098 138 143 1865 139 144 1864 50 145 1873 140 146 1518 34 147 1520 33 148 1521 141 149 2043 142 150 2042 143 151 2041 144 152 1995 145 153 2005 146 154 1996 147 155 1059 148 156 1061 149 157 1058 150 158 2579 151 159 2575 152 160 2574 153 161 2278 154 162 2258 155 163 2261 156 164 1555 157 165 1556 158 166 1553 159 167 1984 160 168 1981 161 169 1982 162 170 2299 163 171 2301 164 172 2298 165 173 1335 169 177 1354 170 178 1336 171 179 1750 129 180 1752 172 181 1748 173 182 2368 174 183 2365 175 184 2367 176 185 1161 177 186 1158 178 187 1157 103 188 1147 179 189 1142 180 190 1146 181 191 2219 182 192 2220 183 193 2221 184 194 2691 185 195 2693 186 196 2690 187 197 649 188 198 650 189 199 654 190 200 896 191 201 878 192 202 877 193 203 1144 90 204 1146 181 205 1142 180 206 1756 194 207 1757 195 208 1755 196 209 2175 197 210 2174 198 211 2171 116 212 2498 199 213 2495 200 214 2492 201 215 2550 202 216 2535 203 217 2533 204 218 2143 205 219 2145 206 220 2142 207 221 1299 208 222 1279 209 223 1282 210 224 2728 50 228 2729 50 229 2722 50 230 2173 223 240 2172 115 241 2193 224 242 1552 225 243 1554 226 244 1557 227 245 1518 34 249 1519 231 250 1541 35 251 1534 235 255 1533 236 256 1535 237 257 1479 238 258 1477 239 259 1478 240 260 1561 241 261 1558 242 262 1559 243 263 714 244 264 716 245 265 717 246 266 2582 250 270 2576 135 271 2580 251 272 1565 252 273 1562 253 274 1563 254 275 960 255 276 962 256 277 963 257 278 2626 258 279 2628 259 280 2629 260 281 1564 261 282 1580 262 283 1563 254 284 1708 20 285 1713 263 286 1712 264 287 1154 271 294 1164 272 295 1153 273 296 1134 274 297 1133 275 298 1127 276 299 1121 277 300 1120 278 301 1122 278 302 612 279 303 613 280 304 614 281 305 1323 282 306 1324 283 307 1322 282 308 2663 284 309 2647 107 310 2644 285 311 1469 286 312 1465 287 313 1464 288 314 2258 155 315 2256 289 316 2257 290 317 2553 291 318 2552 292 319 2554 293 320 2261 156 321 2264 294 322 2263 295 323 1352 296 324 1350 297 325 1351 298 326 1289 299 327 1278 300 328 1281 78 329 1850 301 330 1871 302 331 1851 303 332 1581 304 333 1564 261 334 1560 305 335 2716 306 336 2715 307 337 2717 308 338 2452 309 339 2449 310 340 2451 311 341 2687 64 342 2683 63 343 2685 312 344 1409 313 345 1406 314 346 1407 315 347 2200 316 348 2199 317 349 2198 316 350 1797 321 354 1801 322 355 1796 323 356 1233 324 357 1235 325 358 1236 326 359 2629 260 360 2625 327 361 2626 258 362 1431 328 363 1430 329 364 1428 254 365 2574 153 369 2573 134 370 2594 333 371 1082 343 381 1081 343 382 1083 344 383 1102 345 384 1104 346 385 1105 347 386 693 348 387 688 349 388 689 350 389 2735 111 390 2738 351 391 2737 352 392 976 356 396 975 357 397 977 358 398 2215 362 402 2214 363 403 2216 364 404 2771 365 405 2765 366 406 2764 367 407 777 368 408 770 369 409 775 370 410 1569 371 411 1562 253 412 1558 242 413 2205 372 414 2209 373 415 2210 374 416 2622 375 417 2624 376 418 2621 377 419 2325 381 423 2326 382 424 2324 383 425 2110 384 426 2092 385 427 2094 386 428 1012 387 429 1014 388 430 1013 389 431 2323 390 432 2322 391 433 2324 383 434 1852 392 435 1856 393 436 1855 264 437 1650 394 438 1651 395 439 1652 396 440 1901 397 441 1903 398 442 1900 399 443 2483 400 444 2485 401 445 2486 402 446 1798 406 450 1799 407 451 1797 321 452 1579 408 453 1561 241 454 1560 305 455 671 409 456 686 410 457 668 411 458 1230 412 459 1231 413 460 1229 414 461 1706 415 462 1711 416 463 1703 417 464 2003 418 465 1996 147 466 1998 419 467 1370 420 468 1372 421 469 1368 422 470 2178 423 471 2191 424 472 2177 425 473 778 426 474 771 427 475 770 369 476 1422 428 477 1421 429 478 1425 430 479 657 431 480 659 432 481 655 433 482 1220 434 483 1219 435 484 1225 436 485 1155 437 486 1165 438 487 1154 271 488 2732 439 489 2731 440 490 2752 441 491 2190 442 492 2178 423 493 2193 224 494 2097 443 495 2095 444 496 2096 445 497 2111 446 498 2093 447 499 2092 385 500 2065 448 501 2064 449 502 2066 450 503 2260 451 504 2268 452 505 2256 289 506 716 245 507 714 244 508 715 453 509 1426 454 510 1431 328 511 1427 455 512 1857 459 516 1854 460 517 1855 264 518 945 461 519 949 462 520 950 463 521 1427 455 522 1442 464 523 1422 428 524 2093 447 525 2090 465 526 2091 466 527 2266 467 528 2262 468 529 2263 295 530 1776 469 531 1778 470 532 1777 469 533 2094 386 537 2112 474 538 2096 445 539 789 475 540 772 476 541 773 477 542 2413 478 543 2407 479 544 2402 480 545 2685 312 546 2686 481 547 2687 64 548 2365 175 549 2364 482 550 2363 483 551 979 484 552 981 485 553 980 485 554 1461 486 555 1455 486 556 1454 487 557 740 488 558 748 489 559 747 486 560 881 490 561 883 491 562 896 191 563 810 492 564 800 493 565 805 494 566 832 495 567 839 496 568 838 497 569 849 498 570 854 499 571 855 50 572 2432 500 573 2431 501 574 2437 486 575 2581 502 576 2580 251 577 2596 503 578 1088 504 579 1092 505 580 1093 506 581 1279 209 582 1297 507 583 1280 508 584 1922 509 585 1924 510 586 1923 511 587 2741 512 588 2731 440 589 2733 513 590 1339 514 591 1340 515 592 1347 516 593 1397 517 594 1402 518 595 1403 50 596 1503 519 597 1509 520 598 1508 521 599 1543 522 600 1544 523 601 1548 524 602 1638 525 603 1644 526 604 1645 527 605 2015 528 606 1997 529 607 2016 530 608 1970 486 609 1978 531 610 1977 532 611 886 533 612 879 534 613 882 535 614 2061 536 615 2062 537 616 2053 538 617 2075 539 618 2082 540 619 2083 50 620 2098 541 621 2100 542 622 2099 543 623 676 544 624 672 545 625 674 546 626 2162 547 627 2161 548 628 2169 549 629 2185 550 630 2183 551 631 2192 552 632 2207 553 633 2202 554 634 2201 555 635 2235 556 636 2228 557 637 2227 558 638 2265 559 639 2272 560 640 2275 561 641 2309 562 642 2317 563 643 2318 564 644 2508 565 645 2507 566 646 2503 567 647 2661 568 648 2657 569 649 2656 570 650 1853 571 651 1850 301 652 1868 572 653 711 573 654 712 574 655 710 575 656 1429 576 657 1423 577 658 1428 254 659 1439 578 660 1438 579 661 1432 580 662 685 581 663 683 582 664 684 486 665 773 477 669 769 586 670 768 587 671 2660 588 672 2644 285 673 2642 30 674 2739 589 675 2733 513 676 2737 352 677 1997 529 684 1999 596 685 2000 597 686 1773 601 690 1772 602 691 1774 603 692 1167 604 693 1155 437 694 1156 101 695 771 427 696 788 605 697 768 587 698 2373 609 702 2380 610 703 2381 611 704 1414 612 705 1410 613 706 1413 614 707 1015 615 708 1016 616 709 1013 389 710 629 617 711 628 618 712 630 619 713 2046 620 714 2044 621 715 2045 622 716 2643 625 720 2641 32 721 2646 66 722 2539 626 723 2537 627 724 2538 628 725 1016 616 726 1018 629 727 1019 535 728 880 632 735 879 534 736 875 633 737 2578 645 750 2581 502 751 2579 151 752 2098 541 753 2095 444 754 2090 465 755 2176 646 756 2177 425 757 2174 198 758 1193 647 759 1195 648 760 1192 649 761 1210 650 762 1209 651 763 1211 652 764 2712 656 768 2711 657 769 2713 658 770 1512 659 771 1513 660 772 1517 661 773 1709 19 777 1721 665 778 1705 666 779 1990 667 780 1985 668 781 1989 669 782 2493 670 783 2494 671 784 2491 672 785 883 491 786 884 629 787 882 535 788 1282 210 789 1285 673 790 1284 79 791 877 193 795 875 633 796 876 677 797 2406 678 798 2409 679 799 2408 680 800 2412 681 801 2409 679 802 2407 479 803 2259 682 804 2262 468 805 2260 451 806 2393 683 807 2399 684 808 2398 685 809 1235 325 810 1233 324 811 1234 686 812 670 687 813 673 688 814 674 546 815 1278 300 816 1295 689 817 1280 508 818 2330 690 819 2327 691 820 2328 692 821 1904 693 822 1906 694 823 1907 695 824 1628 696 825 1627 697 826 1629 698 827 2184 699 828 2190 442 829 2191 424 830 1424 700 831 1425 430 832 1423 577 833 668 411 834 666 701 835 667 702 836 2745 703 837 2749 704 838 2748 705 839 1872 706 840 1853 571 841 1852 392 842 2676 707 843 2677 708 844 2671 486 845 1014 388 846 1011 114 847 1024 709 848 2365 175 852 2366 713 853 2367 176 854 1537 714 855 1539 715 856 1538 716 857 2331 717 858 2321 718 859 2327 691 860 1163 719 861 1153 273 862 1158 178 863 2326 382 864 2328 692 865 2329 720 866 2322 391 873 2321 718 874 2334 727 875 697 486 876 702 486 877 703 486 878 2494 671 879 2496 728 880 2495 200 881 1793 729 882 1794 730 883 1792 731 884 653 733 888 651 734 889 650 189 890 2736 110 891 2750 735 892 2732 439 893 2424 739 897 2406 678 898 2405 121 899 677 740 900 672 545 901 666 701 902 2011 741 903 1995 145 904 2016 530 905 1694 742 906 1696 743 907 1697 9 908 2100 542 909 2105 744 910 2104 50 911 1373 119 912 1376 118 913 1377 745 914 2001 746 915 1998 419 916 1999 596 917 1819 747 918 1820 748 919 1818 749 920 2490 750 921 2491 672 922 2489 751 923 2389 755 927 2388 756 928 2390 757 929 1859 758 930 1851 303 931 1854 460 932 669 759 933 671 409 934 670 687 935 940 760 936 939 761 937 941 762 938 1705 666 939 1704 763 940 1703 417 941 1020 533 942 1017 113 943 1019 535 944 2499 74 945 2487 764 946 2492 201 947 2489 751 948 2488 765 949 2487 764 950 2068 766 951 2069 767 952 2070 766 953 1757 195 954 1758 768 955 1755 196 956 772 476 957 775 370 958 774 769 959 2402 480 960 2414 770 961 2403 123 962 1710 771 963 1711 416 964 1712 264 965 1650 394 966 1652 396 967 1649 772 968 1457 773 969 1462 774 970 1463 775 971 919 776 972 920 777 973 918 778 974 2021 785 981 2017 786 982 2016 530 983 1193 647 984 1196 787 985 1195 648 986 2481 788 987 2483 400 988 2486 402 989 761 795 999 758 796 1000 757 797 1001 2385 802 1008 2386 803 1009 2387 804 1010 1145 89 1011 1146 181 1012 1144 90 1013 1654 811 1020 1655 812 1021 1656 813 1022 2329 720 1023 2333 814 1024 2337 815 1025 1192 649 1026 1195 648 1027 1191 816 1028 1649 772 1029 1652 396 1030 1648 817 1031 1141 818 1032 1140 819 1033 1139 820 1034 1744 821 1035 1745 822 1036 1743 823 1037 1272 824 1038 1273 825 1039 1275 826 1040 709 830 1044 710 575 1045 713 831 1046 1987 832 1047 1988 833 1048 1985 668 1049 2307 834 1050 2303 835 1051 2305 836 1052 1000 54 1053 1002 837 1054 1003 55 1055 2000 597 1056 2004 838 1057 2002 839 1058 1373 119 1062 1374 843 1063 1375 120 1064 659 432 1065 656 844 1066 658 845 1067 799 846 1068 798 847 1069 797 846 1070 2482 851 1074 2481 788 1075 2486 402 1076 1887 852 1077 1884 853 1078 1878 854 1079 1602 855 1080 1603 856 1081 1601 857 1082 2305 836 1086 2308 861 1087 2307 834 1088 1945 4 1092 1942 3 1093 1943 52 1094 1151 864 1095 1152 486 1096 1148 865 1097 2673 866 1098 2679 867 1099 2680 868 1100 827 869 1101 829 870 1102 828 871 1103 1080 875 1107 1078 876 1108 1079 877 1109 753 878 1110 752 879 1111 754 880 1112 2113 881 1113 2107 882 1114 2102 883 1115 2107 882 1116 2113 881 1117 2108 884 1118 2097 443 1122 2099 543 1123 2103 888 1124 2626 258 1134 2627 896 1135 2628 259 1136 756 897 1137 750 898 1138 751 899 1139 1471 900 1140 1472 901 1141 1474 902 1142 1845 906 1146 1841 907 1147 1840 908 1148 1896 911 1152 1897 912 1153 1894 913 1154 2365 175 1158 2368 174 1159 2364 482 1160 1840 908 1161 1844 915 1162 1845 906 1163 1317 919 1167 1319 920 1168 1318 921 1169 2688 62 1173 2686 481 1174 2684 925 1175 2414 770 1176 2415 926 1177 2413 478 1178 2650 939 1194 2648 108 1195 2649 65 1196 1097 137 1197 1096 940 1198 1098 138 1199 1320 941 1200 1316 942 1201 1318 921 1202 2756 943 1203 2758 944 1204 2759 945 1205 1466 946 1206 1468 947 1207 1464 288 1208 1332 951 1212 1330 39 1213 1333 41 1214 732 952 1215 730 953 1216 731 954 1217 1161 177 1218 1162 955 1219 1159 956 1220 830 960 1224 829 870 1225 825 961 1226 2101 962 1227 2091 466 1228 2111 446 1229 2652 966 1233 2649 65 1234 2643 625 1235 1610 967 1236 1607 27 1237 1608 968 1238 2446 969 1239 2441 970 1240 2443 971 1241 2695 974 1245 2697 975 1246 2696 976 1247 2578 645 1251 2597 978 1252 2595 979 1253 869 980 1254 866 981 1255 868 982 1256 2648 108 1257 2664 983 1258 2663 284 1259 920 777 1260 921 984 1261 918 778 1262 686 410 1263 680 985 1264 667 702 1265 1710 771 1269 1715 988 1270 1713 263 1271 2303 835 1272 2307 834 1273 2304 989 1274 2135 990 1275 2136 991 1276 2137 992 1277 2299 163 1284 2302 998 1285 2301 164 1286 1792 731 1290 1791 1002 1291 1790 1003 1292 1450 1008 1299 1449 1009 1300 1451 1010 1301 1750 129 1302 1753 128 1303 1752 172 1304 1410 613 1311 1412 1017 1312 1413 614 1313 2528 1020 1317 2531 1021 1318 2526 1022 1319 2711 657 1320 2714 1023 1321 2713 658 1322 1166 1025 1326 1163 719 1327 1164 272 1328 2414 770 1329 2422 1026 1330 2423 1027 1331 1098 138 1332 1116 1028 1333 1099 1029 1334 1702 1030 1335 1700 1031 1336 1699 1032 1337 812 1033 1338 817 1034 1339 818 1035 1340 1983 1039 1344 1984 160 1345 1982 162 1346 1141 818 1347 1139 820 1348 1138 1040 1349 1254 1041 1350 1256 1042 1351 1255 1043 1352 1211 652 1356 1209 651 1357 1212 1047 1358 2047 1048 1359 2044 621 1360 2046 620 1361 2066 450 1365 2064 449 1366 2067 1051 1367 2691 185 1371 2692 1055 1372 2693 186 1373 1003 55 1377 1002 837 1378 1001 1059 1379 921 984 1380 922 1060 1381 918 778 1382 814 1064 1386 815 1065 1387 816 1066 1388 1419 1067 1389 1420 1068 1390 1416 1069 1391 2536 1070 1392 2537 627 1393 2540 1071 1394 995 1072 1395 998 1073 1396 999 1074 1397 1987 832 1398 1986 1075 1399 1988 833 1400 2445 1082 1407 2446 969 1408 2443 971 1409 977 358 1410 975 357 1411 978 1083 1412 2550 202 1419 2534 1090 1420 2535 203 1421 959 1091 1422 963 257 1423 964 1092 1424 2556 1093 1425 2558 1094 1426 2557 1094 1427 2143 205 1428 2144 1095 1429 2145 206 1430 2552 292 1431 2555 1096 1432 2554 293 1433 913 1104 1443 914 1105 1444 916 1106 1445 817 1034 1446 814 1064 1447 816 1066 1448 2442 1138 1485 2444 1139 1486 2443 971 1487 1022 1144 1494 1015 615 1495 1018 629 1496 2014 1173 1533 2011 741 1534 2015 528 1535 1905 1177 1539 1926 1178 1540 1904 693 1541 1654 811 1548 1657 1183 1549 1653 1184 1550 2173 223 1551 2192 552 1552 2183 551 1553 1587 1185 1554 1582 50 1555 1586 1186 1556 1411 1187 1557 1414 612 1558 1415 1188 1559 1447 50 1575 1448 50 1576 1444 1199 1577 1166 1025 1581 1165 438 1582 1169 1201 1583 611 1202 1584 614 281 1585 615 1203 1586 2776 1204 1587 2775 1205 1588 2774 1206 1589 1692 11 1599 1694 742 1600 1697 9 1601 2225 1216 1602 2223 1217 1603 2222 1218 1604 1838 1219 1605 1835 1220 1606 1839 1221 1607 2462 1222 1608 2453 1223 1609 2454 1224 1610 1890 1225 1611 1893 1226 1612 1888 1227 1613 2550 202 1632 2551 1234 1633 2534 1090 1634 605 1246 1650 610 1247 1651 606 1248 1652 1627 697 1653 1630 1249 1654 1629 698 1655 842 1250 1656 844 1251 1657 843 1252 1658 1228 1253 1659 1229 414 1660 1232 1254 1661 1319 920 1668 1320 941 1669 1318 921 1670 1731 1257 1671 1741 1258 1672 1737 1259 1673 1949 1261 1677 1947 1262 1678 1946 1263 1679 654 190 1683 648 1264 1684 649 188 1685 1429 576 1686 1434 1265 1687 1437 1266 1688 999 1074 1692 994 1270 1693 995 1072 1694 2493 670 1695 2497 1271 1696 2502 1272 1697 1553 159 1701 1556 158 1702 1557 227 1703 2533 204 1704 2535 203 1705 2532 1274 1706 2214 363 1713 2209 373 1714 2213 1275 1715 1188 1277 1719 1190 1278 1720 1187 1279 1721 1554 226 1722 1553 159 1723 1557 227 1724 2452 309 1728 2448 1283 1729 2449 310 1730 1024 709 1731 1026 1284 1732 1023 112 1733 1580 262 1737 1568 1287 1738 1566 1288 1739 1579 408 1740 1577 1289 1741 1578 1290 1742 820 1291 1743 821 1292 1744 823 1293 1745 1101 1294 1746 1102 345 1747 1105 347 1748 1774 603 1749 1772 602 1750 1775 1295 1751 2433 1298 1755 2438 1299 1756 2439 1300 1757 2530 1301 1758 2527 1302 1759 2529 1303 1760 861 1304 1761 862 1305 1762 860 1306 1763 895 1144 1764 881 490 1765 884 629 1766 2267 1310 1770 2264 294 1771 2266 467 1772 2582 250 1773 2585 1311 1774 2583 1312 1775 2490 750 1776 2502 1272 1777 2509 1313 1778 1037 486 1794 1038 486 1795 1034 1321 1796 1691 1331 1806 1690 1332 1807 1689 1333 1808 1214 1339 1824 1213 1340 1825 1215 1341 1826 1479 238 1827 1480 1342 1828 1476 1343 1829 1896 911 1830 1895 1344 1831 1897 912 1832 2691 185 1833 2710 1345 1834 2692 1055 1835 2014 1173 1842 2009 1351 1843 2013 1352 1844 2739 589 1845 2740 1353 1846 2745 703 1847 712 574 1860 713 831 1861 710 575 1862 878 192 1872 892 1370 1873 876 677 1874 2034 1371 1875 2038 1372 1876 2039 1373 1877 2213 1275 1890 2216 364 1891 2212 1380 1892 1607 27 1893 1610 967 1894 1609 28 1895 1020 533 1896 1026 1284 1897 1021 1381 1898 2643 625 1905 2662 1386 1906 2652 966 1907 1251 1387 1908 1252 1388 1909 1253 1389 1910 1370 420 1917 1390 1393 1918 1371 1394 1919 2605 1395 1920 2612 1396 1921 2606 1397 1922 2615 1398 1923 2610 1399 1924 2609 486 1925 2685 312 1929 2684 925 1930 2686 481 1931 1831 50 1932 1824 1403 1933 1825 50 1934 673 688 1950 679 1413 1951 675 1414 1952 2768 486 1953 2762 486 1954 2761 486 1955 2622 375 1956 2640 1415 1957 2623 1416 1958 2420 50 1959 2417 1417 1960 2411 1418 1961 2622 375 1965 2623 1416 1966 2624 376 1967 1058 150 1977 1061 149 1978 1060 1429 1979 2241 1430 1980 2243 1431 1981 2242 1432 1982 1498 1436 1986 1497 1437 1987 1499 1438 1988 1276 1439 1989 1272 824 1990 1275 826 1991 676 544 1995 678 1440 1996 679 1413 1997 958 1441 1998 955 1442 1999 957 1443 2000 1856 393 2004 1873 140 2005 1872 706 2006 1988 833 2007 1989 669 2008 1985 668 2009 1856 393 2013 1860 1449 2014 1858 1450 2015 1674 1451 2016 1676 1451 2017 1675 1452 2018 1840 908 2019 1843 1453 2020 1844 915 2021 2238 1462 2031 2239 1463 2032 2240 1464 2033 1799 407 2034 1800 1465 2035 1797 321 2036 1517 661 2040 1514 1469 2041 1516 1470 2042 612 279 2052 619 1473 2053 613 280 2054 1611 1474 2055 1613 1475 2056 1614 1476 2057 1193 647 2058 1194 1477 2059 1196 787 2060 2372 1478 2061 2370 1479 2062 2369 1480 2063 1438 579 2064 1436 1481 2065 1443 1482 2066 1434 1265 2067 1440 1483 2068 1437 1266 2069 803 1484 2070 808 1485 2071 809 1486 2072 807 1487 2073 802 1488 2074 801 1489 2075 628 618 2082 631 1494 2083 630 619 2084 776 1499 2091 777 368 2092 780 956 2093 1673 1500 2094 1671 1501 2095 1672 1502 2096 610 1247 2097 608 1503 2098 609 1504 2099 633 1517 2115 632 1518 2116 634 1517 2117 2602 1519 2118 2600 486 2119 2601 1520 2120 766 1521 2124 765 1522 2125 764 1523 2126 1474 902 2127 1473 1524 2128 1475 1525 2129 2298 165 2133 2301 164 2134 2300 1527 2135 1272 824 2136 1277 1528 2137 1273 825 2138 1021 1381 2142 1018 629 2143 1020 533 2144 1466 946 2145 1467 1530 2146 1468 947 2147 901 1531 2148 896 191 2149 898 1532 2150 2587 1535 2154 2594 333 2155 2575 152 2156 2449 310 2157 2450 1536 2158 2451 311 2159 1098 138 2163 1099 1029 2164 1100 136 2165 2143 205 2166 2157 1537 2167 2144 1095 2168 1909 1538 2169 1919 1539 2170 1918 1540 2171 825 961 2172 829 870 2173 826 1541 2174 1794 730 2175 1795 1542 2176 1792 731 2177 1026 1284 2178 1030 1543 2179 1021 1381 2180 1926 1178 2187 1906 694 2188 1904 693 2189 758 796 2190 761 795 2191 762 1549 2192 1514 1469 2193 1515 1550 2194 1516 1470 2195 2617 1551 2196 2619 1552 2197 2616 1553 2198 2501 1554 2199 2505 1555 2200 2510 75 2201 1600 1559 2205 1596 1560 2206 1595 1561 2207 1591 1562 2208 1597 1563 2209 1598 1564 2210 2448 1283 2211 2452 309 2212 2447 1565 2213 694 1571 2223 696 1572 2224 695 1573 2225 955 1442 2235 956 1579 2236 957 1443 2237 2051 1580 2238 2049 1581 2239 2048 1582 2240 2040 1583 2241 2034 1371 2242 2039 1373 2243 1695 1587 2247 1696 743 2248 1694 742 2249 2775 1205 2256 2778 1591 2257 2773 1592 2258 1062 1593 2259 1064 1594 2260 1065 1595 2261 1067 1596 2262 1075 1597 2263 1074 1598 2264 1058 150 2265 1060 1429 2266 1057 1599 2267 637 1603 2271 638 1604 2272 645 1605 2273 667 702 2274 678 1440 2275 677 740 2276 687 1606 2277 686 410 2278 669 759 2279 682 1607 2280 683 582 2281 685 581 2282 682 1607 2283 685 581 2284 681 1608 2285 701 1609 2286 706 1610 2287 707 1611 2288 718 1612 2289 725 1613 2290 726 1614 2291 777 368 2292 779 1615 2293 780 956 2294 788 605 2295 787 1616 2296 781 1617 2297 785 1618 2298 784 50 2299 790 1619 2300 774 769 2301 790 1619 2302 789 475 2303 884 629 2304 885 1620 2305 895 1144 2306 886 533 2307 887 1621 2308 885 1620 2309 876 677 2310 887 1621 2311 880 632 2312 893 1622 2313 878 192 2314 881 490 2315 890 1623 2316 885 1620 2317 889 1624 2318 885 1620 2319 890 1623 2320 891 1625 2321 888 1626 2322 885 1620 2323 891 1625 2324 908 1627 2325 902 1628 2326 911 1629 2327 910 1630 2328 911 1629 2329 906 486 2330 966 1631 2331 974 1632 2332 973 1633 2333 2584 1634 2334 2577 133 2335 2594 333 2336 985 1635 2337 984 1636 2338 992 1637 2339 1012 387 2340 1025 1638 2341 1024 709 2342 1026 1284 2343 1028 50 2344 1030 1543 2345 1029 1639 2346 1021 1381 2347 1030 1543 2348 1029 1639 2349 1027 50 2350 1021 1381 2351 1031 1640 2352 1012 387 2353 1015 615 2354 1048 1641 2355 1049 1642 2356 1043 1643 2357 1045 1644 2358 1050 1645 2359 1046 1646 2360 1159 956 2361 1170 102 2362 1161 177 2363 1167 604 2364 1169 1201 2365 1165 438 2366 1173 1647 2367 1174 1648 2368 1175 1649 2369 1185 1650 2370 1186 1651 2371 1180 1652 2372 1183 1653 2373 1177 1654 2374 1176 1655 2375 1268 50 2376 1261 50 2377 1262 50 2378 1287 1656 2379 1283 77 2380 1289 299 2381 1295 689 2382 1287 1656 2383 1289 299 2384 1292 50 2385 1290 1657 2386 1293 50 2387 1290 1657 2388 1297 507 2389 1296 1658 2390 1313 1659 2391 1308 1660 2392 1307 1661 2393 1305 1662 2394 1310 1663 2395 1315 1664 2396 1388 1665 2397 1380 1666 2398 1379 1667 2399 1433 1668 2400 1442 464 2401 1441 1669 2402 1443 1482 2403 1442 464 2404 1426 454 2405 1443 1482 2406 1430 329 2407 1432 580 2408 863 1670 2409 858 1671 2410 859 1672 2411 1491 1673 2412 1490 1674 2413 1482 1675 2414 1524 1676 2415 1532 1677 2416 1531 1678 2417 2277 1679 2418 2278 154 2419 2276 1680 2420 1565 252 2421 1567 1681 2422 1568 1287 2423 1559 243 2427 1578 1290 2428 1570 1682 2429 1566 1288 2430 1576 50 2431 1575 1683 2432 1615 1684 2433 1616 1685 2434 1623 1686 2435 1659 1687 2436 1658 1688 2437 1666 1689 2438 1710 771 2439 1716 1690 2440 1714 1691 2441 1722 1692 2442 1706 415 2443 1704 763 2444 1718 1693 2445 1719 1694 2446 1720 1695 2447 1719 1694 2448 1718 1693 2449 1717 486 2450 1728 486 2451 1726 1696 2452 1709 19 2453 1761 1697 2454 1762 1698 2455 1769 1699 2456 1857 459 2457 1861 1700 2458 1860 1449 2459 1871 302 2460 1861 1700 2461 1859 758 2462 1852 392 2463 1853 571 2464 1876 486 2465 1951 1701 2469 1950 1702 2470 1959 1703 2471 2005 146 2472 2006 1621 2473 2003 418 2474 2014 1173 2475 2010 1704 2476 2009 1351 2477 2008 1705 2478 2013 1352 2479 2009 1351 2480 2008 1705 2481 2007 1706 2482 2013 1352 2483 2014 1173 2484 2000 597 2485 2002 839 2486 2026 1707 2487 2033 1708 2488 2027 1709 2489 2087 50 2490 2086 50 2491 2085 50 2492 2112 474 2493 2102 883 2494 2110 384 2495 2129 1710 2496 2124 1711 2497 2123 1712 2498 2130 1713 2499 2131 1714 2500 2126 1715 2501 2146 1716 2502 2147 1717 2503 2154 1718 2504 2179 1719 2505 2191 424 2506 2176 646 2507 2175 197 2508 2179 1719 2509 2176 646 2510 2175 197 2511 2180 1720 2512 2181 1721 2513 2185 550 2514 2182 50 2515 2183 551 2516 2184 699 2517 2186 1722 2518 2192 552 2519 2189 117 2520 2183 551 2521 2180 1720 2522 2247 1723 2523 2248 1724 2524 2251 1725 2525 2264 294 2526 2276 1680 2527 2278 154 2528 2275 561 2529 2273 486 2530 2265 559 2531 2293 1726 2532 2289 1727 2533 2288 1728 2534 2295 1729 2535 2296 1730 2536 2292 1731 2537 778 426 2538 781 1617 2539 779 1615 2540 2332 1721 2544 2330 690 2545 2331 717 2546 2335 1733 2547 2331 717 2548 2334 727 2549 2323 390 2550 2335 1733 2551 2334 727 2552 2341 1734 2553 2337 815 2554 2342 1735 2555 2337 815 2556 2341 1734 2557 2336 1736 2558 2348 1737 2559 2347 1738 2560 2349 1739 2561 2411 1418 2562 2412 681 2563 2410 1740 2564 2422 1026 2565 2424 739 2566 2417 1417 2567 2416 1741 2568 2422 1026 2569 2419 1742 2570 2417 1417 2571 2408 680 2572 2411 1418 2573 661 1743 2574 662 1744 2575 663 1745 2576 2469 1746 2577 2470 1747 2578 2478 1748 2579 2496 728 2580 2503 567 2581 2497 1271 2582 2500 76 2583 2498 199 2584 2499 74 2585 2509 1313 2586 2488 765 2587 2490 750 2588 2515 486 2589 2514 486 2590 2513 486 2591 2541 1749 2592 2542 1750 2593 2548 1751 2594 2583 1312 2595 2596 503 2596 2582 250 2597 2570 1752 2598 2562 1753 2599 2563 1754 2600 2592 1755 2601 2593 1756 2602 2597 978 2603 2630 1757 2604 2636 1758 2605 2637 1759 2606 2659 1760 2607 2658 1761 2608 2664 983 2609 2662 1386 2610 2660 588 2611 2661 568 2612 2669 1762 2613 2670 1763 2614 2665 1764 2615 2699 1765 2616 2700 1766 2617 2708 1767 2618 2752 441 2619 2740 1353 2620 2741 512 2621 2747 1768 2622 2742 1769 2623 2743 1770 2624 2753 1771 2625 2752 441 2626 2750 735 2627 1102 345 2628 1103 1772 2629 1104 346 2630 2197 50 2631 2171 116 2632 2194 50 2633 960 255 2634 961 1773 2635 962 256 2636 1477 239 2637 1479 238 2638 1476 1343 2639 924 486 2643 932 486 2644 933 486 2645 1370 420 2649 1371 1394 2650 1372 421 2651 2690 187 2652 2693 186 2653 2689 1776 2654 1569 371 2679 1570 1682 2680 1567 1681 2681 1869 1791 2682 1872 706 2683 1873 140 2684 2013 1352 2688 2005 146 2689 2011 741 2690 1837 1793 2691 1836 1794 2692 1835 1220 2693 2006 1621 2694 2001 746 2695 2003 418 2696 1336 171 2709 1337 1804 2710 1334 1805 2711 1364 1806 2712 1358 50 2713 1357 1807 2714 1899 1808 2715 1900 399 2716 1902 1809 2717 2135 990 2733 2138 1818 2734 2132 1819 2735 1984 160 2736 1980 1820 2737 1981 161 2738 1963 1821 2739 1965 1822 2740 1964 1823 2741 1329 1824 2742 1332 951 2743 1328 1825 2744 1051 1826 2745 1055 1827 2746 1056 1828 2747 2141 1837 2760 2142 207 2761 2145 206 2762 1247 1848 2775 1246 1849 2776 1238 1850 2777 2587 1535 2781 2578 645 2782 2595 979 2783 2257 290 2784 2269 1853 2785 2268 452 2786 1464 288 2787 1468 947 2788 1469 286 2789 2539 626 2796 2540 1071 2797 2537 627 2798 823 1293 2799 822 1857 2800 824 1858 2801 2517 1861 2805 2521 1862 2806 2522 1863 2807 1747 1873 2844 1744 821 2845 1742 1874 2846 1113 1916 2928 1114 1917 2929 1107 1918 2930 1837 1793 2934 1835 1220 2935 1838 1219 2936 2412 681 2937 2415 926 2938 2410 1740 2939 2305 836 2952 2306 1927 2953 2308 861 2954 2037 1928 2955 2036 1929 2956 2038 1372 2957 2259 682 2961 2269 1853 2962 2270 1932 2963 2217 1935 2967 2221 184 2968 2218 1936 2969 1274 1939 2976 1272 824 2977 1273 825 2978 1138 1040 2979 1136 1940 2980 1137 1941 2981 866 981 2982 867 1942 2983 868 982 2984 761 795 2991 759 1945 2992 760 1946 2993 2484 1947 2994 2485 401 2995 2483 400 2996 2520 1950 3000 2519 1951 3001 2524 1952 3002 827 869 3006 828 871 3007 833 1956 3008 1755 196 3009 1759 1957 3010 1754 1958 3011 755 1960 3015 756 897 3016 751 899 3017 752 879 3021 755 1960 3022 754 880 3023 2336 1736 3027 2329 720 3028 2337 815 3029 1870 1963 3033 1868 572 3034 1869 1791 3035 1570 1682 3039 1571 50 3040 1574 1967 3041 1574 1967 3042 1572 1968 3043 1570 1682 3044 1421 429 3048 1434 1265 3049 1424 700 3050 1848 1970 3051 1846 1971 3052 1849 1972 3053 1334 1805 3060 1335 169 3061 1336 171 3062 1748 173 3069 1752 172 3070 1749 1980 3071 2584 1634 3078 2587 1535 3079 2591 1984 3080 1903 398 3081 1902 1809 3082 1900 399 3083 1721 665 3084 1722 1692 3085 1704 763 3086 1535 237 3087 1533 236 3088 1536 1985 3089 2216 364 3090 2214 363 3091 2212 1380 3092 1782 1986 3093 1781 1987 3094 1787 1988 3095 1936 50 3096 1930 1989 3097 1929 50 3098 2664 983 3099 2660 588 3100 2663 284 3101 1279 209 3102 1304 1990 3103 1303 1991 3104 1723 1992 3105 1707 18 3106 1718 1693 3107 873 1995 3111 874 1996 3112 870 1997 3113 997 1998 3114 998 1073 3115 996 1999 3116 733 2007 3129 735 2008 3130 734 2009 3131 1605 29 3132 1609 28 3133 1606 2010 3134 655 433 3135 659 432 3136 660 2011 3137 2266 467 3141 2270 1932 3142 2267 1310 3143 1892 2012 3144 1889 2013 3145 1891 2014 3146 1285 673 3150 1298 2016 3151 1299 208 3152 916 1106 3156 915 2019 3157 917 2020 3158 705 2021 3159 700 2022 3160 699 2023 3161 2133 2024 3162 2138 1818 3163 2139 2025 3164 1283 77 3171 1286 2029 3172 1285 673 3173 1006 2030 3174 1010 50 3175 1009 2031 3176 2325 381 3177 2344 2032 3178 2323 390 3179 1993 486 3180 1994 486 3181 1991 2033 3182 862 1305 3183 859 1672 3184 860 1306 3185 1885 2034 3186 1881 2035 3187 1880 2036 3188 1198 2037 3189 1197 2038 3190 1206 2039 3191 2342 1735 3192 2333 814 3193 2343 2040 3194 2340 2041 3195 2339 2042 3196 2344 2032 3197 1817 2043 3198 1816 2043 3199 1815 2044 3200 1231 413 3201 1232 1254 3202 1229 414 3203 1296 1658 3207 1299 208 3208 1298 2016 3209 936 2046 3210 938 2047 3211 937 2048 3212 2114 2049 3213 2119 2050 3214 2118 2051 3215 2621 377 3219 2624 376 3220 2620 2054 3221 652 2055 3222 651 734 3223 653 733 3224 1713 263 3234 1718 1693 3235 1707 18 3236 2113 881 3237 2097 443 3238 2103 888 3239 1119 2064 3246 1118 2065 3247 1117 2066 3248 2744 2067 3249 2739 589 3250 2745 703 3251 1580 262 3252 1577 1289 3253 1581 304 3254 2285 50 3270 2284 50 3271 2279 2080 3272 2362 2083 3282 2357 2084 3283 2351 2085 3284 2360 2086 3285 2354 2087 3286 2353 2088 3287 1368 422 3288 1372 421 3289 1369 2089 3290 953 2090 3291 954 2091 3292 958 1441 3293 1811 2093 3303 1812 2094 3304 1803 2095 3305 2743 1770 3309 2738 351 3310 2744 2067 3311 1679 2097 3327 1680 50 3328 1686 2098 3329 2753 1771 3330 2734 109 3331 2743 1770 3332 2029 2101 3339 2030 2102 3340 2023 2103 3341 2102 883 3342 2111 446 3343 2110 384 3344 2274 2104 3345 2272 560 3346 2277 1679 3347 2274 2104 3348 2277 1679 3349 2271 2105 3350 1940 5 3360 1945 4 3361 1941 2111 3362 790 1619 3369 769 586 3370 789 475 3371 1408 2115 3375 1409 313 3376 1407 315 3377 673 688 3384 687 1606 3385 669 759 3386 1430 329 3387 1437 1266 3388 1432 580 3389 1167 604 3390 1160 2118 3391 1168 2119 3392 1887 852 3396 1885 2034 3397 1884 853 3398 911 1629 3399 909 2120 3400 908 1627 3401 3375 2127 3411 3373 2127 3412 3374 2127 3413 3366 2128 3414 3364 2129 3415 3365 2128 3416 3381 2133 3420 3379 2134 3421 3380 2135 3422 3385 2136 3423 3391 2137 3424 3386 2138 3425 3390 2139 3426 3388 2140 3427 3387 2141 3428 3384 2143 3432 3383 2144 3433 3382 2144 3434 3372 2145 3435 3367 2146 3436 3371 2147 3437 3389 2164 3459 3388 2140 3460 3390 2139 3461 3370 2168 3465 3367 2146 3466 3369 2169 3467 3396 50 3489 3395 50 3490 3394 2187 3491 3378 2189 3495 3377 2190 3496 3376 2191 3497 3368 2194 3504 3370 2168 3505 3369 2169 3506 3468 2204 3522 3471 2205 3523 3469 2206 3524 3477 2211 3531 3476 2212 3532 3478 2213 3533 3483 2214 3534 3482 2215 3535 3481 2216 3536 3478 2213 3537 3476 2212 3538 3479 2217 3539 3472 2231 3558 3469 2206 3559 3471 2205 3560 3482 2215 3561 3485 2232 3562 3480 2233 3563 3475 2234 3564 3473 2235 3565 3474 2236 3566 1741 1258 3594 1736 2243 3595 1740 2244 3596 1736 2243 3597 1735 486 3598 1740 2244 3599 1735 486 3600 1734 2245 3601 1740 2244 3602 1734 2245 3603 1733 15 3604 1739 17 3605 1740 2244 3606 1734 2245 3607 1739 17 3608 1733 15 3609 1732 2246 3610 1738 16 3611 2499 74 3618 2488 765 3619 2510 75 3620 796 81 3621 795 2249 3622 794 82 3623 794 82 3624 793 2250 3625 791 80 3626 793 2250 3627 792 2251 3628 791 80 3629 626 2252 3636 627 50 3637 618 93 3638 627 50 3639 619 1473 3640 618 93 3641 623 2253 3642 624 2254 3643 616 2255 3644 624 2254 3645 625 92 3646 617 94 3647 616 2255 3648 624 2254 3649 617 94 3650 621 2256 3651 620 50 3652 622 50 3653 616 2255 3654 621 2256 3655 623 2253 3656 621 2256 3657 622 50 3658 623 2253 3659 625 92 3660 626 2252 3661 618 93 3662 2427 97 3663 2426 2257 3664 2425 95 3665 2425 95 3666 2430 2258 3667 2429 96 3668 2429 96 3669 2428 2259 3670 2427 97 3671 1863 50 3672 1862 50 3673 1869 1791 3674 1858 1450 3675 1867 50 3676 1866 2260 3677 1858 1450 3678 1866 2260 3679 1865 139 3680 1864 50 3681 1863 50 3682 1869 1791 3683 1873 140 3684 1858 1450 3685 1865 139 3686 1864 50 3687 1869 1791 3688 1873 140 3689 2043 142 3690 2047 1048 3691 2042 143 3692 2730 2263 3711 2718 50 3712 2720 2264 3713 2718 50 3714 2719 50 3715 2720 2264 3716 2724 2265 3717 2725 50 3718 2726 2266 3719 2723 2267 3720 2724 2265 3721 2727 2268 3722 2724 2265 3723 2726 2266 3724 2727 2268 3725 2729 50 3726 2730 2263 3727 2721 2269 3728 2730 2263 3729 2720 2264 3730 2721 2269 3731 2729 50 3732 2721 2269 3733 2722 50 3734 2722 50 3735 2723 2267 3736 2728 50 3737 2723 2267 3738 2727 2268 3739 2728 50 3740 1123 486 3789 1135 486 3790 1124 486 3791 1135 486 3792 1134 274 3793 1125 2282 3794 1131 2283 3795 1130 486 3796 1129 2284 3797 1131 2283 3798 1129 2284 3799 1128 2285 3800 1125 2282 3801 1124 486 3802 1135 486 3803 1132 2286 3804 1131 2283 3805 1128 2285 3806 1132 2286 3807 1128 2285 3808 1127 276 3809 1126 2287 3810 1125 2282 3811 1134 274 3812 1133 275 3813 1132 2286 3814 1127 276 3815 1127 276 3816 1126 2287 3817 1134 274 3818 1797 321 3819 1800 1465 3820 1801 322 3821 689 350 3828 690 2289 3829 692 2290 3830 690 2289 3831 691 50 3832 692 2290 3833 692 2290 3834 693 348 3835 689 350 3836 2772 2292 3840 2767 2293 3841 2766 2294 3842 2764 367 3843 2763 2295 3844 2770 2296 3845 2763 2295 3846 2769 486 3847 2770 2296 3848 2772 2292 3849 2766 2294 3850 2765 366 3851 2764 367 3852 2770 2296 3853 2771 365 3854 2771 365 3855 2772 2292 3856 2765 366 3857 2211 2297 3858 2206 2298 3859 2210 374 3860 2206 2298 3861 2205 372 3862 2210 374 3863 2205 372 3864 2204 2299 3865 2209 373 3866 2204 2299 3867 2203 2300 3868 2208 2301 3869 2209 373 3870 2204 2299 3871 2208 2301 3872 1218 2302 3873 1217 50 3874 1226 2303 3875 1217 50 3876 1216 50 3877 1226 2303 3878 1223 2304 3879 1222 2305 3880 1221 2306 3881 1223 2304 3882 1221 2306 3883 1224 2307 3884 1221 2306 3885 1220 434 3886 1224 2307 3887 1219 435 3888 1218 2302 3889 1225 436 3890 1218 2302 3891 1226 2303 3892 1225 436 3893 1224 2307 3894 1220 434 3895 1225 436 3896 951 2309 3915 942 2310 3916 943 2311 3917 942 2310 3918 920 777 3919 943 2311 3920 946 2312 3921 947 2313 3922 948 2314 3923 945 461 3924 946 2312 3925 949 462 3926 946 2312 3927 948 2314 3928 949 462 3929 951 2309 3930 943 2311 3931 944 2315 3932 950 463 3933 951 2309 3934 944 2315 3935 944 2315 3936 945 461 3937 950 463 3938 1452 2316 3939 1458 2317 3940 1459 2318 3941 1453 2319 3942 1452 2316 3943 1459 2318 3944 1462 774 3945 1456 2320 3946 1455 486 3947 1461 486 3948 1462 774 3949 1455 486 3950 1454 487 3951 1453 2319 3952 1460 2321 3953 1453 2319 3954 1459 2318 3955 1460 2321 3956 1460 2321 3957 1461 486 3958 1454 487 3959 738 2322 3960 737 486 3961 749 2323 3962 737 486 3963 736 486 3964 749 2323 3965 746 2324 3966 745 2325 3967 742 2326 3968 745 2325 3969 744 486 3970 743 486 3971 742 2326 3972 745 2325 3973 743 486 3974 739 2327 3975 738 2322 3976 748 489 3977 738 2322 3978 749 2323 3979 748 489 3980 746 2324 3981 742 2326 3982 741 2328 3983 747 486 3984 746 2324 3985 741 2328 3986 747 486 3987 741 2328 3988 740 488 3989 740 488 3990 739 2327 3991 748 489 3992 833 1956 3993 841 2329 3994 827 869 3995 841 2329 3996 840 2330 3997 827 869 3998 836 2331 3999 834 2332 4000 835 2333 4001 836 2331 4002 835 2333 4003 837 2334 4004 835 2333 4005 831 2335 4006 837 2334 4007 832 495 4008 827 869 4009 839 496 4010 827 869 4011 840 2330 4012 839 496 4013 837 2334 4014 831 2335 4015 838 497 4016 831 2335 4017 832 495 4018 838 497 4019 850 2336 4020 851 50 4021 853 50 4022 851 50 4023 852 50 4024 853 50 4025 855 50 4026 856 2337 4027 848 50 4028 856 2337 4029 857 2338 4030 847 2339 4031 848 50 4032 856 2337 4033 847 2339 4034 857 2338 4035 845 50 4036 846 2340 4037 857 2338 4038 846 2340 4039 847 2339 4040 850 2336 4041 853 50 4042 854 499 4043 849 498 4044 850 2336 4045 854 499 4046 848 50 4047 849 498 4048 855 50 4049 2438 1299 4050 2433 1298 4051 2432 500 4052 2431 501 4053 2435 2341 4054 2440 2342 4055 2431 501 4056 2440 2342 4057 2436 486 4058 2437 486 4059 2438 1299 4060 2432 500 4061 2431 501 4062 2436 486 4063 2437 486 4064 1089 486 4065 1090 486 4066 1091 486 4067 1093 506 4068 1094 2343 4069 1087 2344 4070 1094 2343 4071 1095 2345 4072 1086 2346 4073 1087 2344 4074 1094 2343 4075 1086 2346 4076 1095 2345 4077 1084 486 4078 1085 2347 4079 1095 2345 4080 1085 2347 4081 1086 2346 4082 1089 486 4083 1091 486 4084 1092 505 4085 1088 504 4086 1089 486 4087 1092 505 4088 1087 2344 4089 1088 504 4090 1093 506 4091 1341 2348 4092 1342 50 4093 1349 2349 4094 1345 2350 4095 1344 2351 4096 1338 2352 4097 1344 2351 4098 1343 2353 4099 1338 2352 4100 1341 2348 4101 1349 2349 4102 1348 2354 4103 1340 515 4104 1341 2348 4105 1348 2354 4106 1346 2355 4107 1345 2350 4108 1338 2352 4109 1346 2355 4110 1338 2352 4111 1339 514 4112 1340 515 4113 1348 2354 4114 1347 516 4115 1346 2355 4116 1339 514 4117 1347 516 4118 1398 2356 4119 1399 50 4120 1401 50 4121 1399 50 4122 1400 50 4123 1401 50 4124 1404 2357 4125 1405 2358 4126 1395 2359 4127 1405 2358 4128 1394 50 4129 1375 120 4130 1395 2359 4131 1405 2358 4132 1375 120 4133 1398 2356 4134 1401 50 4135 1402 518 4136 1403 50 4137 1404 2357 4138 1396 50 4139 1404 2357 4140 1395 2359 4141 1396 50 4142 1397 517 4143 1398 2356 4144 1402 518 4145 1403 50 4146 1396 50 4147 1397 517 4148 1501 2360 4149 1500 2361 4150 1510 2362 4151 1507 50 4152 1506 50 4153 1505 50 4154 1507 50 4155 1505 50 4156 1504 50 4157 1502 2363 4158 1501 2360 4159 1510 2362 4160 1502 2363 4161 1510 2362 4162 1509 520 4163 1508 521 4164 1507 50 4165 1504 50 4166 1503 519 4167 1502 2363 4168 1509 520 4169 1508 521 4170 1504 50 4171 1503 519 4172 1550 50 4173 1551 50 4174 1542 50 4175 1551 50 4176 1540 50 4177 1541 35 4178 1542 50 4179 1551 50 4180 1541 35 4181 1545 50 4182 1546 50 4183 1547 2364 4184 1544 523 4185 1545 50 4186 1547 2364 4187 1549 50 4188 1550 50 4189 1543 522 4190 1550 50 4191 1542 50 4192 1543 522 4193 1544 523 4194 1547 2364 4195 1548 524 4196 1549 50 4197 1543 522 4198 1548 524 4199 1640 486 4200 1641 486 4201 1642 486 4202 1645 527 4203 1646 2365 4204 1637 2366 4205 1646 2365 4206 1647 2367 4207 1636 2368 4208 1637 2366 4209 1646 2365 4210 1636 2368 4211 1647 2367 4212 1634 486 4213 1635 2369 4214 1647 2367 4215 1635 2369 4216 1636 2368 4217 1640 486 4218 1642 486 4219 1643 2370 4220 1639 2371 4221 1640 486 4222 1643 2370 4223 1639 2371 4224 1643 2370 4225 1644 526 4226 1645 527 4227 1637 2366 4228 1638 525 4229 1638 525 4230 1639 2371 4231 1644 526 4232 1968 2372 4233 1967 486 4234 1979 2373 4235 1967 486 4236 1966 486 4237 1979 2373 4238 1977 532 4239 1976 2374 4240 1971 2375 4241 1976 2374 4242 1975 486 4243 1972 486 4244 1971 2375 4245 1976 2374 4246 1972 486 4247 1975 486 4248 1974 486 4249 1972 486 4250 1974 486 4251 1973 486 4252 1972 486 4253 1969 2376 4254 1968 2372 4255 1978 531 4256 1968 2372 4257 1979 2373 4258 1978 531 4259 1977 532 4260 1971 2375 4261 1970 486 4262 1970 486 4263 1969 2376 4264 1978 531 4265 2063 50 4266 2045 622 4267 2055 50 4268 2045 622 4269 2056 50 4270 2055 50 4271 2058 50 4272 2057 50 4273 2059 50 4274 2052 50 4275 2058 50 4276 2060 50 4277 2058 50 4278 2059 50 4279 2060 50 4280 2062 537 4281 2063 50 4282 2054 2377 4283 2063 50 4284 2055 50 4285 2054 2377 4286 2062 537 4287 2054 2377 4288 2053 538 4289 2053 538 4290 2052 50 4291 2061 536 4292 2052 50 4293 2060 50 4294 2061 536 4295 2077 50 4296 2078 50 4297 2080 50 4298 2078 50 4299 2079 50 4300 2080 50 4301 2080 50 4302 2081 2378 4303 2077 50 4304 2084 50 4305 2071 50 4306 2072 50 4307 2084 50 4308 2072 50 4309 2073 50 4310 2076 2379 4311 2077 50 4312 2081 2378 4313 2083 50 4314 2084 50 4315 2074 50 4316 2084 50 4317 2073 50 4318 2074 50 4319 2076 2379 4320 2081 2378 4321 2082 540 4322 2083 50 4323 2074 50 4324 2075 539 4325 2075 539 4326 2076 2379 4327 2082 540 4328 2098 541 4329 2091 466 4330 2100 542 4331 2160 486 4332 2159 486 4333 2158 486 4334 2168 2380 4335 2167 486 4336 2163 2381 4337 2167 486 4338 2166 2382 4339 2163 2381 4340 2166 2382 4341 2165 486 4342 2164 2383 4343 2166 2382 4344 2164 2383 4345 2163 2381 4346 2160 486 4347 2158 486 4348 2170 486 4349 2161 548 4350 2160 486 4351 2170 486 4352 2168 2380 4353 2163 2381 4354 2162 547 4355 2161 548 4356 2170 486 4357 2169 549 4358 2169 549 4359 2168 2380 4360 2162 547 4361 2207 553 4362 2208 2301 4363 2202 554 4364 2208 2301 4365 2203 2300 4366 2202 554 4367 2201 555 4368 2206 2298 4369 2211 2297 4370 2201 555 4371 2211 2297 4372 2207 553 4373 2232 50 4374 2231 50 4375 2233 50 4376 2236 50 4377 2237 50 4378 2229 50 4379 2237 50 4380 2230 50 4381 2229 50 4382 2232 50 4383 2233 50 4384 2226 50 4385 2233 50 4386 2234 50 4387 2226 50 4388 2236 50 4389 2229 50 4390 2228 557 4391 2227 558 4392 2226 50 4393 2234 50 4394 2235 556 4395 2236 50 4396 2228 557 4397 2227 558 4398 2234 50 4399 2235 556 4400 2319 2384 4401 2320 2385 4402 2312 2386 4403 2320 2385 4404 2306 1927 4405 2313 50 4406 2312 2386 4407 2320 2385 4408 2313 50 4409 2315 2387 4410 2314 50 4411 2316 2388 4412 2309 562 4413 2315 2387 4414 2317 563 4415 2315 2387 4416 2316 2388 4417 2317 563 4418 2319 2384 4419 2312 2386 4420 2311 2389 4421 2319 2384 4422 2311 2389 4423 2310 50 4424 2318 564 4425 2319 2384 4426 2310 50 4427 2310 50 4428 2309 562 4429 2318 564 4430 2510 75 4431 2505 1555 4432 2504 2390 4433 2500 76 4434 2510 75 4435 2504 2390 4436 2506 2391 4437 2501 1554 4438 2502 1272 4439 2506 2391 4440 2502 1272 4441 2497 1271 4442 2500 76 4443 2504 2390 4444 2508 565 4445 2507 566 4446 2506 2391 4447 2497 1271 4448 2503 567 4449 2500 76 4450 2508 565 4451 2507 566 4452 2497 1271 4453 2503 567 4454 2655 2392 4455 2654 50 4456 2662 1386 4457 2664 983 4458 2658 1761 4459 2657 569 4460 2656 570 4461 2655 2392 4462 2662 1386 4463 2661 568 4464 2664 983 4465 2657 569 4466 2656 570 4467 2662 1386 4468 2661 568 4469 1438 579 4470 1443 1482 4471 1432 580 4472 1432 580 4473 1437 1266 4474 1439 578 4475 2383 2393 4479 2384 2394 4480 2375 2395 4481 2384 2394 4482 2376 50 4483 2375 2395 4484 2378 2396 4485 2377 50 4486 2379 50 4487 2378 2396 4488 2379 50 4489 2380 610 4490 2382 50 4491 2383 2393 4492 2375 2395 4493 2382 50 4494 2375 2395 4495 2374 2397 4496 2373 609 4497 2378 2396 4498 2380 610 4499 2382 50 4500 2374 2397 4501 2381 611 4502 2374 2397 4503 2373 609 4504 2381 611 4505 1512 659 4506 1511 2398 4507 1513 660 4508 2392 486 4524 2391 486 4525 2401 486 4526 2391 486 4527 2367 176 4528 2401 486 4529 2401 486 4530 2400 2401 4531 2392 486 4532 2397 486 4533 2396 486 4534 2395 486 4535 2397 486 4536 2395 486 4537 2394 486 4538 2393 683 4539 2392 486 4540 2400 2401 4541 2398 685 4542 2397 486 4543 2394 486 4544 2393 683 4545 2400 2401 4546 2399 684 4547 2398 685 4548 2394 486 4549 2393 683 4550 2184 699 4551 2192 552 4552 2190 442 4553 2748 705 4554 2747 1768 4555 2744 2067 4556 2747 1768 4557 2743 1770 4558 2744 2067 4559 2751 2402 4560 2742 1769 4561 2746 2403 4562 2740 1353 4563 2751 2402 4564 2746 2403 4565 2740 1353 4566 2746 2403 4567 2749 704 4568 2748 705 4569 2744 2067 4570 2745 703 4571 2745 703 4572 2740 1353 4573 2749 704 4574 2675 2404 4575 2681 2405 4576 2682 2406 4577 2677 708 4578 2678 486 4579 2671 486 4580 2678 486 4581 2672 2407 4582 2671 486 4583 2676 707 4584 2675 2404 4585 2682 2406 4586 2676 707 4587 2682 2406 4588 2677 708 4589 701 1609 4620 707 1611 4621 702 486 4622 707 1611 4623 703 486 4624 702 486 4625 704 2412 4626 705 2021 4627 698 2413 4628 703 486 4629 704 2412 4630 697 486 4631 704 2412 4632 698 2413 4633 697 486 4634 2108 884 4635 2113 881 4636 2103 888 4637 2102 883 4638 2107 882 4639 2106 2414 4640 2101 962 4641 2102 883 4642 2106 2414 4643 2109 50 4644 2108 884 4645 2103 888 4646 2109 50 4647 2103 888 4648 2099 543 4649 2101 962 4650 2106 2414 4651 2105 744 4652 2104 50 4653 2109 50 4654 2099 543 4655 2100 542 4656 2101 962 4657 2105 744 4658 2104 50 4659 2099 543 4660 2100 542 4661 1458 2317 4662 1452 2316 4663 1463 775 4664 1452 2316 4665 1457 773 4666 1463 775 4667 1457 773 4668 1456 2320 4669 1462 774 4670 2016 530 4677 2018 2416 4678 2019 2417 4679 2019 2417 4680 2020 2418 4681 2016 530 4682 2020 2418 4683 2021 785 4684 2016 530 4685 2329 720 4701 2330 690 4702 2333 814 4703 1744 821 4704 1746 2422 4705 1745 822 4706 709 830 4710 708 2423 4711 710 575 4712 2000 597 4713 2001 746 4714 2004 838 4715 659 432 4719 657 431 4720 656 844 4721 1885 2034 4725 1880 2036 4726 1884 853 4727 1880 2036 4728 1879 2426 4729 1884 853 4730 1879 2426 4731 1878 854 4732 1884 853 4733 1878 854 4734 1883 2427 4735 1887 852 4736 1883 2427 4737 1882 2428 4738 1887 852 4739 1882 2428 4740 1881 2035 4741 1886 2429 4742 1882 2428 4743 1886 2429 4744 1887 852 4745 1602 855 4746 1604 2430 4747 1603 856 4748 1149 486 4758 1150 2432 4759 1148 865 4760 1150 2432 4761 1151 864 4762 1148 865 4763 2675 2404 4764 2674 2433 4765 2681 2405 4766 2674 2433 4767 2673 866 4768 2680 868 4769 2673 866 4770 2672 2407 4771 2679 867 4772 2672 2407 4773 2678 486 4774 2679 867 4775 2680 868 4776 2681 2405 4777 2674 2433 4778 827 869 4779 826 1541 4780 829 870 4781 2097 443 4785 2098 541 4786 2099 543 4787 1471 900 4794 1470 2435 4795 1472 901 4796 2414 770 4809 2423 1027 4810 2415 926 4811 2650 939 4851 2651 1414 4852 2648 108 4853 1320 941 4854 1321 2442 4855 1316 942 4856 2758 944 4857 2757 2443 4858 2759 945 4859 2759 945 4860 2760 2444 4861 2756 943 4862 2760 2444 4863 2754 2445 4864 2755 2446 4865 2756 943 4866 2760 2444 4867 2755 2446 4868 1332 951 4872 1329 1824 4873 1330 39 4874 1161 177 4875 1163 719 4876 1162 955 4877 2101 962 4878 2100 542 4879 2091 466 4880 2652 966 4884 2650 939 4885 2649 65 4886 2695 974 4890 2694 2448 4891 2697 975 4892 2578 645 4893 2596 503 4894 2597 978 4895 869 980 4896 864 2449 4897 866 981 4898 2648 108 4899 2651 1414 4900 2664 983 4901 686 410 4902 685 581 4903 680 985 4904 1710 771 4908 1714 1691 4909 1715 988 4910 2135 990 4911 2134 2450 4912 2136 991 4913 2299 163 4920 2297 2451 4921 2302 998 4922 1792 731 4923 1795 1542 4924 1791 1002 4925 2528 1020 4935 2530 1301 4936 2531 1021 4937 1166 1025 4941 1162 955 4942 1163 719 4943 2414 770 4944 2404 122 4945 2422 1026 4946 1699 1032 4947 1698 2454 4948 1702 1030 4949 1702 1030 4950 1701 2455 4951 1700 1031 4952 812 1033 4953 811 2456 4954 817 1034 4955 2047 1048 4962 2043 142 4963 2044 621 4964 814 1064 4983 813 2460 4984 815 1065 4985 1416 1069 4986 1417 2461 4987 1419 1067 4988 1417 2461 4989 1418 486 4990 1419 1067 4991 995 1072 4992 996 1999 4993 998 1073 4994 959 1091 5007 960 255 5008 963 257 5009 913 1104 5034 912 2466 5035 914 1105 5036 817 1034 5037 811 2456 5038 814 1064 5039 1022 1144 5376 1031 1640 5377 1015 615 5378 2014 1173 5826 2013 1352 5827 2011 741 5828 1654 811 5844 1656 813 5845 1657 1183 5846 2173 223 5847 2190 442 5848 2192 552 5849 1582 50 5850 1583 50 5851 1586 1186 5852 1583 50 5853 1584 50 5854 1585 50 5855 1586 1186 5856 1583 50 5857 1585 50 5858 1586 1186 5859 1588 2592 5860 1587 1185 5861 1411 1187 5862 1410 613 5863 1414 612 5864 1445 2594 5877 1446 2595 5878 1444 1199 5879 1446 2595 5880 1447 50 5881 1444 1199 5882 1166 1025 5886 1164 272 5887 1165 438 5888 611 1202 5889 612 279 5890 614 281 5891 2776 1204 5892 2777 2596 5893 2775 1205 5894 2225 1216 5901 2224 2597 5902 2223 1217 5903 2456 486 5904 2457 486 5905 2465 486 5906 2457 486 5907 2450 1536 5908 2465 486 5909 2465 486 5910 2464 2598 5911 2456 486 5912 2464 2598 5913 2463 2599 5914 2455 2600 5915 2463 2599 5916 2462 1222 5917 2454 1224 5918 2462 1222 5919 2461 2601 5920 2453 1223 5921 2461 2601 5922 2460 486 5923 2459 2602 5924 2453 1223 5925 2461 2601 5926 2459 2602 5927 2460 486 5928 2458 486 5929 2459 2602 5930 2455 2600 5931 2456 486 5932 2464 2598 5933 2454 1224 5934 2455 2600 5935 2463 2599 5936 1890 1225 5937 1892 2012 5938 1893 1226 5939 605 1246 6048 607 2610 6049 610 1247 6050 1228 1253 6051 1227 2611 6052 1229 414 6053 1731 1257 6057 1730 2612 6058 1741 1258 6059 1730 2612 6060 1736 2243 6061 1741 1258 6062 1738 16 6063 1732 2246 6064 1737 1259 6065 1732 2246 6066 1731 1257 6067 1737 1259 6068 1949 1261 6075 1948 2613 6076 1947 1262 6077 1429 576 6078 1424 700 6079 1434 1265 6080 2493 670 6081 2496 728 6082 2497 1271 6083 2214 363 6087 2215 362 6088 2209 373 6089 1188 1277 6093 1189 2615 6094 1190 1278 6095 1024 709 6099 1025 1638 6100 1026 1284 6101 1580 262 6105 1565 252 6106 1568 1287 6107 1579 408 6108 1581 304 6109 1577 1289 6110 820 1291 6111 819 2616 6112 821 1292 6113 2440 2342 6117 2435 2341 6118 2439 1300 6119 2435 2341 6120 2434 2617 6121 2439 1300 6122 2434 2617 6123 2433 1298 6124 2439 1300 6125 2530 1301 6126 2528 1020 6127 2527 1302 6128 895 1144 6129 893 1622 6130 881 490 6131 2267 1310 6135 2265 559 6136 2264 294 6137 2582 250 6138 2577 133 6139 2585 1311 6140 2490 750 6141 2493 670 6142 2502 1272 6143 1036 486 6150 1035 486 6151 1038 486 6152 1035 486 6153 1034 1321 6154 1038 486 6155 1034 1321 6156 1033 2619 6157 1039 2620 6158 1039 2620 6159 1037 486 6160 1034 1321 6161 2739 589 6183 2741 512 6184 2740 1353 6185 878 192 6213 894 2623 6214 892 1370 6215 2034 1371 6216 2037 1928 6217 2038 1372 6218 1020 533 6234 1023 112 6235 1026 1284 6236 2643 625 6258 2653 31 6259 2662 1386 6260 2605 1395 6267 2610 1399 6268 2611 2627 6269 2612 1396 6270 2613 2628 6271 2606 1397 6272 2613 2628 6273 2607 2629 6274 2606 1397 6275 2605 1395 6276 2611 2627 6277 2612 1396 6278 2608 486 6279 2607 2629 6280 2614 486 6281 2607 2629 6282 2613 2628 6283 2614 486 6284 2615 1398 6285 2611 2627 6286 2610 1399 6287 2608 486 6288 2614 486 6289 2609 486 6290 2614 486 6291 2615 1398 6292 2609 486 6293 1826 2630 6297 1827 50 6298 1829 2631 6299 1827 50 6300 1828 50 6301 1829 2631 6302 1829 2631 6303 1830 2632 6304 1826 2630 6305 1831 50 6306 1832 2633 6307 1824 1403 6308 1832 2633 6309 1833 2634 6310 1823 2635 6311 1833 2634 6312 1834 2636 6313 1822 2637 6314 1834 2636 6315 1821 50 6316 1799 407 6317 1822 2637 6318 1834 2636 6319 1799 407 6320 1825 50 6321 1826 2630 6322 1830 2632 6323 1833 2634 6324 1822 2637 6325 1823 2635 6326 1832 2633 6327 1823 2635 6328 1824 1403 6329 1825 50 6330 1830 2632 6331 1831 50 6332 673 688 6360 676 544 6361 679 1413 6362 2768 486 6363 2769 486 6364 2762 486 6365 2769 486 6366 2763 2295 6367 2762 486 6368 2761 486 6369 2766 2294 6370 2767 2293 6371 2761 486 6372 2767 2293 6373 2768 486 6374 2419 1742 6375 2422 1026 6376 2417 1417 6377 2411 1418 6378 2418 50 6379 2421 50 6380 2420 50 6381 2419 1742 6382 2417 1417 6383 2411 1418 6384 2421 50 6385 2420 50 6386 676 544 6525 677 740 6526 678 1440 6527 958 1441 6528 954 2091 6529 955 1442 6530 1856 393 6531 1858 1450 6532 1873 140 6533 1856 393 6537 1857 459 6538 1860 1449 6539 1840 908 6540 1842 2661 6541 1843 1453 6542 1517 661 6561 1513 660 6562 1514 1469 6563 1611 1474 6567 1612 2664 6568 1613 1475 6569 2372 1478 6570 2371 2665 6571 2370 1479 6572 1434 1265 6573 1435 50 6574 1440 1483 6575 1440 1483 6576 1439 578 6577 1437 1266 6578 809 1486 6579 810 492 6580 804 2666 6581 810 492 6582 805 494 6583 804 2666 6584 804 2666 6585 803 1484 6586 809 1486 6587 808 1485 6588 803 1484 6589 802 1488 6590 801 1489 6591 800 493 6592 806 2667 6593 800 493 6594 810 492 6595 806 2667 6596 807 1487 6597 808 1485 6598 802 1488 6599 801 1489 6600 806 2667 6601 807 1487 6602 776 1499 6624 774 769 6625 777 368 6626 610 1247 6627 607 2610 6628 608 1503 6629 2599 2669 6642 2598 2670 6643 2601 1520 6644 2598 2670 6645 2604 486 6646 2601 1520 6647 2604 486 6648 2603 2671 6649 2601 1520 6650 2603 2671 6651 2602 1519 6652 2601 1520 6653 763 2672 6663 767 2673 6664 764 1523 6665 767 2673 6666 766 1521 6667 764 1523 6668 1474 902 6669 1472 901 6670 1473 1524 6671 1272 824 6675 1276 1439 6676 1277 1528 6677 1021 1381 6678 1022 1144 6679 1018 629 6680 898 1532 6681 897 2674 6682 901 1531 6683 897 2674 6684 899 50 6685 900 2675 6686 901 1531 6687 897 2674 6688 900 2675 6689 2587 1535 6693 2584 1634 6694 2594 333 6695 1911 2676 6699 1912 50 6700 1921 50 6701 1916 2677 6702 1915 50 6703 1913 50 6704 1916 2677 6705 1913 50 6706 1914 2678 6707 1911 2676 6708 1921 50 6709 1920 2679 6710 1910 2680 6711 1911 2676 6712 1920 2679 6713 1917 2681 6714 1916 2677 6715 1908 2682 6716 1916 2677 6717 1914 2678 6718 1908 2682 6719 1910 2680 6720 1920 2679 6721 1919 1539 6722 1917 2681 6723 1908 2682 6724 1918 1540 6725 1908 2682 6726 1909 1538 6727 1918 1540 6728 1909 1538 6729 1910 2680 6730 1919 1539 6731 2617 1551 6732 2618 2683 6733 2619 1552 6734 1589 2684 6738 1595 1561 6739 1596 1560 6740 1595 1561 6741 1594 2685 6742 1600 1559 6743 1594 2685 6744 1593 2686 6745 1600 1559 6746 1599 2687 6747 1600 1559 6748 1593 2686 6749 1593 2686 6750 1592 2688 6751 1599 2687 6752 1592 2688 6753 1591 1562 6754 1598 1564 6755 1591 1562 6756 1590 2689 6757 1597 1563 6758 1590 2689 6759 1589 2684 6760 1596 1560 6761 1597 1563 6762 1590 2689 6763 1596 1560 6764 1598 1564 6765 1599 2687 6766 1592 2688 6767 2051 1580 6777 2050 2692 6778 2049 1581 6779 2040 1583 6780 2035 2693 6781 2034 1371 6782 2775 1205 6801 2777 2596 6802 2778 1591 6803 1062 1593 6804 1063 2697 6805 1064 1594 6806 1068 2698 6807 1069 2699 6808 1076 2700 6809 1069 2699 6810 1077 50 6811 1076 2700 6812 1072 2701 6813 1070 2702 6814 1071 2703 6815 1072 2701 6816 1071 2703 6817 1073 2704 6818 1071 2703 6819 1066 2705 6820 1073 2704 6821 1068 2698 6822 1076 2700 6823 1075 1597 6824 1067 1596 6825 1068 2698 6826 1075 1597 6827 1073 2704 6828 1066 2705 6829 1074 1598 6830 1066 2705 6831 1067 1596 6832 1074 1598 6833 647 2706 6837 635 2707 6838 636 2708 6839 646 2709 6840 647 2706 6841 636 2708 6842 643 2710 6843 644 2711 6844 638 1604 6845 644 2711 6846 645 1605 6847 638 1604 6848 641 50 6849 642 50 6850 640 50 6851 642 50 6852 643 2710 6853 639 2712 6854 639 2712 6855 640 50 6856 642 50 6857 646 2709 6858 636 2708 6859 637 1603 6860 638 1604 6861 639 2712 6862 643 2710 6863 645 1605 6864 646 2709 6865 637 1603 6866 667 702 6867 680 985 6868 678 1440 6869 687 1606 6870 685 581 6871 686 410 6872 728 2713 6873 729 50 6874 721 2714 6875 728 2713 6876 721 2714 6877 720 2715 6878 726 1614 6879 727 2716 6880 719 2717 6881 727 2716 6882 728 2713 6883 720 2715 6884 723 2718 6885 722 50 6886 724 50 6887 718 1612 6888 723 2718 6889 725 1613 6890 723 2718 6891 724 50 6892 725 1613 6893 727 2716 6894 720 2715 6895 719 2717 6896 726 1614 6897 719 2717 6898 718 1612 6899 777 368 6900 778 426 6901 779 1615 6902 788 605 6903 769 586 6904 787 1616 6905 784 50 6906 783 50 6907 787 1616 6908 776 1499 6909 782 50 6910 786 50 6911 776 1499 6912 786 50 6913 785 1618 6914 784 50 6915 787 1616 6916 790 1619 6917 790 1619 6918 776 1499 6919 785 1618 6920 774 769 6921 776 1499 6922 790 1619 6923 884 629 6924 886 533 6925 885 1620 6926 886 533 6927 880 632 6928 887 1621 6929 876 677 6930 892 1370 6931 887 1621 6932 893 1622 6933 894 2623 6934 878 192 6935 908 1627 6936 909 2120 6937 903 2719 6938 909 2120 6939 904 486 6940 903 2719 6941 903 2719 6942 902 1628 6943 908 1627 6944 902 1628 6945 907 486 6946 911 1629 6947 911 1629 6948 907 486 6949 906 486 6950 906 486 6951 905 2720 6952 910 1630 6953 905 2720 6954 904 486 6955 909 2120 6956 910 1630 6957 905 2720 6958 909 2120 6959 973 1633 6960 972 2721 6961 966 1631 6962 972 2721 6963 971 2722 6964 965 2723 6965 966 1631 6966 972 2721 6967 965 2723 6968 970 2724 6969 968 486 6970 969 2725 6971 970 2724 6972 969 2725 6973 971 2722 6974 969 2725 6975 965 2723 6976 971 2722 6977 961 1773 6978 956 1579 6979 967 2726 6980 956 1579 6981 974 1632 6982 967 2726 6983 966 1631 6984 967 2726 6985 974 1632 6986 2584 1634 6987 2585 1311 6988 2577 133 6989 989 2727 6990 988 2728 6991 987 2729 6992 989 2727 6993 987 2729 6994 990 2730 6995 987 2729 6996 986 2731 6997 990 2730 6998 992 1637 6999 991 2732 7000 985 1635 7001 991 2732 7002 990 2730 7003 986 2731 7004 985 1635 7005 991 2732 7006 986 2731 7007 982 486 7008 993 2733 7009 983 2734 7010 993 2733 7011 992 1637 7012 984 1636 7013 984 1636 7014 983 2734 7015 993 2733 7016 1012 387 7017 1032 2735 7018 1025 1638 7019 1031 1640 7020 1032 2735 7021 1012 387 7022 1049 1642 7023 1044 2736 7024 1043 1643 7025 1043 1643 7026 1042 2737 7027 1048 1641 7028 1042 2737 7029 1047 2738 7030 1048 1641 7031 1045 1644 7032 1044 2736 7033 1050 1645 7034 1044 2736 7035 1049 1642 7036 1050 1645 7037 1042 2737 7038 1041 2739 7039 1047 2738 7040 1041 2739 7041 1040 2740 7042 1046 1646 7043 1047 2738 7044 1041 2739 7045 1046 1646 7046 1040 2740 7047 1045 1644 7048 1046 1646 7049 1159 956 7050 1160 2118 7051 1170 102 7052 1167 604 7053 1168 2119 7054 1169 1201 7055 1175 1649 7056 1171 50 7057 1155 437 7058 1155 437 7059 1172 2741 7060 1175 1649 7061 1172 2741 7062 1173 1647 7063 1175 1649 7064 1186 1651 7065 1182 2742 7066 1181 2743 7067 1180 1652 7068 1179 2744 7069 1185 1650 7070 1179 2744 7071 1178 486 7072 1185 1650 7073 1178 486 7074 1184 2745 7075 1185 1650 7076 1186 1651 7077 1181 2743 7078 1180 1652 7079 1181 2743 7080 1182 2742 7081 1176 1655 7082 1182 2742 7083 1183 1653 7084 1176 1655 7085 1183 1653 7086 1184 2745 7087 1177 1654 7088 1184 2745 7089 1178 486 7090 1177 1654 7091 1263 2746 7092 1264 2747 7093 1266 2748 7094 1264 2747 7095 1265 50 7096 1266 2748 7097 1266 2748 7098 1267 50 7099 1263 2746 7100 1268 50 7101 1269 50 7102 1261 50 7103 1269 50 7104 1270 2749 7105 1260 2750 7106 1270 2749 7107 1271 50 7108 1259 2751 7109 1271 50 7110 1257 50 7111 1258 50 7112 1259 2751 7113 1271 50 7114 1258 50 7115 1262 50 7116 1263 2746 7117 1267 50 7118 1270 2749 7119 1259 2751 7120 1260 2750 7121 1269 50 7122 1260 2750 7123 1261 50 7124 1262 50 7125 1267 50 7126 1268 50 7127 1287 1656 7128 1288 956 7129 1283 77 7130 1295 689 7131 1290 1657 7132 1287 1656 7133 1292 50 7134 1294 50 7135 1290 1657 7136 1290 1657 7137 1291 50 7138 1293 50 7139 1290 1657 7140 1295 689 7141 1297 507 7142 1306 2752 7143 1312 2753 7144 1307 1661 7145 1312 2753 7146 1313 1659 7147 1307 1661 7148 1308 1660 7149 1313 1659 7150 1314 2754 7151 1309 2755 7152 1308 1660 7153 1314 2754 7154 1312 2753 7155 1306 2752 7156 1311 2756 7157 1306 2752 7158 1305 1662 7159 1311 2756 7160 1310 1663 7161 1309 2755 7162 1315 1664 7163 1309 2755 7164 1314 2754 7165 1315 1664 7166 1315 1664 7167 1311 2756 7168 1305 1662 7169 1389 2757 7170 1390 1393 7171 1380 1666 7172 1390 1393 7173 1381 50 7174 1380 1666 7175 1386 2758 7176 1387 2759 7177 1378 2760 7178 1387 2759 7179 1388 1665 7180 1379 1667 7181 1378 2760 7182 1387 2759 7183 1379 1667 7184 1384 50 7185 1385 2761 7186 1383 50 7187 1385 2761 7188 1386 2758 7189 1378 2760 7190 1383 50 7191 1382 50 7192 1384 50 7193 1378 2760 7194 1383 50 7195 1385 2761 7196 1388 1665 7197 1389 2757 7198 1380 1666 7199 1433 1668 7200 1421 429 7201 1442 464 7202 1443 1482 7203 1441 1669 7204 1442 464 7205 1443 1482 7206 1426 454 7207 1430 329 7208 1484 2762 7209 1485 50 7210 1493 2763 7211 1488 2764 7212 1486 2765 7213 1487 2766 7214 1488 2764 7215 1487 2766 7216 1489 2767 7217 1487 2766 7218 1481 2768 7219 1489 2767 7220 1484 2762 7221 1493 2763 7222 1492 2769 7223 1483 50 7224 1484 2762 7225 1492 2769 7226 1489 2767 7227 1481 2768 7228 1490 1674 7229 1481 2768 7230 1482 1675 7231 1490 1674 7232 1483 50 7233 1492 2769 7234 1491 1673 7235 1482 1675 7236 1483 50 7237 1491 1673 7238 1524 1676 7239 1525 2770 7240 1532 1677 7241 1525 2770 7242 1515 1550 7243 1532 1677 7244 1531 1678 7245 1530 2771 7246 1523 2772 7247 1530 2771 7248 1529 2773 7249 1522 2774 7250 1523 2772 7251 1530 2771 7252 1522 2774 7253 1528 2775 7254 1526 2776 7255 1527 2777 7256 1528 2775 7257 1527 2777 7258 1529 2773 7259 1527 2777 7260 1522 2774 7261 1529 2773 7262 1523 2772 7263 1524 1676 7264 1531 1678 7265 2277 1679 7266 2257 290 7267 2278 154 7268 1565 252 7269 1569 371 7270 1567 1681 7271 1559 243 7272 1579 408 7273 1578 1290 7274 1568 1287 7275 1571 50 7276 1576 50 7277 1575 1683 7278 1573 2778 7279 1566 1288 7280 1566 1288 7281 1568 1287 7282 1576 50 7283 1621 2779 7284 1619 2780 7285 1620 2781 7286 1621 2779 7287 1620 2781 7288 1622 2782 7289 1620 2781 7290 1615 1684 7291 1622 2782 7292 1625 2783 7293 1624 2784 7294 1617 2785 7295 1624 2784 7296 1623 1686 7297 1616 1685 7298 1618 50 7299 1626 50 7300 1625 2783 7301 1617 2785 7302 1618 50 7303 1625 2783 7304 1616 1685 7305 1617 2785 7306 1624 2784 7307 1622 2782 7308 1615 1684 7309 1623 1686 7310 1663 2786 7311 1662 2787 7312 1664 2788 7313 1664 2788 7314 1665 2789 7315 1663 2786 7316 1665 2789 7317 1666 1689 7318 1658 1688 7319 1666 1689 7320 1667 2790 7321 1659 1687 7322 1667 2790 7323 1668 2791 7324 1660 2792 7325 1659 1687 7326 1667 2790 7327 1660 2792 7328 1668 2791 7329 1669 2793 7330 1660 2792 7331 1669 2793 7332 1670 2794 7333 1661 2795 7334 1660 2792 7335 1669 2793 7336 1661 2795 7337 1658 1688 7338 1663 2786 7339 1665 2789 7340 1710 771 7341 1706 415 7342 1716 1690 7343 1722 1692 7344 1716 1690 7345 1706 415 7346 1724 486 7347 1729 486 7348 1709 19 7349 1729 486 7350 1728 486 7351 1709 19 7352 1728 486 7353 1727 486 7354 1726 1696 7355 1726 1696 7356 1725 2796 7357 1709 19 7358 1763 2797 7359 1764 2798 7360 1771 2799 7361 1767 2800 7362 1766 50 7363 1760 2801 7364 1766 50 7365 1765 50 7366 1760 2801 7367 1763 2797 7368 1771 2799 7369 1770 2802 7370 1762 1698 7371 1763 2797 7372 1770 2802 7373 1768 2803 7374 1767 2800 7375 1760 2801 7376 1768 2803 7377 1760 2801 7378 1761 1697 7379 1762 1698 7380 1770 2802 7381 1769 1699 7382 1768 2803 7383 1761 1697 7384 1769 1699 7385 1857 459 7386 1859 758 7387 1861 1700 7388 1871 302 7389 1870 1963 7390 1861 1700 7391 1853 571 7392 1877 486 7393 1876 486 7394 1876 486 7395 1875 2804 7396 1852 392 7397 1875 2804 7398 1874 2805 7399 1852 392 7400 1961 2806 7404 1962 50 7405 1953 2807 7406 1962 50 7407 1954 50 7408 1953 2807 7409 1958 2808 7410 1959 1703 7411 1950 1702 7412 1959 1703 7413 1960 50 7414 1951 1701 7415 1956 2809 7416 1955 2810 7417 1957 2811 7418 1950 1702 7419 1956 2809 7420 1958 2808 7421 1956 2809 7422 1957 2811 7423 1958 2808 7424 1961 2806 7425 1953 2807 7426 1952 2812 7427 1960 50 7428 1961 2806 7429 1952 2812 7430 1960 50 7431 1952 2812 7432 1951 1701 7433 2005 146 7434 2012 2813 7435 2006 1621 7436 2014 1173 7437 2015 528 7438 2000 597 7439 2026 1707 7440 2032 486 7441 2033 1708 7442 2085 50 7443 2089 50 7444 2087 50 7445 2089 50 7446 2088 50 7447 2087 50 7448 2112 474 7449 2113 881 7450 2102 883 7451 2123 1712 7452 2122 2814 7453 2128 2815 7454 2122 2814 7455 2121 2816 7456 2127 2817 7457 2128 2815 7458 2122 2814 7459 2127 2817 7460 2121 2816 7461 2131 1714 7462 2127 2817 7463 2128 2815 7464 2129 1710 7465 2123 1712 7466 2125 2818 7467 2124 1711 7468 2129 1710 7469 2125 2818 7470 2129 1710 7471 2130 1713 7472 2131 1714 7473 2121 2816 7474 2126 1715 7475 2125 2818 7476 2130 1713 7477 2126 1715 7478 2148 486 7479 2149 486 7480 2157 1537 7481 2156 486 7482 2155 486 7483 2148 486 7484 2155 486 7485 2154 1718 7486 2147 1717 7487 2152 2819 7488 2150 486 7489 2151 2820 7490 2152 2819 7491 2151 2820 7492 2153 2821 7493 2151 2820 7494 2146 1716 7495 2153 2821 7496 2148 486 7497 2157 1537 7498 2156 486 7499 2147 1717 7500 2148 486 7501 2155 486 7502 2153 2821 7503 2146 1716 7504 2154 1718 7505 2179 1719 7506 2184 699 7507 2191 424 7508 2175 197 7509 2181 1721 7510 2179 1719 7511 2175 197 7512 2189 117 7513 2180 1720 7514 2184 699 7515 2188 2822 7516 2187 2823 7517 2186 1722 7518 2185 550 7519 2192 552 7520 2184 699 7521 2187 2823 7522 2186 1722 7523 2189 117 7524 2173 223 7525 2183 551 7526 2248 1724 7527 2249 50 7528 2250 50 7529 2250 50 7530 2251 1725 7531 2248 1724 7532 2251 1725 7533 2252 2824 7534 2247 1723 7535 2252 2824 7536 2253 2825 7537 2247 1723 7538 2253 2825 7539 2254 2826 7540 2246 2827 7541 2247 1723 7542 2253 2825 7543 2246 2827 7544 2254 2826 7545 2255 2828 7546 2246 2827 7547 2255 2828 7548 2244 2829 7549 2245 2830 7550 2246 2827 7551 2255 2828 7552 2245 2830 7553 2264 294 7554 2265 559 7555 2276 1680 7556 2293 1726 7557 2294 2831 7558 2289 1727 7559 2293 1726 7560 2288 1728 7561 2287 2832 7562 2286 2833 7563 2292 1731 7564 2296 1730 7565 2292 1731 7566 2291 2834 7567 2295 1729 7568 2291 2834 7569 2290 2835 7570 2294 2831 7571 2290 2835 7572 2289 1727 7573 2294 2831 7574 2293 1726 7575 2287 2832 7576 2296 1730 7577 2287 2832 7578 2286 2833 7579 2296 1730 7580 2291 2834 7581 2294 2831 7582 2295 1729 7583 778 426 7584 788 605 7585 781 1617 7586 2332 1721 7590 2333 814 7591 2330 690 7592 2335 1733 7593 2332 1721 7594 2331 717 7595 2323 390 7596 2344 2032 7597 2335 1733 7598 2349 1739 7599 2350 50 7600 2345 50 7601 2345 50 7602 2346 2836 7603 2349 1739 7604 2346 2836 7605 2348 1737 7606 2349 1739 7607 2411 1418 7608 2408 680 7609 2412 681 7610 2422 1026 7611 2404 122 7612 2424 739 7613 2417 1417 7614 2424 739 7615 2408 680 7616 663 1745 7617 664 486 7618 665 486 7619 665 486 7620 661 1743 7621 663 1745 7622 2472 50 7623 2473 50 7624 2474 50 7625 2474 50 7626 2475 50 7627 2472 50 7628 2475 50 7629 2476 2837 7630 2471 2838 7631 2472 50 7632 2475 50 7633 2471 2838 7634 2476 2837 7635 2477 2839 7636 2471 2838 7637 2477 2839 7638 2478 1748 7639 2470 1747 7640 2478 1748 7641 2479 50 7642 2469 1746 7643 2479 50 7644 2480 2840 7645 2469 1746 7646 2480 2840 7647 2466 50 7648 2468 2841 7649 2466 50 7650 2467 50 7651 2468 2841 7652 2480 2840 7653 2468 2841 7654 2469 1746 7655 2470 1747 7656 2471 2838 7657 2477 2839 7658 2496 728 7659 2498 199 7660 2503 567 7661 2500 76 7662 2503 567 7663 2498 199 7664 2509 1313 7665 2510 75 7666 2488 765 7667 2513 486 7668 2512 486 7669 2515 486 7670 2512 486 7671 2511 486 7672 2515 486 7673 2511 486 7674 2516 486 7675 2515 486 7676 2544 2842 7677 2551 1234 7678 2543 2843 7679 2551 1234 7680 2550 202 7681 2543 2843 7682 2550 202 7683 2549 2844 7684 2543 2843 7685 2549 2844 7686 2548 1751 7687 2542 1750 7688 2546 486 7689 2545 486 7690 2536 1070 7691 2546 486 7692 2536 1070 7693 2547 2845 7694 2536 1070 7695 2541 1749 7696 2547 2845 7697 2542 1750 7698 2543 2843 7699 2549 2844 7700 2547 2845 7701 2541 1749 7702 2548 1751 7703 2583 1312 7704 2597 978 7705 2596 503 7706 2572 2846 7707 2559 2847 7708 2561 2848 7709 2559 2847 7710 2560 50 7711 2561 2848 7712 2569 2849 7713 2570 1752 7714 2563 1754 7715 2570 1752 7716 2571 2850 7717 2562 1753 7718 2566 50 7719 2567 50 7720 2565 50 7721 2567 50 7722 2568 2851 7723 2564 50 7724 2564 50 7725 2565 50 7726 2567 50 7727 2571 2850 7728 2572 2846 7729 2561 2848 7730 2571 2850 7731 2561 2848 7732 2562 1753 7733 2564 50 7734 2568 2851 7735 2563 1754 7736 2568 2851 7737 2569 2849 7738 2563 1754 7739 2593 1756 7740 2589 2852 7741 2597 978 7742 2597 978 7743 2588 2853 7744 2592 1755 7745 2634 50 7746 2633 50 7747 2635 2854 7748 2638 2855 7749 2639 50 7750 2632 2856 7751 2639 50 7752 2640 1415 7753 2627 896 7754 2632 2856 7755 2639 50 7756 2627 896 7757 2634 50 7758 2635 2854 7759 2630 1757 7760 2635 2854 7761 2636 1758 7762 2630 1757 7763 2637 1759 7764 2638 2855 7765 2631 2857 7766 2638 2855 7767 2632 2856 7768 2631 2857 7769 2631 2857 7770 2630 1757 7771 2637 1759 7772 2662 1386 7773 2653 31 7774 2660 588 7775 2665 1764 7776 2666 50 7777 2669 1762 7778 2666 50 7779 2667 2858 7780 2669 1762 7781 2667 2858 7782 2668 2859 7783 2669 1762 7784 2701 2860 7785 2702 486 7786 2710 1345 7787 2691 185 7788 2709 2861 7789 2701 2860 7790 2709 2861 7791 2708 1767 7792 2700 1766 7793 2708 1767 7794 2707 2862 7795 2699 1765 7796 2707 2862 7797 2706 2863 7798 2699 1765 7799 2706 2863 7800 2705 486 7801 2703 486 7802 2705 486 7803 2704 486 7804 2713 658 7805 2703 486 7806 2705 486 7807 2713 658 7808 2701 2860 7809 2710 1345 7810 2691 185 7811 2700 1766 7812 2701 2860 7813 2709 2861 7814 2706 2863 7815 2703 486 7816 2698 2864 7817 2706 2863 7818 2698 2864 7819 2699 1765 7820 2752 441 7821 2751 2402 7822 2740 1353 7823 2753 1771 7824 2751 2402 7825 2752 441 7826 2194 50 7827 2193 224 7828 2197 50 7829 2193 224 7830 2195 50 7831 2197 50 7832 2195 50 7833 2196 50 7834 2197 50 7835 929 2865 7836 928 486 7837 930 2866 7838 934 2867 7839 935 2868 7840 926 2869 7841 935 2868 7842 927 2870 7843 926 2869 7844 929 2865 7845 930 2866 7846 931 2871 7847 923 2872 7848 929 2865 7849 931 2871 7850 933 486 7851 934 2867 7852 925 486 7853 934 2867 7854 926 2869 7855 925 486 7856 923 2872 7857 931 2871 7858 932 486 7859 933 486 7860 925 486 7861 924 486 7862 924 486 7863 923 2872 7864 932 486 7865 1569 371 7887 1559 243 7888 1570 1682 7889 1869 1791 7890 1868 572 7891 1872 706 7892 2013 1352 7893 2012 2813 7894 2005 146 7895 2006 1621 7896 2004 838 7897 2001 746 7898 1362 50 7926 1361 50 7927 1359 50 7928 1361 50 7929 1360 50 7930 1359 50 7931 1364 1806 7932 1363 50 7933 1358 50 7934 1363 50 7935 1362 50 7936 1359 50 7937 1358 50 7938 1363 50 7939 1359 50 7940 1366 2878 7941 1365 2879 7942 1356 2880 7943 1365 2879 7944 1364 1806 7945 1357 1807 7946 1356 2880 7947 1365 2879 7948 1357 1807 7949 1353 50 7950 1367 2881 7951 1354 170 7952 1367 2881 7953 1366 2878 7954 1355 2882 7955 1355 2882 7956 1354 170 7957 1367 2881 7958 1356 2880 7959 1355 2882 7960 1366 2878 7961 1899 1808 7962 1898 2883 7963 1900 399 7964 2135 990 7989 2137 992 7990 2138 1818 7991 1051 1826 7992 1053 58 7993 1055 1827 7994 2141 1837 8004 2140 2887 8005 2142 207 8006 1249 2890 8019 1248 2891 8020 1239 2892 8021 1248 2891 8022 1247 1848 8023 1238 1850 8024 1245 2893 8025 1244 486 8026 1242 486 8027 1245 2893 8028 1242 486 8029 1243 2894 8030 1240 2895 8031 1241 486 8032 1250 486 8033 1240 2895 8034 1250 486 8035 1249 2890 8036 1246 1849 8037 1245 2893 8038 1237 2896 8039 1245 2893 8040 1243 2894 8041 1237 2896 8042 1239 2892 8043 1240 2895 8044 1249 2890 8045 1246 1849 8046 1237 2896 8047 1238 1850 8048 1238 1850 8049 1239 2892 8050 1248 2891 8051 2587 1535 8055 2575 152 8056 2578 645 8057 2257 290 8058 2277 1679 8059 2269 1853 8060 823 1293 8067 821 1292 8068 822 1857 8069 2522 1863 8079 2523 2899 8080 2517 1861 8081 2523 2899 8082 2518 2900 8083 2517 1861 8084 2521 1862 8085 2525 2901 8086 2522 1863 8087 1747 1873 8109 1746 2422 8110 1744 821 8111 1110 50 8235 1109 50 8236 1111 50 8237 1111 50 8238 1112 2913 8239 1110 50 8240 1112 2913 8241 1113 1916 8242 1106 2914 8243 1115 2915 8244 1116 1028 8245 1103 1772 8246 1115 2915 8247 1103 1772 8248 1108 2916 8249 1106 2914 8250 1110 50 8251 1112 2913 8252 1115 2915 8253 1108 2916 8254 1114 1917 8255 1108 2916 8256 1107 1918 8257 1114 1917 8258 1107 1918 8259 1106 2914 8260 1113 1916 8261 2412 681 8265 2413 478 8266 2415 926 8267 2259 682 8280 2268 452 8281 2269 1853 8282 2217 1935 8283 2219 182 8284 2221 184 8285 866 981 8292 865 2917 8293 867 1942 8294 761 795 8301 757 797 8302 759 1945 8303 2525 2901 8322 2521 1862 8323 2520 1950 8324 2519 1951 8325 2518 2900 8326 2531 1021 8327 2518 2900 8328 2523 2899 8329 2531 1021 8330 2524 1952 8331 2525 2901 8332 2520 1950 8333 2519 1951 8334 2531 1021 8335 2524 1952 8336 1755 196 8337 1758 768 8338 1759 1957 8339 2336 1736 8343 2325 381 8344 2329 720 8345 1870 1963 8349 1871 302 8350 1868 572 8351 1421 429 8355 1433 1668 8356 1434 1265 8357 1848 1970 8358 1847 2922 8359 1846 1971 8360 2590 2923 8379 2586 50 8380 2584 1634 8381 2587 1535 8382 2588 2853 8383 2591 1984 8384 2591 1984 8385 2590 2923 8386 2584 1634 8387 1721 665 8388 1723 1992 8389 1722 1692 8390 1780 2924 8391 1757 195 8392 1789 2925 8393 1757 195 8394 1779 50 8395 1789 2925 8396 1789 2925 8397 1788 2926 8398 1780 2924 8399 1785 2927 8400 1784 50 8401 1783 2928 8402 1785 2927 8403 1783 2928 8404 1786 2929 8405 1783 2928 8406 1782 1986 8407 1786 2929 8408 1781 1987 8409 1780 2924 8410 1788 2926 8411 1781 1987 8412 1788 2926 8413 1787 1988 8414 1786 2929 8415 1782 1986 8416 1787 1988 8417 1927 2930 8418 1926 1178 8419 1939 2931 8420 1926 1178 8421 1925 50 8422 1939 2931 8423 1939 2931 8424 1938 2932 8425 1927 2930 8426 1938 2932 8427 1937 2933 8428 1928 2934 8429 1937 2933 8430 1936 50 8431 1929 50 8432 1928 2934 8433 1937 2933 8434 1929 50 8435 1935 2935 8436 1934 50 8437 1931 2936 8438 1934 50 8439 1933 50 8440 1932 50 8441 1931 2936 8442 1934 50 8443 1932 50 8444 1928 2934 8445 1927 2930 8446 1938 2932 8447 1935 2935 8448 1931 2936 8449 1930 1989 8450 1936 50 8451 1935 2935 8452 1930 1989 8453 2664 983 8454 2661 568 8455 2660 588 8456 1303 1991 8457 1302 2937 8458 1279 209 8459 1302 2937 8460 1301 2938 8461 1300 2939 8462 1279 209 8463 1302 2937 8464 1300 2939 8465 1723 1992 8466 1721 665 8467 1707 18 8468 871 486 8472 872 486 8473 870 1997 8474 872 486 8475 873 1995 8476 870 1997 8477 2266 467 8493 2259 682 8494 2270 1932 8495 1892 2012 8496 1890 1225 8497 1889 2013 8498 1285 673 8502 1286 2029 8503 1298 2016 8504 916 1106 8505 914 1105 8506 915 2019 8507 706 1610 8508 701 1609 8509 700 2022 8510 699 2023 8511 698 2413 8512 705 2021 8513 705 2021 8514 706 1610 8515 700 2022 8516 2133 2024 8517 2132 1819 8518 2138 1818 8519 1283 77 8520 1288 956 8521 1286 2029 8522 1009 2031 8523 1008 2941 8524 1007 2942 8525 1007 2942 8526 1006 2030 8527 1009 2031 8528 2325 381 8529 2336 1736 8530 2344 2032 8531 1991 2033 8532 1982 162 8533 1992 2943 8534 1992 2943 8535 1993 486 8536 1991 2033 8537 862 1305 8538 863 1670 8539 859 1672 8540 1885 2034 8541 1886 2429 8542 1881 2035 8543 1202 2944 8544 1201 486 8545 1203 486 8546 1203 486 8547 1204 2945 8548 1202 2944 8549 1204 2945 8550 1205 2946 8551 1197 2038 8552 1202 2944 8553 1204 2945 8554 1197 2038 8555 1205 2946 8556 1206 2039 8557 1197 2038 8558 1206 2039 8559 1207 2947 8560 1198 2037 8561 1207 2947 8562 1208 2948 8563 1199 2949 8564 1208 2948 8565 1194 1477 8566 1200 2950 8567 1199 2949 8568 1208 2948 8569 1200 2950 8570 1207 2947 8571 1199 2949 8572 1198 2037 8573 2342 1735 8574 2337 815 8575 2333 814 8576 2333 814 8577 2338 2951 8578 2343 2040 8579 2336 1736 8580 2341 1734 8581 2340 2041 8582 2339 2042 8583 2338 2951 8584 2335 1733 8585 2344 2032 8586 2336 1736 8587 2340 2041 8588 2339 2042 8589 2335 1733 8590 2344 2032 8591 1296 1658 8592 1297 507 8593 1299 208 8594 2119 2050 8595 2120 2952 8596 2118 2051 8597 2118 2051 8598 2117 2953 8599 2115 2954 8600 2117 2953 8601 2116 2955 8602 2115 2954 8603 2115 2954 8604 2114 2049 8605 2118 2051 8606 1713 263 8721 1715 988 8722 1718 1693 8723 2113 881 8724 2112 474 8725 2097 443 8726 2744 2067 8733 2738 351 8734 2739 589 8735 1580 262 8736 1566 1288 8737 1577 1289 8738 2280 2983 8760 2281 2984 8761 2279 2080 8762 2281 2984 8763 2282 50 8764 2283 50 8765 2279 2080 8766 2281 2984 8767 2285 50 8768 2283 50 8769 2285 50 8770 2281 2984 8771 2357 2084 8772 2358 2985 8773 2352 2986 8774 2351 2085 8775 2356 2987 8776 2362 2083 8777 2356 2987 8778 2355 2988 8779 2361 2989 8780 2362 2083 8781 2356 2987 8782 2361 2989 8783 2357 2084 8784 2352 2986 8785 2351 2085 8786 2352 2986 8787 2358 2985 8788 2353 2088 8789 2358 2985 8790 2359 2990 8791 2353 2088 8792 2360 2086 8793 2361 2989 8794 2354 2087 8795 2361 2989 8796 2355 2988 8797 2354 2087 8798 2353 2088 8799 2359 2990 8800 2360 2086 8801 953 2090 8802 952 2991 8803 954 2091 8804 1813 50 8814 1814 50 8815 1805 50 8816 1814 50 8817 1806 50 8818 1805 50 8819 1808 2992 8820 1807 50 8821 1809 2993 8822 1802 2994 8823 1808 2992 8824 1810 2995 8825 1808 2992 8826 1809 2993 8827 1810 2995 8828 1813 50 8829 1805 50 8830 1804 2996 8831 1812 2094 8832 1813 50 8833 1804 2996 8834 1812 2094 8835 1804 2996 8836 1803 2095 8837 1803 2095 8838 1802 2994 8839 1811 2093 8840 1802 2994 8841 1810 2995 8842 1811 2093 8843 2743 1770 8847 2734 109 8848 2738 351 8849 1687 2997 8859 1688 2998 8860 1678 2999 8861 1688 2998 8862 1677 50 8863 1678 2999 8864 1684 50 8865 1685 50 8866 1680 50 8867 1685 50 8868 1686 2098 8869 1680 50 8870 1682 3000 8871 1683 3001 8872 1681 3002 8873 1683 3001 8874 1684 50 8875 1681 3002 8876 1687 2997 8877 1678 2999 8878 1679 2097 8879 1680 50 8880 1681 3002 8881 1684 50 8882 1686 2098 8883 1687 2997 8884 1679 2097 8885 2753 1771 8886 2750 735 8887 2734 109 8888 2031 486 8895 2032 486 8896 2025 486 8897 2032 486 8898 2026 1707 8899 2025 486 8900 2025 486 8901 2024 3003 8902 2031 486 8903 2024 3003 8904 2023 2103 8905 2030 2102 8906 2031 486 8907 2024 3003 8908 2030 2102 8909 2027 1709 8910 2033 1708 8911 2028 3004 8912 2022 3005 8913 2027 1709 8914 2028 3004 8915 2022 3005 8916 2028 3004 8917 2029 2101 8918 2022 3005 8919 2029 2101 8920 2023 2103 8921 2102 883 8922 2101 962 8923 2111 446 8924 790 1619 8958 787 1616 8959 769 586 8960 673 688 8976 675 1414 8977 687 1606 8978 1430 329 8979 1429 576 8980 1437 1266 8981 1167 604 8982 1170 102 8983 1160 2118 8984 1887 852 8988 1886 2429 8989 1885 2034 8990 911 1629 8991 910 1630 8992 909 2120 8993 3370 2168 9024 3371 2147 9025 3367 2146 9026 3394 2187 9051 3393 3015 9052 3392 3016 9053 3392 3016 9054 3396 50 9055 3394 2187 9056 3368 2194 9060 3372 2145 9061 3370 2168 9062 3468 2204 9063 3470 3017 9064 3471 2205 9065 3483 2214 9066 3484 3018 9067 3482 2215 9068 3472 2231 9081 3467 3022 9082 3469 2206 9083 3482 2215 9084 3484 3018 9085 3485 2232 9086</p>
        </triangles>
        <triangles material="mat_0-material" count="705">
          <input semantic="VERTEX" source="#fifth_wheel_base-mesh-vertices" offset="0"/>
          <input semantic="NORMAL" source="#fifth_wheel_base-mesh-normals" offset="1"/>
          <input semantic="TEXCOORD" source="#fifth_wheel_base-mesh-map-0" offset="2" set="0"/>
          <p>11 0 0 333 1 1 13 2 2 19 21 21 25 22 22 169 23 23 227 24 24 228 25 25 226 26 26 387 36 36 388 37 37 386 38 38 429 42 42 433 43 43 428 44 44 59 45 45 58 46 46 60 47 47 532 48 48 531 49 49 559 50 50 46 68 72 48 69 73 45 70 74 149 166 174 151 167 175 147 168 176 178 211 225 172 212 226 173 213 227 423 214 231 427 215 232 424 216 233 564 217 234 601 218 235 602 219 236 535 220 237 539 221 238 581 222 239 128 228 246 129 229 247 127 230 248 8 232 252 320 233 253 10 234 254 18 265 288 316 266 289 328 267 290 138 268 291 140 269 292 139 270 293 74 318 351 69 319 352 73 320 353 34 337 375 322 338 376 319 339 377 396 378 420 397 379 421 395 380 422 331 456 513 329 457 514 248 458 515 527 593 681 451 594 682 529 595 683 134 606 699 135 607 700 133 608 701 58 46 717 57 623 718 62 624 719 289 637 741 288 638 742 290 639 743 45 70 747 49 643 748 44 644 749 282 724 870 284 725 871 283 726 872 81 752 924 77 753 925 80 754 926 166 782 978 170 783 979 171 784 980 424 216 1002 427 215 1003 425 798 1004 442 805 1014 444 806 1015 441 807 1016 54 848 1071 56 849 1072 53 850 1073 286 862 1089 285 863 1090 284 725 1091 414 872 1104 413 873 1105 412 874 1106 284 725 1155 281 914 1156 283 726 1157 426 927 1179 405 928 1180 406 929 1181 417 938 1191 412 874 1192 413 873 1193 575 948 1209 592 949 1210 574 950 1211 424 216 1242 422 972 1243 421 973 1244 47 977 1248 48 69 1249 46 68 1250 141 986 1266 142 987 1267 140 269 1268 32 1014 1308 30 1015 1309 31 1016 1310 422 972 1323 418 1024 1324 421 973 1325 334 1036 1341 294 1037 1342 241 1038 1343 201 1049 1362 200 486 1363 187 1050 1364 28 1056 1374 26 1057 1375 27 1058 1376 40 1076 1401 36 1077 1402 39 1078 1403 69 319 1440 70 1103 1441 73 320 1442 112 1107 1449 94 1108 1450 84 1109 1451 159 1110 1452 163 1111 1453 174 1112 1454 188 1113 1455 189 1114 1456 222 1115 1457 209 1116 1458 219 1117 1459 218 1118 1460 207 486 1461 206 1119 1462 190 1120 1463 195 1121 1464 194 1122 1465 186 1123 1466 272 1124 1467 280 1125 1468 271 486 1469 270 1126 1470 242 1127 1471 329 457 1472 247 1128 1473 248 458 1474 265 1129 1475 246 1130 1476 264 1131 1477 257 1132 1478 247 1128 1479 327 1133 1480 318 1134 1481 358 1135 1482 362 1136 1483 342 1137 1484 384 938 1488 385 938 1489 380 1140 1490 393 1141 1491 394 1142 1492 389 1143 1493 452 1145 1497 504 1146 1498 505 1147 1499 467 1148 1500 468 1149 1501 460 1150 1502 456 1151 1503 523 1152 1504 524 1153 1505 574 950 1506 538 1154 1507 564 217 1508 593 1155 1509 594 50 1510 537 1156 1511 572 1157 1512 561 1158 1513 526 1159 1514 542 1160 1515 549 1161 1516 545 1162 1517 573 1163 1518 561 1158 1519 572 1157 1520 533 1164 1521 578 1165 1522 579 1166 1523 311 1170 1527 313 1171 1528 314 1172 1529 154 1180 1545 156 1181 1546 157 1182 1547 174 1112 1560 3 1189 1561 173 213 1562 129 229 1614 126 1228 1615 127 230 1616 516 1235 1635 451 594 1636 490 1236 1637 493 1237 1638 494 1238 1639 487 486 1640 522 1239 1641 458 1240 1642 485 486 1643 41 1241 1644 35 1242 1645 40 1076 1646 15 1243 1647 16 1244 1648 160 1245 1649 76 1255 1662 77 753 1663 81 752 1664 532 48 1665 449 1256 1666 531 49 1667 147 168 1698 151 167 1699 148 1273 1700 57 623 1707 60 47 1708 62 624 1709 329 457 1710 316 266 1711 327 1133 1712 295 1285 1734 294 1037 1735 335 1286 1736 16 1244 1752 14 1296 1753 161 1297 1754 230 1307 1767 232 1308 1768 233 1309 1769 532 48 1782 451 594 1783 450 1315 1784 150 1316 1785 153 1316 1786 152 1316 1787 301 1325 1800 300 1326 1801 302 1327 1802 162 1361 1857 168 1362 1858 169 23 1859 33 1363 1863 29 1364 1864 32 1014 1865 298 1365 1866 299 1366 1867 297 1367 1868 316 266 1911 17 1390 1912 328 267 1913 247 1128 1938 328 267 1939 248 458 1940 435 1406 1941 439 1407 1942 434 1408 1943 1 1411 1947 160 1245 1948 0 1412 1949 440 1419 1962 444 806 1963 445 1420 1964 104 1421 1968 91 1422 1969 92 1423 1970 94 1108 1971 113 1424 1972 123 1425 1973 96 1426 1974 97 1427 1975 105 1428 1976 143 1447 2010 145 1448 2011 142 987 2012 64 1454 2022 66 1455 2023 63 1456 2024 83 1466 2037 85 1467 2038 180 1468 2039 58 46 2043 62 624 2044 60 47 2045 437 1471 2049 435 1406 2050 436 1472 2051 527 593 2103 525 1507 2104 528 1508 2105 43 1509 2106 50 1510 2107 42 1511 2108 229 1512 2109 225 1513 2110 228 25 2111 137 1514 2112 144 1515 2113 146 1516 2114 374 938 2121 379 938 2122 378 938 2123 135 607 2130 127 230 2131 130 1526 2132 527 593 2151 570 1533 2152 565 1534 2153 307 1316 2160 310 1316 2161 308 1316 2162 326 1556 2202 324 1557 2203 325 1558 2204 45 70 2220 48 69 2221 49 643 2222 135 607 2232 132 1578 2233 133 608 2234 43 1509 2424 44 644 2425 50 1510 2426 290 639 2640 288 638 2641 287 1774 2642 431 1787 2673 429 42 2674 430 1788 2675 75 1789 2676 76 1255 2677 82 1790 2678 269 1800 2703 278 1801 2704 250 1802 2705 170 783 2706 179 1803 2707 162 1361 2708 52 1813 2724 56 849 2725 51 1814 2726 235 1815 2727 234 1816 2728 236 1817 2729 319 339 2748 323 1829 2749 326 1556 2750 525 1507 2751 533 1164 2752 530 1830 2753 87 1851 2778 84 1109 2779 86 1852 2780 406 929 2790 427 215 2791 426 927 2792 160 1245 2925 172 212 2926 175 1915 2927 146 1516 2943 133 608 2944 137 1514 2945 240 938 2973 237 1938 2974 239 938 2975 78 1944 2988 80 754 2989 77 753 2990 90 1948 2997 91 1422 2998 99 1949 2999 448 1964 3036 534 1965 3037 447 1966 3038 66 1455 3045 67 1969 3046 63 1456 3047 410 1316 3063 409 1316 3064 408 1316 3065 39 1078 3108 37 1993 3109 38 1994 3110 49 643 3117 50 1510 3118 44 644 3119 241 1038 3147 238 2015 3148 334 1036 3149 63 1456 3165 67 1969 3166 68 2026 3167 66 1455 3204 64 1454 3205 65 2045 3206 138 268 3216 182 2052 3217 181 2053 3218 446 2056 3225 533 1164 3226 534 1965 3227 340 2057 3228 341 2058 3229 354 2059 3230 360 2060 3231 336 2061 3232 370 2062 3233 71 2071 3258 73 320 3259 70 1103 3260 24 2072 3261 22 2073 3262 23 2074 3263 292 2075 3264 302 1327 3265 293 2076 3266 399 2077 3267 398 2078 3268 402 2079 3269 223 2081 3273 224 2082 3274 229 1512 3275 76 1255 3276 81 752 3277 82 1790 3278 228 25 3279 225 1513 3280 226 26 3281 293 2076 3297 288 638 3298 292 2075 3299 25 22 3300 21 2092 3301 24 2072 3302 60 47 3315 62 624 3316 61 486 3317 180 1468 3318 182 2052 3319 83 1466 3320 340 2057 3351 357 2106 3352 351 2107 3353 295 1285 3357 297 1367 3358 296 2110 3359 447 1966 3363 449 1256 3364 448 1964 3365 305 2112 3366 303 2113 3367 304 2114 3368 175 1915 3378 5 2077 3379 6 2116 3380 349 2121 3402 351 2107 3403 348 2122 3404 199 2123 3405 197 2124 3406 198 2125 3407 3346 2130 3417 3348 2131 3418 3345 2132 3419 3345 2132 3429 3348 2131 3430 3350 2142 3431 3346 2130 3441 3347 2149 3442 3348 2131 3443 3353 2153 3447 3354 2154 3448 3355 2155 3449 3341 2156 3450 3343 2157 3451 3344 2158 3452 3362 2170 3468 3359 2171 3469 3360 2172 3470 3351 2178 3477 3357 2179 3478 3358 2180 3479 3353 2153 3492 3355 2155 3493 3356 2188 3494 3356 2188 3498 3352 2192 3499 3353 2153 3500 3362 2170 3501 3363 2193 3502 3359 2171 3503 3348 2131 3507 3349 50 3508 3350 2142 3509 3441 2198 3516 3445 2199 3517 3442 2200 3518 3466 2201 3519 3461 2202 3520 3465 2203 3521 3465 2203 3525 3462 2207 3526 3464 2208 3527 3460 2209 3528 3466 2201 3529 3459 2210 3530 3435 2218 3540 3439 2219 3541 3440 2220 3542 3443 2221 3543 3442 2200 3544 3444 2222 3545 3457 2223 3546 3453 2224 3547 3454 2225 3548 3455 2226 3549 3457 2223 3550 3454 2225 3551 3452 2227 3552 3446 2228 3553 3447 2228 3554 3439 2219 3555 3437 2229 3556 3438 2230 3557 3450 2237 3567 3448 2238 3568 3449 2239 3569 3466 2201 3570 3460 2209 3571 3461 2202 3572 3464 2208 3573 3462 2207 3574 3463 2240 3575 3442 2200 3576 3445 2199 3577 3444 2222 3578 3465 2203 3579 3461 2202 3580 3462 2207 3581 330 938 3582 328 267 3583 13 2 3584 328 267 3585 11 0 3586 13 2 3587 11 0 3588 12 2241 3589 333 1 3590 19 21 3612 20 2247 3613 25 22 3614 429 42 3615 432 2248 3616 433 43 3617 179 1803 3693 5 2077 3694 175 1915 3695 173 213 3696 3 1189 3697 177 2261 3698 3 1189 3699 176 2262 3700 177 2261 3701 179 1803 3702 175 1915 3703 172 212 3704 173 213 3705 177 2261 3706 178 211 3707 178 211 3708 179 1803 3709 172 212 3710 586 2270 3741 581 222 3742 539 221 3743 581 222 3744 551 2271 3745 588 2272 3746 588 2272 3747 551 2271 3748 541 2273 3749 551 2271 3750 552 2274 3751 540 2275 3752 541 2273 3753 542 1160 3754 588 2272 3755 542 1160 3756 545 1162 3757 588 2272 3758 588 2272 3759 545 1162 3760 587 2276 3761 551 2271 3762 540 2275 3763 541 2273 3764 539 221 3765 585 2277 3766 586 2270 3767 588 2272 3768 589 2278 3769 535 220 3770 581 222 3771 588 2272 3772 535 220 3773 10 234 3774 9 2279 3775 7 2280 3776 9 2279 3777 316 266 3778 7 2280 3779 7 2280 3780 8 232 3781 10 234 3782 138 268 3786 141 986 3787 140 269 3788 34 337 3822 321 2288 3823 322 338 3824 332 2308 3897 333 1 3898 12 2241 3899 248 458 3900 328 267 3901 322 338 3902 328 267 3903 330 938 3904 322 338 3905 332 2308 3906 12 2241 3907 329 457 3908 248 458 3909 322 338 3910 331 456 3911 331 456 3912 332 2308 3913 329 457 3914 527 593 4476 528 1508 4477 451 594 4478 166 782 4674 167 2415 4675 170 783 4676 442 805 4695 443 2421 4696 444 806 4697 54 848 4722 55 2425 4723 56 849 4724 286 862 4755 290 639 4756 285 863 4757 414 872 4782 415 2434 4783 413 873 4784 426 927 4812 407 2437 4813 405 928 4814 417 938 4848 416 938 4849 412 874 4850 575 948 4869 598 2447 4870 592 949 4871 424 216 4887 420 1316 4888 422 972 4889 141 986 4905 143 1447 4906 142 987 4907 32 1014 4926 29 1364 4927 30 1015 4928 422 972 4938 419 2453 4939 418 1024 4940 334 1036 4956 335 1286 4957 294 1037 4958 200 486 4965 204 2457 4966 187 1050 4967 187 1050 4968 202 2458 4969 201 1049 4970 28 1056 4974 33 1363 4975 26 1057 4976 40 1076 4995 35 1242 4996 36 1077 4997 129 229 5040 156 1181 5041 159 1110 5042 156 1181 5043 155 2467 5044 159 1110 5045 159 1110 5046 160 1245 5047 162 1361 5048 160 1245 5049 2 2468 5050 162 1361 5051 174 1112 5052 158 938 5053 129 229 5054 165 938 5055 161 1297 5056 164 2469 5057 161 1297 5058 174 1112 5059 164 2469 5060 174 1112 5061 129 229 5062 159 1110 5063 163 1111 5064 164 2469 5065 174 1112 5066 159 1110 5067 162 1361 5068 163 1111 5069 210 2470 5070 217 2471 5071 189 1114 5072 217 2471 5073 222 1115 5074 189 1114 5075 222 1115 5076 221 2472 5077 211 2473 5078 221 2472 5079 212 2474 5080 211 2473 5081 211 2473 5082 216 2475 5083 188 1113 5084 211 2473 5085 188 1113 5086 222 1115 5087 217 2471 5088 210 2470 5089 218 1118 5090 210 2470 5091 209 1116 5092 218 1118 5093 212 2474 5094 221 2472 5095 220 2476 5096 219 1117 5097 209 1116 5098 183 2477 5099 209 1116 5100 208 2478 5101 183 2477 5102 212 2474 5103 220 2476 5104 213 2479 5105 220 2476 5106 219 1117 5107 183 2477 5108 213 2479 5109 220 2476 5110 183 2477 5111 214 2480 5112 213 2479 5113 183 2477 5114 188 1113 5115 216 2475 5116 215 2481 5117 187 1050 5118 188 1113 5119 215 2481 5120 187 1050 5121 215 2481 5122 202 2458 5123 215 2481 5124 214 2480 5125 202 2458 5126 203 2482 5127 202 2458 5128 184 2483 5129 202 2458 5130 214 2480 5131 184 2483 5132 196 2484 5133 204 2457 5134 203 2482 5135 192 2485 5136 198 2125 5137 184 2483 5138 198 2125 5139 197 2124 5140 184 2483 5141 197 2124 5142 196 2484 5143 203 2482 5144 205 2486 5145 210 2470 5146 189 1114 5147 184 2483 5148 185 2487 5149 193 2488 5150 193 2488 5151 192 2485 5152 184 2483 5153 197 2124 5154 203 2482 5155 184 2483 5156 184 2483 5157 214 2480 5158 183 2477 5159 206 1119 5160 205 2486 5161 189 1114 5162 206 1119 5163 189 1114 5164 190 1120 5165 183 2477 5166 208 2478 5167 190 1120 5168 208 2478 5169 207 486 5170 190 1120 5171 194 1122 5172 193 2488 5173 185 2487 5174 186 1123 5175 187 1050 5176 199 2123 5177 187 1050 5178 204 2457 5179 196 2484 5180 199 2123 5181 187 1050 5182 196 2484 5183 199 2123 5184 198 2125 5185 192 2485 5186 199 2123 5187 192 2485 5188 191 2489 5189 194 1122 5190 185 2487 5191 186 1123 5192 199 2123 5193 191 2489 5194 186 1123 5195 191 2489 5196 195 1121 5197 186 1123 5198 272 1124 5199 279 2490 5200 280 1125 5201 271 486 5202 280 1125 5203 329 457 5204 280 1125 5205 276 2491 5206 329 457 5207 271 486 5208 329 457 5209 327 1133 5210 276 2491 5211 277 2492 5212 329 457 5213 277 2492 5214 269 1800 5215 270 1126 5216 270 1126 5217 266 2493 5218 242 1127 5219 266 2493 5220 241 1038 5221 242 1127 5222 277 2492 5223 270 1126 5224 329 457 5225 275 2494 5226 271 486 5227 327 1133 5228 279 2490 5229 272 1124 5230 278 1801 5231 272 1124 5232 273 2495 5233 249 2496 5234 249 2496 5235 278 1801 5236 272 1124 5237 259 2497 5238 260 2498 5239 248 458 5240 251 2499 5241 252 2500 5242 259 2497 5243 255 2501 5244 251 2499 5245 243 2502 5246 251 2499 5247 259 2497 5248 248 458 5249 251 2499 5250 248 458 5251 243 2502 5252 245 486 5253 253 486 5254 254 486 5255 245 486 5256 254 486 5257 244 2503 5258 254 486 5259 255 2501 5260 244 2503 5261 243 2502 5262 244 2503 5263 255 2501 5264 249 2496 5265 273 2495 5266 274 2504 5267 327 1133 5268 249 2496 5269 274 2504 5270 327 1133 5271 274 2504 5272 275 2494 5273 243 2502 5274 248 458 5275 242 1127 5276 248 458 5277 329 457 5278 242 1127 5279 256 2505 5280 265 1129 5281 260 2498 5282 265 1129 5283 261 2506 5284 247 1128 5285 260 2498 5286 265 1129 5287 248 458 5288 261 2506 5289 262 2507 5290 247 1128 5291 258 2508 5292 259 2497 5293 252 2500 5294 252 2500 5295 253 486 5296 258 2508 5297 253 486 5298 245 486 5299 258 2508 5300 246 1130 5301 247 1128 5302 262 2507 5303 246 1130 5304 262 2507 5305 263 2509 5306 245 486 5307 246 1130 5308 258 2508 5309 246 1130 5310 263 2509 5311 264 1131 5312 264 1131 5313 265 1129 5314 256 2505 5315 257 1132 5316 258 2508 5317 246 1130 5318 264 1131 5319 256 2505 5320 257 1132 5321 319 339 5322 320 233 5323 8 232 5324 247 1128 5325 315 2077 5326 283 726 5327 319 339 5328 8 232 5329 247 1128 5330 318 1134 5331 319 339 5332 247 1128 5333 247 1128 5334 283 726 5335 313 1171 5336 313 1171 5337 312 2510 5338 327 1133 5339 327 1133 5340 316 266 5341 317 2511 5342 316 266 5343 9 2279 5344 317 2511 5345 247 1128 5346 313 1171 5347 327 1133 5348 327 1133 5349 317 2511 5350 318 1134 5351 342 1137 5352 238 2015 5353 358 1135 5354 238 2015 5355 359 2512 5356 358 1135 5357 380 1140 5358 381 2513 5359 382 2514 5360 382 2514 5361 383 2515 5362 380 1140 5363 383 2515 5364 384 938 5365 380 1140 5366 389 1143 5367 390 2516 5368 391 2517 5369 391 2517 5370 392 2518 5371 389 1143 5372 392 2518 5373 393 1141 5374 389 1143 5375 479 2519 5379 480 2520 5380 449 1256 5381 449 1256 5382 450 1315 5383 479 2519 5384 450 1315 5385 451 594 5386 505 1147 5387 517 486 5388 518 2521 5389 459 2522 5390 518 2521 5391 458 1240 5392 459 2522 5393 450 1315 5394 505 1147 5395 506 2523 5396 451 594 5397 517 486 5398 459 2522 5399 505 1147 5400 451 594 5401 459 2522 5402 478 2524 5403 479 2519 5404 450 1315 5405 472 2525 5406 476 486 5407 477 2526 5408 478 2524 5409 450 1315 5410 506 2523 5411 507 2527 5412 472 2525 5413 477 2526 5414 477 2526 5415 478 2524 5416 507 2527 5417 452 1145 5418 453 2528 5419 503 2529 5420 453 2528 5421 508 2530 5422 503 2529 5423 459 2522 5424 452 1145 5425 505 1147 5426 506 2523 5427 507 2527 5428 478 2524 5429 452 1145 5430 503 2529 5431 504 1146 5432 471 2531 5433 472 2525 5434 507 2527 5435 508 2530 5436 453 2528 5437 512 2532 5438 453 2528 5439 454 2533 5440 512 2532 5441 471 2531 5442 507 2527 5443 508 2530 5444 461 2534 5445 471 2531 5446 508 2530 5447 454 2533 5448 511 2535 5449 512 2532 5450 512 2532 5451 513 2536 5452 467 1148 5453 460 1150 5454 461 2534 5455 512 2532 5456 461 2534 5457 508 2530 5458 512 2532 5459 468 1149 5460 465 2537 5461 460 1150 5462 512 2532 5463 467 1148 5464 460 1150 5465 471 2531 5466 461 2534 5467 475 2538 5468 461 2534 5469 462 2539 5470 475 2538 5471 462 2539 5472 463 2540 5473 475 2538 5474 464 2541 5475 465 2537 5476 469 2542 5477 465 2537 5478 468 1149 5479 469 2542 5480 475 2538 5481 463 2540 5482 474 2543 5483 463 2540 5484 464 2541 5485 474 2543 5486 474 2543 5487 464 2541 5488 448 1964 5489 464 2541 5490 469 2542 5491 448 1964 5492 476 486 5493 472 2525 5494 481 2544 5495 472 2525 5496 473 2545 5497 481 2544 5498 473 2545 5499 474 2543 5500 480 2520 5501 481 2544 5502 473 2545 5503 480 2520 5504 448 1964 5505 449 1256 5506 474 2543 5507 449 1256 5508 480 2520 5509 474 2543 5510 530 1830 5511 446 2056 5512 509 2546 5513 446 2056 5514 448 1964 5515 470 2547 5516 509 2546 5517 446 2056 5518 513 2536 5519 497 486 5520 525 1507 5521 530 1830 5522 502 2548 5523 497 486 5524 530 1830 5525 502 2548 5526 530 1830 5527 519 2549 5528 501 2550 5529 502 2548 5530 519 2549 5531 530 1830 5532 509 2546 5533 456 1151 5534 524 1153 5535 530 1830 5536 456 1151 5537 448 1964 5538 469 2542 5539 470 2547 5540 466 2551 5541 467 1148 5542 513 2536 5543 470 2547 5544 466 2551 5545 446 2056 5546 500 2552 5547 501 2550 5548 520 2553 5549 530 1830 5550 524 1153 5551 519 2549 5552 482 486 5553 499 486 5554 500 2552 5555 520 2553 5556 486 2554 5557 500 2552 5558 486 2554 5559 482 486 5560 500 2552 5561 519 2549 5562 520 2553 5563 501 2550 5564 446 2056 5565 466 2551 5566 513 2536 5567 510 2555 5568 511 2535 5569 455 2556 5570 511 2535 5571 454 2533 5572 455 2556 5573 509 2546 5574 510 2555 5575 455 2556 5576 455 2556 5577 456 1151 5578 509 2546 5579 456 1151 5580 457 2557 5581 523 1152 5582 457 2557 5583 522 1239 5584 523 1152 5585 564 217 5586 560 2558 5587 574 950 5588 560 2558 5589 573 1163 5590 574 950 5591 574 950 5592 592 949 5593 538 1154 5594 536 2559 5595 601 218 5596 538 1154 5597 601 218 5598 564 217 5599 538 1154 5600 556 2560 5601 550 2561 5602 582 2562 5603 550 2561 5604 551 2271 5605 581 222 5606 582 2562 5607 550 2561 5608 581 222 5609 582 2562 5610 583 2563 5611 555 2564 5612 555 2564 5613 556 2560 5614 582 2562 5615 532 48 5616 559 50 5617 555 2564 5618 570 1533 5619 529 595 5620 569 2565 5621 529 595 5622 532 48 5623 584 2566 5624 569 2565 5625 529 595 5626 595 2567 5627 596 2568 5628 568 2569 5629 569 2565 5630 584 2566 5631 532 48 5632 583 2563 5633 532 48 5634 555 2564 5635 583 2563 5636 595 2567 5637 596 2568 5638 569 2565 5639 594 50 5640 595 2567 5641 529 595 5642 584 2566 5643 585 2277 5644 539 221 5645 529 595 5646 584 2566 5647 537 1156 5648 594 50 5649 529 595 5650 537 1156 5651 584 2566 5652 539 221 5653 537 1156 5654 537 1156 5655 538 1154 5656 593 1155 5657 538 1154 5658 592 949 5659 593 1155 5660 540 2275 5661 552 2274 5662 544 2570 5663 552 2274 5664 553 2571 5665 544 2570 5666 554 2572 5667 550 2561 5668 557 2573 5669 550 2561 5670 556 2560 5671 557 2573 5672 553 2571 5673 554 2572 5674 558 2574 5675 554 2572 5676 557 2573 5677 558 2574 5678 549 1161 5679 543 2575 5680 548 2576 5681 543 2575 5682 544 2570 5683 548 2576 5684 548 2576 5685 544 2570 5686 447 1966 5687 544 2570 5688 553 2571 5689 447 1966 5690 553 2571 5691 558 2574 5692 531 49 5693 558 2574 5694 559 50 5695 531 49 5696 531 49 5697 447 1966 5698 553 2571 5699 447 1966 5700 534 1965 5701 547 2577 5702 548 2576 5703 447 1966 5704 547 2577 5705 534 1965 5706 533 1164 5707 591 2578 5708 533 1164 5709 579 1166 5710 604 2579 5711 591 2578 5712 533 1164 5713 599 2580 5714 579 1166 5715 580 2581 5716 604 2579 5717 587 2276 5718 545 1162 5719 546 2582 5720 546 2582 5721 547 2577 5722 534 1965 5723 546 2582 5724 534 1965 5725 587 2276 5726 599 2580 5727 533 1164 5728 604 2579 5729 591 2578 5730 587 2276 5731 534 1965 5732 535 220 5733 589 2278 5734 590 2583 5735 536 2559 5736 535 220 5737 590 2583 5738 590 2583 5739 591 2578 5740 536 2559 5741 591 2578 5742 599 2580 5743 536 2559 5744 580 2581 5745 576 2584 5746 563 2585 5747 601 218 5748 536 2559 5749 600 2586 5750 600 2586 5751 536 2559 5752 599 2580 5753 604 2579 5754 580 2581 5755 603 2587 5756 577 2588 5757 578 1165 5758 526 1159 5759 603 2587 5760 580 2581 5761 563 2585 5762 576 2584 5763 577 2588 5764 526 1159 5765 526 1159 5766 527 593 5767 572 1157 5768 527 593 5769 565 1534 5770 572 1157 5771 565 1534 5772 566 50 5773 571 50 5774 572 1157 5775 565 1534 5776 571 50 5777 567 50 5778 568 2569 5779 597 2589 5780 568 2569 5781 596 2568 5782 597 2589 5783 597 2589 5784 598 2447 5785 575 948 5786 602 219 5787 603 2587 5788 563 2585 5789 563 2585 5790 576 2584 5791 562 50 5792 563 2585 5793 564 217 5794 602 219 5795 561 1158 5796 562 50 5797 576 2584 5798 566 50 5799 567 50 5800 571 50 5801 567 50 5802 597 2589 5803 575 948 5804 571 50 5805 567 50 5806 575 948 5807 561 1158 5808 576 2584 5809 526 1159 5810 542 1160 5811 543 2575 5812 549 1161 5813 573 1163 5814 560 2558 5815 561 1158 5816 533 1164 5817 526 1159 5818 578 1165 5819 311 1170 5823 312 2510 5824 313 1171 5825 154 1180 5841 155 2467 5842 156 1181 5843 174 1112 5865 161 1297 5866 3 1189 5867 516 1235 5955 517 486 5956 451 594 5957 451 594 5958 528 1508 5959 489 486 5960 490 1236 5961 491 2603 5962 515 2604 5963 451 594 5964 489 486 5965 490 1236 5966 515 2604 5967 516 1235 5968 490 1236 5969 498 486 5970 499 486 5971 525 1507 5972 499 486 5973 482 486 5974 525 1507 5975 483 2605 5976 484 2606 5977 496 2607 5978 482 486 5979 483 2605 5980 525 1507 5981 525 1507 5982 497 486 5983 498 486 5984 488 486 5985 489 486 5986 528 1508 5987 515 2604 5988 491 2603 5989 494 1238 5990 491 2603 5991 487 486 5992 494 1238 5993 488 486 5994 528 1508 5995 493 1237 5996 528 1508 5997 525 1507 5998 492 2608 5999 514 486 6000 515 2604 6001 494 1238 6002 487 486 6003 488 486 6004 493 1237 6005 528 1508 6006 492 2608 6007 493 1237 6008 483 2605 6009 496 2607 6010 492 2608 6011 525 1507 6012 483 2605 6013 492 2608 6014 495 486 6015 514 486 6016 494 1238 6017 514 486 6018 495 486 6019 518 2521 6020 495 486 6021 496 2607 6022 485 486 6023 496 2607 6024 484 2606 6025 485 486 6026 485 486 6027 486 2554 6028 521 2609 6029 486 2554 6030 520 2553 6031 521 2609 6032 521 2609 6033 522 1239 6034 485 486 6035 522 1239 6036 457 2557 6037 458 1240 6038 495 486 6039 485 486 6040 458 1240 6041 458 1240 6042 518 2521 6043 495 486 6044 41 1241 6045 34 337 6046 35 1242 6047 532 48 6054 450 1315 6055 449 1256 6056 329 457 6084 12 2241 6085 316 266 6086 295 1285 6102 296 2110 6103 294 1037 6104 16 1244 6114 15 1243 6115 14 1296 6116 230 1307 6132 231 2618 6133 232 1308 6134 532 48 6144 529 595 6145 451 594 6146 150 1316 6147 151 167 6148 153 1316 6149 301 1325 6162 299 1366 6163 300 1326 6164 162 1361 6204 179 1803 6205 168 1362 6206 33 1363 6207 28 1056 6208 29 1364 6209 298 1365 6210 300 1326 6211 299 1366 6212 247 1128 6342 8 232 6343 328 267 6344 435 1406 6345 438 2638 6346 439 1407 6347 0 1412 6351 161 1297 6352 165 938 6353 1 1411 6354 2 2468 6355 160 1245 6356 0 1412 6357 165 938 6358 1 1411 6359 440 1419 6387 441 807 6388 444 806 6389 109 2639 6390 110 2640 6391 103 2641 6392 110 2640 6393 102 2642 6394 103 2641 6395 174 1112 6396 107 2643 6397 108 2644 6398 109 2639 6399 103 2641 6400 104 1421 6401 92 1423 6402 174 1112 6403 108 2644 6404 92 1423 6405 108 2644 6406 109 2639 6407 104 1421 6408 105 1428 6409 91 1422 6410 92 1423 6411 109 2639 6412 104 1421 6413 125 2645 6414 116 2646 6415 124 2647 6416 116 2646 6417 117 2648 6418 124 2647 6419 118 2649 6420 119 2650 6421 93 2651 6422 119 2650 6423 159 1110 6424 93 2651 6425 124 2647 6426 117 2648 6427 93 2651 6428 117 2648 6429 118 2649 6430 93 2651 6431 114 2652 6432 122 2653 6433 123 1425 6434 123 1425 6435 124 2647 6436 93 2651 6437 93 2651 6438 94 1108 6439 123 1425 6440 94 1108 6441 112 1107 6442 113 1424 6443 113 1424 6444 114 2652 6445 123 1425 6446 159 1110 6447 119 2650 6448 120 2654 6449 120 2654 6450 116 2646 6451 159 1110 6452 116 2646 6453 125 2645 6454 172 212 6455 121 486 6456 122 2653 6457 172 212 6458 122 2653 6459 114 2652 6460 115 2655 6461 172 212 6462 122 2653 6463 115 2655 6464 116 2646 6465 172 212 6466 159 1110 6467 125 2645 6468 121 486 6469 172 212 6470 107 2643 6471 174 1112 6472 110 2640 6473 174 1112 6474 173 213 6475 110 2640 6476 102 2642 6477 110 2640 6478 173 213 6479 111 486 6480 112 1107 6481 84 1109 6482 172 212 6483 115 2655 6484 88 2656 6485 115 2655 6486 111 486 6487 88 2656 6488 101 486 6489 102 2642 6490 173 213 6491 111 486 6492 84 1109 6493 88 2656 6494 106 2657 6495 101 486 6496 173 213 6497 173 213 6498 172 212 6499 89 2658 6500 172 212 6501 88 2656 6502 89 2658 6503 89 2658 6504 95 2659 6505 173 213 6506 95 2659 6507 96 1426 6508 106 2657 6509 173 213 6510 95 2659 6511 106 2657 6512 105 1428 6513 106 2657 6514 96 1426 6515 143 1447 6534 144 1515 6535 145 1448 6536 83 1466 6558 84 1109 6559 85 1467 6560 437 1471 6564 438 2638 6565 435 1406 6566 527 593 6633 526 1159 6634 525 1507 6635 229 1512 6636 224 2082 6637 225 1513 6638 137 1514 6639 145 1448 6640 144 1515 6641 378 938 6654 377 938 6655 376 938 6656 376 938 6657 375 938 6658 378 938 6659 375 938 6660 374 938 6661 378 938 6662 135 607 6672 131 1526 6673 127 230 6674 527 593 6690 529 595 6691 570 1533 6692 307 1316 6696 309 1316 6697 310 1316 6698 326 1556 6735 323 1829 6736 324 1557 6737 431 1787 7884 432 2248 7885 429 42 7886 241 1038 7905 266 2493 7906 267 2876 7907 268 2877 7908 269 1800 7909 250 1802 7910 269 1800 7911 277 2492 7912 278 1801 7913 241 1038 7914 267 2876 7915 250 1802 7916 267 2876 7917 268 2877 7918 250 1802 7919 278 1801 7920 249 2496 7921 250 1802 7922 170 783 7923 167 2415 7924 179 1803 7925 52 1813 7986 53 850 7987 56 849 7988 319 339 7995 322 338 7996 323 1829 7997 525 1507 7998 526 1159 7999 533 1164 8000 87 1851 8052 85 1467 8053 84 1109 8054 406 929 8061 458 1240 8062 427 215 8063 160 1245 8232 159 1110 8233 172 212 8234 146 1516 8274 136 2077 8275 133 608 8276 240 938 8289 238 2015 8290 237 1938 8291 78 1944 8298 79 2918 8299 80 754 8300 100 2919 8304 95 2659 8305 90 1948 8306 95 2659 8307 89 2658 8308 90 1948 8309 91 1422 8310 105 1428 8311 97 1427 8312 91 1422 8313 97 1427 8314 98 2920 8315 91 1422 8316 98 2920 8317 99 1949 8318 99 1949 8319 100 2919 8320 90 1948 8321 448 1964 8352 446 2056 8353 534 1965 8354 410 1316 8367 411 1316 8368 409 1316 8369 39 1078 8469 36 1077 8470 37 1993 8471 241 1038 8499 237 1938 8500 238 2015 8501 138 268 8607 139 270 8608 182 2052 8609 446 2056 8610 530 1830 8611 533 1164 8612 345 2956 8613 344 2957 8614 350 2958 8615 349 2121 8616 348 2122 8617 356 2959 8618 345 2956 8619 350 2958 8620 337 2960 8621 350 2958 8622 349 2121 8623 337 2960 8624 346 2961 8625 345 2956 8626 337 2960 8627 349 2121 8628 356 2959 8629 355 2962 8630 339 2963 8631 343 2964 8632 347 2965 8633 371 486 8634 336 2061 8635 365 486 8636 336 2061 8637 337 2960 8638 355 2962 8639 365 486 8640 336 2061 8641 366 2966 8642 364 2967 8643 372 2968 8644 365 486 8645 372 2968 8646 371 486 8647 365 486 8648 366 2966 8649 336 2061 8650 355 2962 8651 338 2969 8652 339 2963 8653 347 2965 8654 338 2969 8655 347 2965 8656 346 2961 8657 367 2970 8658 366 2966 8659 354 2059 8660 337 2960 8661 338 2969 8662 346 2961 8663 366 2966 8664 355 2962 8665 354 2059 8666 337 2960 8667 349 2121 8668 355 2962 8669 341 2058 8670 363 2971 8671 368 2972 8672 341 2058 8673 368 2972 8674 367 2970 8675 353 2973 8676 352 2974 8677 340 2057 8678 367 2970 8679 354 2059 8680 341 2058 8681 354 2059 8682 353 2973 8683 340 2057 8684 373 2975 8685 372 2968 8686 363 2971 8687 372 2968 8688 364 2967 8689 363 2971 8690 363 2971 8691 341 2058 8692 373 2975 8693 341 2058 8694 342 1137 8695 373 2975 8696 373 2975 8697 342 1137 8698 369 2976 8699 342 1137 8700 362 1136 8701 369 2976 8702 369 2976 8703 362 1136 8704 361 2977 8705 336 2061 8706 371 486 8707 370 2062 8708 370 2062 8709 369 2976 8710 361 2977 8711 360 2060 8712 359 2512 8713 238 2015 8714 370 2062 8715 361 2977 8716 360 2060 8717 360 2060 8718 238 2015 8719 336 2061 8720 71 2071 8739 72 2978 8740 73 320 8741 24 2072 8742 21 2092 8743 22 2073 8744 292 2075 8745 301 1325 8746 302 1327 8747 404 2979 8748 403 2980 8749 398 2078 8750 403 2980 8751 402 2079 8752 398 2078 8753 402 2079 8754 401 2981 8755 400 2982 8756 400 2982 8757 399 2077 8758 402 2079 8759 293 2076 8808 291 938 8809 288 638 8810 25 22 8811 20 2247 8812 21 2092 8813 180 1468 8850 181 2053 8851 182 2052 8852 350 2958 8925 344 2957 8926 351 2107 8927 344 2957 8928 343 2964 8929 351 2107 8930 343 2964 8931 339 2963 8932 351 2107 8933 339 2963 8934 340 2057 8935 351 2107 8936 340 2057 8937 352 2974 8938 357 2106 8939 357 2106 8940 356 2959 8941 348 2122 8942 357 2106 8943 348 2122 8944 351 2107 8945 295 1285 8949 298 1365 8950 297 1367 8951 447 1966 8952 531 49 8953 449 1256 8954 305 2112 8955 306 3006 8956 303 2113 8957 6 2116 8964 176 2262 8965 4 3007 8966 176 2262 8967 3 1189 8968 4 3007 8969 4 3007 8970 175 1915 8971 6 2116 8972 349 2121 8994 350 2958 8995 351 2107 8996 199 2123 8997 196 2484 8998 197 2124 8999 3341 2156 9021 3342 3010 9022 3343 2157 9023 3351 2178 9033 3352 2192 9034 3357 2179 9035 3356 2188 9057 3357 2179 9058 3352 2192 9059 3435 2218 9069 3436 3019 9070 3439 2219 9071 3457 2223 9072 3458 3020 9073 3453 2224 9074 3455 2226 9075 3456 3021 9076 3457 2223 9077 3439 2219 9078 3436 3019 9079 3437 2229 9080 3450 2237 9087 3451 3023 9088 3448 2238 9089</p>
        </triangles>
        <triangles material="mat_7-material" count="12">
          <input semantic="VERTEX" source="#fifth_wheel_base-mesh-vertices" offset="0"/>
          <input semantic="NORMAL" source="#fifth_wheel_base-mesh-normals" offset="1"/>
          <input semantic="TEXCOORD" source="#fifth_wheel_base-mesh-map-0" offset="2" set="0"/>
          <p>2784 640 744 2779 641 745 2781 642 746 2788 791 993 2792 792 994 2791 793 995 2791 793 996 2789 794 997 2788 791 998 2780 909 1149 2782 910 1150 2781 642 1151 2788 791 1542 2787 1179 1543 2792 792 1544 2787 1179 1563 2793 1190 1564 2792 792 1565 2780 909 1578 2784 640 1579 2783 1200 1580 2785 1792 2685 2784 640 2686 2781 642 2687 2791 793 4689 2790 2420 4690 2789 794 4691 2780 909 4803 2783 1200 4804 2782 910 4805 2787 1179 5868 2786 2593 5869 2793 1190 5870 2780 909 5883 2779 641 5884 2784 640 5885</p>
        </triangles>
        <triangles material="mat_26-material" count="496">
          <input semantic="VERTEX" source="#fifth_wheel_base-mesh-vertices" offset="0"/>
          <input semantic="NORMAL" source="#fifth_wheel_base-mesh-normals" offset="1"/>
          <input semantic="TEXCOORD" source="#fifth_wheel_base-mesh-map-0" offset="2" set="0"/>
          <p>2886 6 6 2881 7 7 2885 8 8 2838 12 12 2840 13 13 2837 14 14 3009 59 60 3008 59 61 3015 60 62 3175 71 75 3171 72 76 3172 73 77 2923 83 87 2916 84 88 2922 85 89 3154 124 129 3155 125 130 3151 126 131 3117 247 267 3124 248 268 3123 249 269 2868 330 366 2864 331 367 2865 332 368 3059 334 372 3053 335 373 3054 336 374 2860 340 378 2877 341 379 2869 342 380 3094 353 393 3107 354 394 3093 355 395 2994 359 399 2992 360 400 2993 361 401 2977 403 447 2973 404 448 2974 405 449 2990 471 534 2991 472 535 2989 473 536 3263 583 666 3269 584 667 3270 585 668 3162 590 678 3163 591 679 3168 592 680 3254 598 687 3262 599 688 3261 600 689 2944 630 729 2946 486 730 2947 631 731 2948 486 732 2942 486 733 2941 486 734 3157 634 738 3158 635 739 3156 636 740 3080 653 765 3074 654 766 3075 655 767 3022 662 774 3026 663 775 3025 664 776 3099 674 792 3106 675 793 3103 676 794 3165 710 849 3159 711 850 3167 712 851 3135 721 867 3127 722 868 3134 723 869 2991 472 885 2996 732 886 2989 473 887 3205 736 894 3208 737 895 3207 738 896 3253 779 975 3273 780 976 3255 781 977 3148 789 990 3150 790 991 3155 125 992 3304 799 1005 3305 800 1006 3306 801 1007 2859 808 1017 2854 809 1018 2853 810 1019 3091 827 1041 3092 828 1042 3087 829 1043 3291 840 1059 3293 841 1060 3292 842 1061 2905 858 1083 2909 859 1084 2915 860 1085 3028 885 1119 3020 886 1120 3029 887 1121 3056 889 1125 3058 890 1126 3061 891 1127 3175 71 1128 3172 73 1129 3173 892 1130 2884 893 1131 2882 894 1132 2883 895 1133 2976 903 1143 2981 904 1144 2975 905 1145 2906 916 1164 2913 917 1165 2912 918 1166 2810 922 1170 2809 923 1171 2794 924 1172 3268 930 1182 3269 584 1183 3243 931 1184 3004 932 1185 3005 933 1186 3002 934 1187 2999 935 1188 2998 936 1189 3007 937 1190 3114 957 1221 3110 958 1222 3115 959 1223 3141 963 1230 3136 964 1231 3139 965 1232 3086 993 1278 3092 828 1279 3088 994 1280 3178 995 1281 3187 996 1282 3186 997 1283 2856 999 1287 2855 1000 1288 2857 1001 1289 2910 1004 1293 2909 859 1294 2907 1005 1295 2910 1004 1296 2908 1006 1297 2911 1007 1298 3078 1011 1305 3077 1012 1306 3076 1013 1307 2859 808 1314 2875 1018 1315 2858 1019 1316 2819 1044 1353 2812 1045 1354 2823 1046 1355 3194 1052 1368 3190 1053 1369 3189 1054 1370 3212 1061 1383 3218 1062 1384 3211 1063 1385 3142 1079 1404 3120 1080 1405 3126 1081 1406 2917 1084 1413 2919 1085 1414 2918 1086 1415 2939 1087 1416 2935 1088 1417 2936 1089 1418 3284 1097 1434 3287 1098 1435 3288 1099 1436 3286 1100 1437 3282 1101 1438 3281 1102 1439 3215 1167 1524 3216 1168 1525 3213 1169 1526 3150 790 1530 3151 126 1531 3155 125 1532 3050 1174 1536 3051 1175 1537 3047 1176 1538 3154 124 1566 3152 1191 1567 3153 1192 1568 3267 1193 1569 3265 1194 1570 3266 1195 1571 2930 1196 1572 2934 1197 1573 2928 1198 1574 2984 1207 1590 2979 1208 1591 2982 1209 1592 2987 1210 1593 2986 1211 1594 2988 1212 1595 3133 1213 1596 3132 1214 1597 3131 1215 1598 2995 1229 1617 2991 472 1618 2992 360 1619 3021 1230 1620 3025 664 1621 3024 1231 1622 3029 887 1623 3020 886 1624 3019 1232 1625 3021 1230 1626 3024 1231 1627 3019 1232 1628 3233 1233 1629 3253 779 1630 3255 781 1631 2860 340 1674 2869 342 1675 2867 1260 1676 2992 360 1680 2994 359 1681 2995 1229 1682 3324 1267 1689 3325 1268 1690 3322 1269 1691 2840 13 1716 2836 1276 1717 2837 14 1718 2799 1280 1725 2795 1281 1726 2796 1282 1727 2868 330 1779 2865 332 1780 2866 1314 1781 3121 1317 1788 3118 1318 1789 3120 1080 1790 3121 1317 1791 3119 1319 1792 3122 1320 1793 2830 1322 1797 2831 1323 1798 2832 1324 1799 2811 1328 1803 2801 1329 1804 2816 1330 1805 3055 1334 1809 3056 889 1810 3061 891 1811 3058 890 1812 3057 1335 1813 3053 335 1814 3055 1334 1815 3061 891 1816 3060 486 1817 3060 486 1818 3059 334 1819 3054 336 1820 2818 1336 1821 2817 1337 1822 2824 1338 1823 3082 1346 1836 3083 1347 1837 3081 1348 1838 2799 1280 1839 2797 1349 1840 2798 1350 1841 3062 1354 1848 3081 1348 1849 3071 1355 1850 2861 1356 1851 2862 1357 1852 2863 1358 1853 2963 1359 1854 2982 1209 1855 2968 1360 1856 3208 737 1869 3206 1368 1870 3209 1369 1871 3049 1374 1878 3046 1375 1879 3071 1355 1880 3052 1376 1881 3049 1374 1882 3071 1355 1883 2903 1377 1884 2896 1378 1885 2897 486 1886 2899 1379 1887 2901 486 1888 2904 486 1889 2954 486 1899 2950 1382 1900 2956 1383 1901 2958 1384 1902 2952 1385 1903 2974 405 1904 3070 1391 1914 3069 1392 1915 3087 829 1916 3221 1400 1926 3217 1401 1927 3222 1402 1928 3072 1404 1935 3088 994 1936 3079 1405 1937 3038 1409 1944 3043 1410 1945 3044 1409 1946 3327 1433 1983 3320 1434 1984 3336 1435 1985 3081 1348 1992 3088 994 1993 3082 1346 1994 2964 1444 2001 2965 1445 2002 2962 1446 2003 3246 1457 2025 3252 1458 2026 3251 1459 2027 3245 1460 2028 3251 1459 2029 3250 1461 2030 2977 403 2046 2974 405 2047 2975 905 2048 3013 1490 2076 3015 60 2077 3014 486 2078 3011 1491 2079 3017 1492 2080 3016 1493 2081 2978 1495 2085 2971 1496 2086 2972 1497 2087 2978 1495 2088 2970 1498 2089 2971 1496 2090 2825 1505 2100 2822 1506 2101 2824 1338 2102 3109 1529 2139 3107 354 2140 3108 1529 2141 3259 1544 2181 3257 1545 2182 3260 1546 2183 3259 1544 2184 3258 1547 2185 3256 1548 2186 2921 1566 2214 2920 1567 2215 2899 1379 2216 3034 1568 2217 3039 1569 2218 3037 1570 2219 2819 1044 2226 2820 1574 2227 2821 1208 2228 3229 1575 2229 3225 1576 2230 3226 1577 2231 2959 1584 2244 2967 1585 2245 2960 1586 2246 3038 1409 2250 3039 1569 2251 3036 1588 2252 3176 1589 2253 3173 892 2254 3174 1590 2255 3182 1600 2268 3184 1601 2269 3177 1602 2270 2959 1584 2466 2988 1212 2467 2978 1495 2468 2872 1732 2541 2867 1260 2542 2874 1732 2543 3304 799 2646 3292 842 2647 3298 1775 2648 3270 585 2655 3264 1777 2656 3263 583 2657 2959 1584 2658 2985 1778 2659 2983 1779 2660 2849 1780 2661 2845 1781 2662 2844 486 2663 2846 1782 2664 2849 1780 2665 2850 1783 2666 2848 1784 2667 2844 486 2668 2843 1785 2669 2848 1784 2670 2843 1785 2671 2847 1786 2672 3096 1795 2697 3094 353 2698 3095 1796 2699 3330 1797 2700 3332 1798 2701 3329 1799 2702 2801 1329 2718 2804 1810 2719 2818 1336 2720 2806 1811 2721 2803 1812 2722 2802 486 2723 2885 8 2730 2881 7 2731 2882 894 2732 2814 1831 2754 2813 1832 2755 2815 1833 2756 3334 1834 2757 3337 1835 2758 3335 1836 2759 2871 1838 2763 2873 1839 2764 2870 1840 2765 2887 1841 2766 2894 1842 2767 2895 1843 2768 2890 1844 2769 2889 1845 2770 2893 1846 2771 2892 1847 2772 2893 1846 2773 2889 1845 2774 2927 1854 2793 2925 1855 2794 2924 1856 2795 3323 1859 2802 3330 1797 2803 3328 1860 2804 2820 1574 2808 2829 1864 2809 2828 1865 2810 2825 1505 2811 2829 1864 2812 2826 1866 2813 2870 1840 2814 2877 341 2815 2871 1838 2816 2878 1867 2817 2874 1732 2818 2879 1868 2819 2878 1867 2820 2880 1869 2821 2876 1870 2822 2905 858 2823 2927 1854 2824 2924 1856 2825 2905 858 2826 2934 1197 2827 2929 1871 2828 2945 1872 2829 2948 486 2830 2941 486 2831 2943 486 2832 2942 486 2833 2949 486 2834 2947 631 2835 2945 1872 2836 2944 630 2837 2943 486 2838 2949 486 2839 2946 486 2840 2948 486 2841 2949 486 2842 2942 486 2843 3037 1570 2847 3033 1875 2848 3034 1568 2849 3041 1876 2850 3035 1877 2851 3042 1878 2852 3083 1347 2853 3085 1879 2854 3089 1880 2855 3091 827 2856 3085 1879 2857 3090 1881 2858 3112 1882 2859 3113 1883 2860 3116 1884 2861 3146 1885 2862 3137 1886 2863 3138 995 2864 3142 1079 2865 3141 963 2866 3139 965 2867 3143 1887 2868 3140 1888 2869 3142 1079 2870 3138 995 2871 3145 1889 2872 3146 1885 2873 3177 1602 2874 3179 964 2875 3182 1600 2876 3178 995 2877 3180 1886 2878 3181 1885 2879 3185 1890 2880 3184 1601 2881 3183 1871 2882 3185 1890 2883 3187 996 2884 3188 1887 2885 3200 1891 2886 3201 1892 2887 3197 1893 2888 3212 1061 2889 3203 1894 2890 3198 1895 2891 3215 1167 2892 3214 1896 2893 3220 1897 2894 3214 1896 2895 3219 1898 2896 3220 1897 2897 3221 1400 2898 3224 1899 2899 3223 1900 2900 3234 1901 2901 3239 1902 2902 3240 1903 2903 3238 1904 2904 3239 1902 2905 3233 1233 2906 3273 780 2907 3271 1905 2908 3255 781 2909 3277 1906 2910 3279 1907 2911 3276 1908 2912 3301 1886 2913 3307 1909 2914 3300 964 2915 3310 1910 2916 3302 1911 2917 3308 1912 2918 3309 1913 2919 3308 1912 2920 3305 800 2921 3336 1435 2922 3340 1914 2923 3337 1835 2924 3276 1908 2931 3270 585 2932 3274 1899 2933 3101 1919 2940 3100 1920 2941 3104 1921 2942 3066 1922 2946 3067 1923 2947 3064 1924 2948 3066 1922 2949 3065 1925 2950 3063 1926 2951 2925 1855 2958 2932 1930 2959 2931 1931 2960 3026 663 2964 3023 1933 2965 3027 1934 2966 2980 1937 2970 2981 904 2971 2986 1211 2972 3253 779 2985 3270 585 2986 3275 1943 2987 2834 1953 3003 2833 1954 3004 2835 1955 3005 3074 654 3012 3080 653 3013 3073 1959 3014 3025 664 3018 3021 1230 3019 3022 662 3020 3041 1876 3024 3043 1410 3025 3040 1961 3026 3227 1962 3030 3229 1575 3031 3226 1577 3032 3192 1973 3054 3194 1052 3055 3193 1974 3056 3195 1975 3057 3204 1976 3058 3210 1977 3059 3277 1906 3066 3272 1978 3067 3278 1979 3068 2894 1842 3072 2890 1844 3073 2893 1846 3074 3290 1981 3075 3296 1982 3076 3295 1983 3077 3313 2000 3120 3315 2001 3121 3316 2002 3122 3314 50 3123 3317 2003 3124 3316 2002 3125 3319 2004 3126 3312 2005 3127 3311 2006 3128 3304 799 3138 3299 963 3139 3303 965 3140 3030 2017 3153 3032 2017 3154 3031 2018 3155 2939 1087 3168 2937 2027 3169 2938 2028 3170 3330 1797 3240 3335 1836 3241 3331 2063 3242 3223 1900 3243 3219 1898 3244 3218 1062 3245 3128 2068 3255 3129 2069 3256 3130 2070 3257 2812 1045 3294 2822 1506 3295 2823 1046 3296 3299 963 3306 3300 964 3307 3303 965 3308 2939 1087 3312 2936 1089 3313 2937 2027 3314 2982 1209 3321 2985 1778 3322 2984 1207 3323 2931 1931 3324 2933 2096 3325 2930 1196 3326 3145 1889 3333 3144 1887 3334 3143 1887 3335 3338 2099 3336 3340 1914 3337 3339 2100 3338 3252 1458 3354 3247 2108 3355 3248 2109 3356 2875 1018 3372 2880 1869 3373 2877 341 3374 3333 2117 3381 3329 1799 3382 3332 1798 3383 2893 1846 3393 2895 1843 3394 2894 1842 3395 3103 676 3408 3105 2126 3409 3104 1921 3410 3406 50 3438 3401 50 3439 3402 2148 3440 3426 2150 3444 3433 2151 3445 3434 2152 3446 3409 2159 3453 3417 2160 3454 3416 2159 3455 3397 2161 3456 3398 2162 3457 3399 2163 3458 3432 2165 3462 3430 2166 3463 3431 2167 3464 3414 2173 3471 3412 2174 3472 3415 2175 3473 3411 2176 3474 3414 2173 3475 3413 2177 3476 3425 2181 3480 3419 2182 3481 3420 2183 3482 3424 2184 3483 3418 486 3484 3426 2150 3485 3427 2185 3486 3429 2186 3487 3428 2186 3488 3405 2195 3510 3400 2196 3511 3408 2197 3512 3408 2197 3513 3400 2196 3514 3404 50 3515 2838 12 3591 2839 2242 3592 2840 13 3593 2923 83 3630 2917 1084 3631 2916 84 3632 2916 84 3633 2920 1567 3634 2922 85 3635 3117 247 3783 3125 2281 3784 3124 248 3785 2860 340 3825 2861 1356 3826 2877 341 3827 3094 353 3837 3097 2291 3838 3107 354 3839 3098 2399 4509 3102 2400 4510 3105 2126 4511 3098 2399 4512 3105 2126 4513 3106 675 4514 3103 676 4515 3104 1921 4516 3100 1920 4517 3099 674 4518 3098 2399 4519 3106 675 4520 3103 676 4521 3100 1920 4522 3099 674 4523 3161 2408 4590 3162 590 4591 3158 635 4592 3161 2408 4593 3158 635 4594 3160 2409 4595 3158 635 4596 3167 712 4597 3160 2409 4598 3168 592 4599 3163 591 4600 3164 2410 4601 3166 2411 4602 3168 592 4603 3164 2410 4604 3166 2411 4605 3164 2410 4606 3165 710 4607 3159 711 4608 3160 2409 4609 3167 712 4610 3167 712 4611 3166 2411 4612 3165 710 4613 3135 721 4614 3128 2068 4615 3127 722 4616 3127 722 4617 3132 1214 4618 3134 723 4619 3253 779 4671 3275 1943 4672 3273 780 4673 3148 789 4686 3149 2419 4687 3150 790 4688 3304 799 4692 3309 1913 4693 3305 800 4694 2859 808 4698 2856 999 4699 2854 809 4700 3091 827 4707 3090 1881 4708 3092 828 4709 3291 840 4716 3294 2424 4717 3293 841 4718 2915 860 4749 2914 2431 4750 2905 858 4751 2914 2431 4752 2906 916 4753 2905 858 4754 3056 889 4788 3057 1335 4789 3058 890 4790 2884 893 4791 2885 8 4792 2882 894 4793 2976 903 4797 2969 2436 4798 2981 904 4799 2981 904 4800 2977 403 4801 2975 905 4802 2906 916 4806 2914 2431 4807 2913 917 4808 3269 584 4815 3263 583 4816 3243 931 4817 3243 931 4818 3266 1195 4819 3268 930 4820 3006 2438 4821 2997 2439 4822 3005 933 4823 2997 2439 4824 3002 934 4825 3005 933 4826 3001 2440 4827 3003 2441 4828 3004 932 4829 3001 2440 4830 3004 932 4831 3002 934 4832 2997 2439 4833 3006 2438 4834 2998 936 4835 3006 2438 4836 3007 937 4837 2998 936 4838 3003 2441 4839 3001 2440 4840 3000 486 4841 3007 937 4842 3003 2441 4843 2999 935 4844 3003 2441 4845 3000 486 4846 2999 935 4847 3141 963 4881 3137 1886 4882 3136 964 4883 3086 993 4914 3087 829 4915 3092 828 4916 3178 995 4917 3181 1885 4918 3187 996 4919 2859 808 4929 2853 810 4930 2875 1018 4931 2875 1018 4932 2852 2452 4933 2858 1019 4934 2819 1044 4959 2821 1208 4960 2812 1045 4961 3194 1052 4971 3191 2459 4972 3190 1053 4973 3212 1061 4977 3207 738 4978 3218 1062 4979 3218 1062 4980 3204 1976 4981 3211 1063 4982 3126 1081 4998 3125 2281 4999 3142 1079 5000 3125 2281 5001 3117 247 5002 3142 1079 5003 2939 1087 5004 2940 2462 5005 2935 1088 5006 3289 2463 5010 3285 2464 5011 3296 1982 5012 3296 1982 5013 3280 2465 5014 3289 2463 5015 3280 2465 5016 3284 1097 5017 3288 1099 5018 3284 1097 5019 3283 486 5020 3287 1098 5021 3288 1099 5022 3289 2463 5023 3280 2465 5024 3286 1100 5025 3287 1098 5026 3282 1101 5027 3287 1098 5028 3283 486 5029 3282 1101 5030 3281 1102 5031 3285 2464 5032 3286 1100 5033 3215 1167 5820 3217 1401 5821 3216 1168 5822 3051 1175 5829 3045 2590 5830 3048 2591 5831 3046 1375 5832 3049 1374 5833 3050 1174 5834 3051 1175 5835 3048 2591 5836 3047 1176 5837 3046 1375 5838 3050 1174 5839 3047 1176 5840 3154 124 5871 3151 126 5872 3152 1191 5873 2930 1196 5874 2933 2096 5875 2934 1197 5876 2984 1207 5895 2981 904 5896 2979 1208 5897 2987 1210 5898 2980 1937 5899 2986 1211 5900 2995 1229 5940 2996 732 5941 2991 472 5942 3233 1233 5943 3262 599 5944 3253 779 5945 3262 599 5946 3254 598 5947 3253 779 5948 3255 781 5949 3256 1548 5950 3258 1547 5951 3255 781 5952 3258 1547 5953 3233 1233 5954 2867 1260 6069 2868 330 6070 2866 1314 6071 2866 1314 6072 2860 340 6073 2867 1260 6074 2840 13 6090 2841 2614 6091 2836 1276 6092 2799 1280 6096 2794 924 6097 2795 1281 6098 2811 1328 6165 2817 1337 6166 2801 1329 6167 2817 1337 6168 2811 1328 6169 2824 1338 6170 2824 1338 6171 2812 1045 6172 2818 1336 6173 2812 1045 6174 2813 1832 6175 2818 1336 6176 3082 1346 6177 3084 2621 6178 3083 1347 6179 2799 1280 6180 2796 1282 6181 2797 1349 6182 3081 1348 6186 3063 1926 6187 3065 1925 6188 3071 1355 6189 3070 1391 6190 3062 1354 6191 3081 1348 6192 3065 1925 6193 3071 1355 6194 2963 1359 6195 2964 1444 6196 2961 2622 6197 2982 1209 6198 2960 1586 6199 2968 1360 6200 2963 1359 6201 2961 2622 6202 2982 1209 6203 2898 486 6219 2904 486 6220 2897 486 6221 2904 486 6222 2903 1377 6223 2897 486 6224 2903 1377 6225 2902 2624 6226 2896 1378 6227 2904 486 6228 2898 486 6229 2899 1379 6230 2899 1379 6231 2900 486 6232 2901 486 6233 2955 486 6237 2953 486 6238 2954 486 6239 2950 1382 6240 2951 2625 6241 2956 1383 6242 2956 1383 6243 2955 486 6244 2954 486 6245 2953 486 6246 2955 486 6247 2974 405 6248 2955 486 6249 2958 1384 6250 2974 405 6251 2957 486 6252 2951 2625 6253 2952 1385 6254 2958 1384 6255 2957 486 6256 2952 1385 6257 3069 1392 6261 3068 2626 6262 3087 829 6263 3087 829 6264 3062 1354 6265 3070 1391 6266 3221 1400 6294 3216 1168 6295 3217 1401 6296 3073 1959 6333 3080 653 6334 3088 994 6335 3079 1405 6336 3077 1012 6337 3072 1404 6338 3072 1404 6339 3073 1959 6340 3088 994 6341 3038 1409 6348 3040 1961 6349 3043 1410 6350 3327 1433 6516 3328 1860 6517 3320 1434 6518 3336 1435 6519 3326 2660 6520 3327 1433 6521 3081 1348 6522 3086 993 6523 3088 994 6524 3249 2662 6543 3248 2109 6544 3243 931 6545 3248 2109 6546 3247 2108 6547 3243 931 6548 3243 931 6549 3244 2663 6550 3249 2662 6551 3244 2663 6552 3245 1460 6553 3250 1461 6554 3249 2662 6555 3244 2663 6556 3250 1461 6557 3010 2668 6603 3016 1493 6604 3015 60 6605 3014 486 6606 3018 486 6607 3013 1490 6608 3013 1490 6609 3010 2668 6610 3015 60 6611 3011 1491 6612 3031 2018 6613 3017 1492 6614 3031 2018 6615 3012 486 6616 3017 1492 6617 3012 486 6618 3018 486 6619 3017 1492 6620 3016 1493 6621 3010 2668 6622 3011 1491 6623 2825 1505 6630 2826 1866 6631 2822 1506 6632 3034 1568 6768 3036 1588 6769 3039 1569 6770 2819 1044 6771 2827 2690 6772 2820 1574 6773 3229 1575 6774 3230 2691 6775 3225 1576 6776 2959 1584 6783 2966 2694 6784 2967 1585 6785 2967 1585 6786 2968 1360 6787 2960 1586 6788 3038 1409 6789 3044 1409 6790 3039 1569 6791 3174 1590 6792 3169 2695 6793 3176 1589 6794 3169 2695 6795 3170 2696 6796 3176 1589 6797 3176 1589 6798 3175 71 6799 3173 892 6800 3182 1600 6834 3183 1871 6835 3184 1601 6836 2959 1584 7401 2987 1210 7402 2988 1212 7403 2872 1732 7587 2873 1839 7588 2867 1260 7589 3298 1775 7866 3297 2873 7867 3304 799 7868 3297 2873 7869 3290 1981 7870 3304 799 7871 2959 1584 7872 2978 1495 7873 2985 1778 7874 2849 1780 7875 2846 1782 7876 2845 1781 7877 2850 1783 7878 2851 2874 7879 2842 2875 7880 2842 2875 7881 2846 1782 7882 2850 1783 7883 3096 1795 7899 3097 2291 7900 3094 353 7901 3330 1797 7902 3331 2063 7903 3332 1798 7904 2801 1329 7965 2800 2884 7966 2808 2885 7967 2800 2884 7968 2807 2886 7969 2808 2885 7970 2804 1810 7971 2805 486 7972 2818 1336 7973 2801 1329 7974 2808 2885 7975 2804 1810 7976 2807 2886 7977 2800 2884 7978 2803 1812 7979 2802 486 7980 2805 486 7981 2806 1811 7982 2806 1811 7983 2807 2886 7984 2803 1812 7985 3334 1834 8001 3336 1435 8002 3337 1835 8003 2871 1838 8007 2867 1260 8008 2873 1839 8009 2892 1847 8010 2888 2888 8011 2895 1843 8012 2888 2888 8013 2887 1841 8014 2895 1843 8015 2887 1841 8016 2891 2889 8017 2894 1842 8018 2927 1854 8064 2926 2897 8065 2925 1855 8066 3323 1859 8070 3324 1267 8071 3321 2898 8072 3330 1797 8073 3320 1434 8074 3328 1860 8075 3323 1859 8076 3321 2898 8077 3330 1797 8078 2820 1574 8088 2827 2690 8089 2829 1864 8090 2825 1505 8091 2828 1865 8092 2829 1864 8093 2870 1840 8094 2875 1018 8095 2877 341 8096 2878 1867 8097 2872 1732 8098 2874 1732 8099 2878 1867 8100 2879 1868 8101 2880 1869 8102 2905 858 8103 2929 1871 8104 2927 1854 8105 2905 858 8106 2928 1198 8107 2934 1197 8108 3037 1570 8112 3035 1877 8113 3033 1875 8114 3041 1876 8115 3033 1875 8116 3035 1877 8117 3083 1347 8118 3084 2621 8119 3085 1879 8120 3091 827 8121 3089 1880 8122 3085 1879 8123 3116 1884 8124 3115 959 8125 3111 2902 8126 3115 959 8127 3110 958 8128 3111 2902 8129 3111 2902 8130 3112 1882 8131 3116 1884 8132 3146 1885 8133 3136 964 8134 3137 1886 8135 3142 1079 8136 3140 1888 8137 3141 963 8138 3143 1887 8139 3144 1887 8140 3140 1888 8141 3138 995 8142 3147 2903 8143 3145 1889 8144 3177 1602 8145 3180 1886 8146 3179 964 8147 3178 995 8148 3179 964 8149 3180 1886 8150 3185 1890 8151 3188 1887 8152 3184 1601 8153 3185 1890 8154 3186 997 8155 3187 996 8156 3196 2904 8157 3199 2905 8158 3197 1893 8159 3199 2905 8160 3200 1891 8161 3197 1893 8162 3199 2905 8163 3196 2904 8164 3198 1895 8165 3196 2904 8166 3212 1061 8167 3198 1895 8168 3195 1975 8169 3202 486 8170 3203 1894 8171 3212 1061 8172 3195 1975 8173 3203 1894 8174 3215 1167 8175 3213 1169 8176 3214 1896 8177 3214 1896 8178 3218 1062 8179 3219 1898 8180 3221 1400 8181 3222 1402 8182 3224 1899 8183 3240 1903 8184 3241 2906 8185 3236 2907 8186 3241 2906 8187 3237 2908 8188 3236 2907 8189 3236 2907 8190 3235 2909 8191 3240 1903 8192 3235 2909 8193 3234 1901 8194 3240 1903 8195 3239 1902 8196 3234 1901 8197 3233 1233 8198 3233 1233 8199 3232 2910 8200 3238 1904 8201 3232 2910 8202 3231 2911 8203 3242 2912 8204 3238 1904 8205 3232 2910 8206 3242 2912 8207 3231 2911 8208 3237 2908 8209 3241 2906 8210 3231 2911 8211 3241 2906 8212 3242 2912 8213 3273 780 8214 3272 1978 8215 3271 1905 8216 3277 1906 8217 3278 1979 8218 3279 1907 8219 3301 1886 8220 3302 1911 8221 3307 1909 8222 3310 1910 8223 3307 1909 8224 3302 1911 8225 3309 1913 8226 3310 1910 8227 3308 1912 8228 3336 1435 8229 3339 2100 8230 3340 1914 8231 3276 1908 8262 3279 1907 8263 3270 585 8264 3104 1921 8268 3105 2126 8269 3101 1919 8270 3105 2126 8271 3102 2400 8272 3101 1919 8273 2925 1855 8277 2926 2897 8278 2932 1930 8279 2980 1937 8286 2979 1208 8287 2981 904 8288 3253 779 8295 3274 1899 8296 3270 585 8297 3041 1876 8340 3042 1878 8341 3043 1410 8342 3227 1962 8346 3228 2921 8347 3229 1575 8348 3192 1973 8361 3191 2459 8362 3194 1052 8363 3195 1975 8364 3211 1063 8365 3204 1976 8366 3277 1906 8370 3271 1905 8371 3272 1978 8372 2894 1842 8373 2891 2889 8374 2890 1844 8375 3290 1981 8376 3297 2873 8377 3296 1982 8378 3319 2004 8478 3315 2001 8479 3312 2005 8480 3315 2001 8481 3313 2000 8482 3312 2005 8483 3311 2006 8484 3317 2003 8485 3318 2940 8486 3311 2006 8487 3318 2940 8488 3319 2004 8489 3304 799 8490 3306 801 8491 3299 963 8492 3330 1797 8727 3334 1834 8728 3335 1836 8729 3223 1900 8730 3224 1899 8731 3219 1898 8732 2812 1045 8805 2824 1338 8806 2822 1506 8807 3299 963 8844 3301 1886 8845 3300 964 8846 2982 1209 8853 2983 1779 8854 2985 1778 8855 2931 1931 8856 2932 1930 8857 2933 2096 8858 3145 1889 8889 3147 2903 8890 3144 1887 8891 3338 2099 8892 3333 2117 8893 3340 1914 8894 3252 1458 8946 3246 1457 8947 3247 2108 8948 2875 1018 8961 2876 1870 8962 2880 1869 8963 3333 2117 8973 3338 2099 8974 3329 1799 8975 2893 1846 8985 2892 1847 8986 2895 1843 8987 3103 676 9000 3106 675 9001 3105 2126 9002 3403 3008 9003 3404 50 9004 3407 3009 9005 3406 50 9006 3405 2195 9007 3401 50 9008 3402 2148 9009 3403 3008 9010 3407 3009 9011 3407 3009 9012 3406 50 9013 3402 2148 9014 3426 2150 9015 3431 2167 9016 3433 2151 9017 3434 2152 9018 3427 2185 9019 3426 2150 9020 3417 2160 9027 3410 3011 9028 3413 2177 9029 3410 3011 9030 3411 2176 9031 3413 2177 9032 3423 3012 9036 3421 3013 9037 3422 3014 9038 3426 2150 9039 3419 2182 9040 3425 2181 9041 3424 2184 9042 3423 3012 9043 3422 3014 9044 3426 2150 9045 3425 2181 9046 3424 2184 9047 3424 2184 9048 3422 3014 9049 3418 486 9050</p>
        </triangles>
      </mesh>
    </geometry>
  </library_geometries>
  <library_visual_scenes>
    <visual_scene id="Scene" name="Scene">
      <node id="tmp_export_fifth_wheel_base" name="tmp_export_fifth_wheel_base" type="NODE">
        <matrix sid="transform">1 0 0 0 0 1 0 0 0 0 1 0 0 0 0 1</matrix>
        <instance_geometry url="#fifth_wheel_base-mesh" name="tmp_export_fifth_wheel_base">
          <bind_material>
            <technique_common>
              <instance_material symbol="mat_13-material" target="#mat_13-material">
                <bind_vertex_input semantic="SM_ScaniaR620-mesh-map-0" input_semantic="TEXCOORD" input_set="0"/>
              </instance_material>
              <instance_material symbol="mat_0-material" target="#mat_0-material">
                <bind_vertex_input semantic="SM_ScaniaR620-mesh-map-0" input_semantic="TEXCOORD" input_set="0"/>
              </instance_material>
              <instance_material symbol="mat_7-material" target="#mat_7-material">
                <bind_vertex_input semantic="SM_ScaniaR620-mesh-map-0" input_semantic="TEXCOORD" input_set="0"/>
              </instance_material>
              <instance_material symbol="mat_9-material" target="#mat_9-material">
                <bind_vertex_input semantic="SM_ScaniaR620-mesh-map-0" input_semantic="TEXCOORD" input_set="0"/>
              </instance_material>
              <instance_material symbol="mat_10-material" target="#mat_10-material">
                <bind_vertex_input semantic="SM_ScaniaR620-mesh-map-0" input_semantic="TEXCOORD" input_set="0"/>
              </instance_material>
              <instance_material symbol="mat_26-material" target="#mat_26-material">
                <bind_vertex_input semantic="SM_ScaniaR620-mesh-map-0" input_semantic="TEXCOORD" input_set="0"/>
              </instance_material>
              <instance_material symbol="mat_27-material" target="#mat_27-material">
                <bind_vertex_input semantic="SM_ScaniaR620-mesh-map-0" input_semantic="TEXCOORD" input_set="0"/>
              </instance_material>
              <instance_material symbol="mat_11-material" target="#mat_11-material">
                <bind_vertex_input semantic="SM_ScaniaR620-mesh-map-0" input_semantic="TEXCOORD" input_set="0"/>
              </instance_material>
              <instance_material symbol="mat_2-material" target="#mat_2-material">
                <bind_vertex_input semantic="SM_ScaniaR620-mesh-map-0" input_semantic="TEXCOORD" input_set="0"/>
              </instance_material>
              <instance_material symbol="mat_28-material" target="#mat_28-material">
                <bind_vertex_input semantic="SM_ScaniaR620-mesh-map-0" input_semantic="TEXCOORD" input_set="0"/>
              </instance_material>
              <instance_material symbol="mat_3-material" target="#mat_3-material">
                <bind_vertex_input semantic="SM_ScaniaR620-mesh-map-0" input_semantic="TEXCOORD" input_set="0"/>
              </instance_material>
              <instance_material symbol="mat_29-material" target="#mat_29-material">
                <bind_vertex_input semantic="SM_ScaniaR620-mesh-map-0" input_semantic="TEXCOORD" input_set="0"/>
              </instance_material>
              <instance_material symbol="mat_30-material" target="#mat_30-material">
                <bind_vertex_input semantic="SM_ScaniaR620-mesh-map-0" input_semantic="TEXCOORD" input_set="0"/>
              </instance_material>
              <instance_material symbol="mat_31-material" target="#mat_31-material">
                <bind_vertex_input semantic="SM_ScaniaR620-mesh-map-0" input_semantic="TEXCOORD" input_set="0"/>
              </instance_material>
              <instance_material symbol="mat_32-material" target="#mat_32-material">
                <bind_vertex_input semantic="SM_ScaniaR620-mesh-map-0" input_semantic="TEXCOORD" input_set="0"/>
              </instance_material>
              <instance_material symbol="mat_24-material" target="#mat_24-material">
                <bind_vertex_input semantic="SM_ScaniaR620-mesh-map-0" input_semantic="TEXCOORD" input_set="0"/>
              </instance_material>
              <instance_material symbol="mat_33-material" target="#mat_33-material">
                <bind_vertex_input semantic="SM_ScaniaR620-mesh-map-0" input_semantic="TEXCOORD" input_set="0"/>
              </instance_material>
              <instance_material symbol="mat_34-material" target="#mat_34-material">
                <bind_vertex_input semantic="SM_ScaniaR620-mesh-map-0" input_semantic="TEXCOORD" input_set="0"/>
              </instance_material>
              <instance_material symbol="mat_12-material" target="#mat_12-material">
                <bind_vertex_input semantic="SM_ScaniaR620-mesh-map-0" input_semantic="TEXCOORD" input_set="0"/>
              </instance_material>
              <instance_material symbol="mat_1-material" target="#mat_1-material">
                <bind_vertex_input semantic="SM_ScaniaR620-mesh-map-0" input_semantic="TEXCOORD" input_set="0"/>
              </instance_material>
              <instance_material symbol="mat_4-material" target="#mat_4-material">
                <bind_vertex_input semantic="SM_ScaniaR620-mesh-map-0" input_semantic="TEXCOORD" input_set="0"/>
              </instance_material>
              <instance_material symbol="mat_5-material" target="#mat_5-material">
                <bind_vertex_input semantic="SM_ScaniaR620-mesh-map-0" input_semantic="TEXCOORD" input_set="0"/>
              </instance_material>
              <instance_material symbol="mat_6-material" target="#mat_6-material">
                <bind_vertex_input semantic="SM_ScaniaR620-mesh-map-0" input_semantic="TEXCOORD" input_set="0"/>
              </instance_material>
              <instance_material symbol="mat_15-material" target="#mat_15-material">
                <bind_vertex_input semantic="SM_ScaniaR620-mesh-map-0" input_semantic="TEXCOORD" input_set="0"/>
              </instance_material>
              <instance_material symbol="mat_16-material" target="#mat_16-material">
                <bind_vertex_input semantic="SM_ScaniaR620-mesh-map-0" input_semantic="TEXCOORD" input_set="0"/>
              </instance_material>
              <instance_material symbol="mat_17-material" target="#mat_17-material">
                <bind_vertex_input semantic="SM_ScaniaR620-mesh-map-0" input_semantic="TEXCOORD" input_set="0"/>
              </instance_material>
              <instance_material symbol="mat_18-material" target="#mat_18-material">
                <bind_vertex_input semantic="SM_ScaniaR620-mesh-map-0" input_semantic="TEXCOORD" input_set="0"/>
              </instance_material>
              <instance_material symbol="mat_19-material" target="#mat_19-material">
                <bind_vertex_input semantic="SM_ScaniaR620-mesh-map-0" input_semantic="TEXCOORD" input_set="0"/>
              </instance_material>
              <instance_material symbol="mat_20-material" target="#mat_20-material">
                <bind_vertex_input semantic="SM_ScaniaR620-mesh-map-0" input_semantic="TEXCOORD" input_set="0"/>
              </instance_material>
              <instance_material symbol="mat_21-material" target="#mat_21-material">
                <bind_vertex_input semantic="SM_ScaniaR620-mesh-map-0" input_semantic="TEXCOORD" input_set="0"/>
              </instance_material>
              <instance_material symbol="mat_22-material" target="#mat_22-material">
                <bind_vertex_input semantic="SM_ScaniaR620-mesh-map-0" input_semantic="TEXCOORD" input_set="0"/>
              </instance_material>
              <instance_material symbol="mat_23-material" target="#mat_23-material">
                <bind_vertex_input semantic="SM_ScaniaR620-mesh-map-0" input_semantic="TEXCOORD" input_set="0"/>
              </instance_material>
              <instance_material symbol="mat_25-material" target="#mat_25-material">
                <bind_vertex_input semantic="SM_ScaniaR620-mesh-map-0" input_semantic="TEXCOORD" input_set="0"/>
              </instance_material>
            </technique_common>
          </bind_material>
        </instance_geometry>
      </node>
    </visual_scene>
  </library_visual_scenes>
  <scene>
    <instance_visual_scene url="#Scene"/>
  </scene>
</COLLADA>